name,price,type,max_motherboard_form_factor,color,included_psu_wattage,has_included_psu,side_panel,external_volume,internal_35_bays,price_available,brand
SHARKOON S1000,,MicroATX Mini Tower,Micro ATX,Black,,False,Solid,35.5,2,False,SHARKOON
Aerocool Aero-500,,ATX Mid Tower,ATX,White / Black,,False,Solid,45.1,4,False,Aerocool
Thermaltake The Tower 100,,Mini ITX Tower,Mini ITX,Black,,False,Tempered Glass,32.7,2,False,Thermaltake
Lian Li A3-mATX,1459.6,MicroATX Mini Tower,Micro ATX,Black,,False,Mesh,26.3,1,True,Lian Li
MSI MAG PANO M100R PZ,2599.8,MicroATX Mid Tower,Micro ATX,White,,False,Tempered Glass,41.9,1,True,MSI
Topower TP-1687BS-400,,MicroATX Desktop,Micro ATX,Black / Silver,400.0,True,Solid,15.4,1,False,Topower
YEYIAN Mirage X,5609.0,ATX Full Tower,ATX,Black,,False,Tempered Glass,60.4,1,True,YEYIAN
Jonsbo TR03-G,,ATX Mid Tower,ATX,Silver,,False,Tempered Glass,95.3,3,False,Jonsbo
Silverstone TJ09-B,,ATX Full Tower,ATX,Black,,False,Solid,66.6,6,False,SilverStone
PC Cooler CPS C3D310 ARGB,,MicroATX Mid Tower,Micro ATX,Black,,False,Tempered Glass,36.6,2,False,PC Cooler
Corsair 2000D AIRFLOW,2799.8,Mini ITX Tower,Mini ITX,Black,,False,Mesh,24.8,0,True,Corsair
Lian Li PC-Q08,,Mini ITX Tower,Mini ITX,Silver,,False,Solid,21.2,6,False,Lian Li
be quiet! Silent Base 801,,ATX Mid Tower,ATX,Black,,False,Solid,,5,False,be quiet!
HEC 6C11BBX585,,ATX Mid Tower,ATX,Black,585.0,True,Solid,38.4,3,False,HEC
DIYPC Skyline-06,,ATX Full Tower,ATX,Black / Blue,,False,Acrylic,,3,False,DIYPC
GameMax Spark,,MicroATX Mid Tower,Micro ATX,White,,False,Tempered Glass,26.5,1,False,GameMax
Lian Li LANCOOL 206,,ATX Mid Tower,ATX,Black,,False,Tempered Glass,49.6,3,False,Lian Li
Linkworld 43706-228FU+P04,,MicroATX Mid Tower,Micro ATX,Black,430.0,True,Solid,23.2,2,False,Linkworld
Chieftec BT-02B-U3-250VS (230V),3315.6,Mini ITX Tower,Mini ITX,,250.0,True,Solid,9.6,1,True,Chieftec
DIYPC ARGB-N1,1439.8,MicroATX Mid Tower,Micro ATX,White,,False,Tempered Glass,44.7,2,True,DIYPC
MagniumGear Neo-G Mini V2,,Mini ITX Tower,Mini ITX,Black,,False,Tempered Glass,,1,False,MagniumGear
Mars Gaming MC-CORE,2076.0,MicroATX Mid Tower,Micro ATX,Black,,False,Tempered Glass,14.6,3,True,Mars Gaming
Zalman Z7,,ATX Mid Tower,ATX,Black,,False,Solid,48.4,5,False,Zalman
BitFenix Colossus Micro,4600.0,MicroATX Mid Tower,Micro ATX,Black,,False,Solid,30.6,4,True,BitFenix
Corsair iCUE LINK 3500X RGB,3199.8,ATX Mid Tower,ATX,Black,,False,Tempered Glass,55.9,2,True,Corsair
Antec Performance 1 SILENT,,ATX Full Tower,ATX,Black / Silver,,False,Solid,62.7,2,False,Antec
Cooler Master HAF 500,1999.8,ATX Mid Tower,ATX,Black,,False,Tempered Glass,,2,True,Cooler Master
Athenatech A1089BB.150,,Mini ITX Tower,Mini ITX,Black,150.0,True,Solid,9.9,1,False,Athenatech
GameMax Gamboge,,ATX Mid Tower,ATX,Black / Orange,,False,Acrylic,46.4,2,False,GameMax
Thermaltake SD101,,Mini ITX Tower,Mini ITX,Black,180.0,True,Acrylic,8.2,1,False,Thermaltake
Silverstone PS07B,,MicroATX Mini Tower,Micro ATX,Black,,False,Solid,31.4,5,False,SilverStone
Montech Air 900 ARGB,,ATX Mid Tower,ATX,White,,False,Tempered Glass,44.0,2,False,Montech
Thermaltake AX700,8099.6,ATX Full Tower,ATX,White,,False,Mesh,141.4,18,True,Thermaltake
Raidmax Icecube,,MicroATX Desktop,Micro ATX,Black,,False,Solid,33.1,4,False,Raidmax
Deepcool CH160,,Mini ITX Desktop,Mini ITX,Black,,False,Tempered Glass,19.1,1,False,DeepCool
Phanteks Eclipse P400S,,ATX Mid Tower,ATX,Black / White,,False,Tinted Tempered Glass,45.9,2,False,Phanteks
PC Cooler I100 PRO MESH,2033.8,Mini ITX Desktop,Mini ITX,Gray,,False,Mesh,7.5,1,True,PC Cooler
Razer Tomahawk Mini-ITX,3599.8,Mini ITX Tower,Mini ITX,Black / Green,,False,Tinted Tempered Glass,,0,True,Razer
Cooler Master MasterBox Lite 3.1,,MicroATX Mid Tower,Micro ATX,Black,,False,Acrylic,36.1,2,False,Cooler Master
Rosewill R379-M,,MicroATX Slim,Micro ATX,Black / Silver,300.0,True,Solid,12.9,1,False,Rosewill
Ocypus Gamma C50,,MicroATX Mini Tower,Micro ATX,Black,,False,Tempered Glass,34.6,2,False,Ocypus
Aerocool P7-C1,,ATX Mid Tower,ATX,White,,False,Acrylic,60.2,2,False,Aerocool
Fractal Design Terra,3599.8,Mini ITX Desktop,Mini ITX,Black / Brown,,False,Mesh,11.4,0,True,Fractal Design
Vetroo M03,,MicroATX Mini Tower,Micro ATX,Black,,False,Tempered Glass,36.1,2,False,Vetroo
Raidmax Magnus,,ATX Mid Tower,ATX,White / Black,,False,Tempered Glass,85.7,2,False,Raidmax
Sigma ORCA-B,,ATX Mid Tower,ATX,Black / Silver,,False,Solid,38.9,4,False,Sigma
Corsair 6500D Airflow,3002.0,ATX Mid Tower,ATX,White,,False,Tempered Glass,78.3,2,True,Corsair
Athena Power CA-1015CR47,,MicroATX Slim,Micro ATX,Black / Red,470.0,True,Solid,18.1,1,False,Athena Power
GAMDIAS ATHENA E1,,ATX Mid Tower,ATX,Black,,False,Tempered Glass,,2,False,GAMDIAS
Ultra Rogue M925,,ATX Full Tower,ATX,Black,,False,Solid,61.9,8,False,Ultra
CiT MTX-005B,,Mini ITX Tower,Mini ITX,Black,300.0,True,Solid,,1,False,CiT
NZXT H710i,,ATX Mid Tower,ATX,White,,False,Tempered Glass,58.6,4,False,NZXT
SAMA SV01,1599.8,ATX Mid Tower,ATX,Black,,False,Tempered Glass,43.5,2,True,SAMA
Linkworld 43716-128FU+P04,,MicroATX Mini Tower,Micro ATX,Black / Silver,430.0,True,Solid,23.2,1,False,Linkworld
FSP Group S380,,MicroATX Mini Tower,Micro ATX,Black,,False,Tempered Glass,48.2,2,False,FSP
Chieftec CI-01B-OP,3697.6,MicroATX Desktop,Micro ATX,Black,,False,Solid,33.6,2,True,Chieftec
Jonsbo D31 MESH,1759.8,MicroATX Mini Tower,Micro ATX,Black,,False,Tempered Glass,31.3,1,True,Jonsbo
DIYPC S280,,ATX Mid Tower,ATX,White,,False,Acrylic,,4,False,DIYPC
Antec P6,,MicroATX Mid Tower,Micro ATX,Black,,False,Tempered Glass,38.1,2,False,Antec
Jonsbo T6,,Mini ITX Tower,Mini ITX,Black / Brown,,False,Solid,13.7,0,False,Jonsbo
Sentey Ss6-2441,,MicroATX Mini Tower,Micro ATX,White,,False,Solid,,2,False,Sentey
Nanoxia Rexgear 1,,MicroATX Desktop,Micro ATX,Black,,False,Acrylic,,3,False,Nanoxia
NZXT H510i,,ATX Mid Tower,ATX,White,,False,Tempered Glass,41.3,2,False,NZXT
Antec Minuet,,MicroATX Slim,Micro ATX,Black / White,350.0,True,Solid,13.3,1,False,Antec
NZXT Duet,,HTPC,Mini ITX,Black / Silver,,False,Solid,30.3,1,False,NZXT
Fractal Design Define 7 Dark,4099.8,ATX Mid Tower,ATX,Black,,False,Tinted Tempered Glass,62.4,6,True,Fractal Design
Silverstone PS09B,,MicroATX Mid Tower,Micro ATX,Black,,False,Solid,24.6,4,False,SilverStone
Antec CX600M ARGB,1614.6,MicroATX Mini Tower,Micro ATX,Black,,False,Tempered Glass,46.8,1,True,Antec
Cooler Master MasterBox NR200,1345.8,Mini ITX Desktop,Mini ITX,Black,,False,Solid,20.3,2,True,Cooler Master
Tecware Forge M2,,MicroATX Mid Tower,Micro ATX,Black,,False,Tempered Glass,27.3,2,False,Tecware
Xion XON-720P,,MicroATX Slim,Micro ATX,White,300.0,True,Solid,10.4,1,False,Xion
nMEDIAPC HTPC 1800B,,HTPC,Mini ITX,Black,,False,Solid,5.8,0,False,nMEDIAPC
Antec Mini P180,,MicroATX Mini Tower,Micro ATX,White,,False,Solid,39.7,5,False,Antec
Cooler Master MasterBox MB600L V2 w/ODD,,ATX Mid Tower,ATX,Black,,False,Tempered Glass,42.7,2,False,Cooler Master
Lian Li PC-P50,,ATX Mid Tower,ATX,Black,,False,Solid,50.8,3,False,Lian Li
KOLINK Rocket Complex,,Mini ITX Tower,Mini ITX,Black,,False,Mesh,20.4,0,False,KOLINK
Fractal Design Ridge PCIe 4.0,2859.4,Mini ITX Tower,Mini ITX,White,,False,Mesh,16.3,0,True,Fractal Design
Phanteks Mini XL,,MicroATX Desktop,Micro ATX,Black,,False,Acrylic,,6,False,Phanteks
Lian Li PC-T7,,Mini ITX Test Bench,Mini ITX,Black,,False,Solid,18.6,1,False,Lian Li
Enermax MarbleShell MS21 RGB,,MicroATX Mid Tower,Micro ATX,White,,False,Tempered Glass,33.8,2,False,Enermax
Jonsbo TR03-A,,ATX Mid Tower,ATX,Black,,False,Tempered Glass,95.3,3,False,Jonsbo
CiT F3,,MicroATX Mini Tower,Micro ATX,Black / Blue,,False,Acrylic,,2,False,CiT
APNX C1-R,,ATX Mid Tower,ATX,Blue,,False,Tempered Glass,53.6,3,False,APNX
Raidmax ATX-615WUP,,ATX Mid Tower,ATX,Black / Blue,500.0,True,Solid,47.7,4,False,Raidmax
Asus ROG Strix Helios,4699.39,ATX Full Tower,ATX,Black,,False,Tempered Glass,83.5,2,True,ASUS
Thermaltake Chaser A31 Snow White,,ATX Mid Tower,ATX,White,,False,Acrylic,52.7,6,False,Thermaltake
Cougar MX410 MESH-G RGB,,ATX Mid Tower,ATX,Black,,False,Tempered Glass,36.3,2,False,Cougar
Lian Li PC-Q04,,Mini ITX Tower,Mini ITX,Silver,,False,Solid,,2,False,Lian Li
RIOTORO CR400,,ATX Mid Tower,ATX,Black,,False,Acrylic,43.0,2,False,RIOTORO
Thermaltake Level 20 VT,,MicroATX Desktop,Micro ATX,Black / Silver,,False,Tempered Glass,49.4,3,False,Thermaltake
BitFenix Colossus,,ATX Full Tower,ATX,White,,False,Solid,79.0,7,False,BitFenix
Zalman P10,,MicroATX Mini Tower,Micro ATX,Black,,False,Tempered Glass,,2,False,Zalman
Topower TP-6208BB-450,,ATX Mid Tower,ATX,Black / Silver,450.0,True,Solid,33.4,6,False,Topower
Sunbeam IC-EVO,,ATX Mid Tower,ATX,Black,,False,Acrylic,38.5,5,False,Sunbeam
ADATA XPG INVADER,1698.6,ATX Mid Tower,ATX,Black,,False,Tempered Glass,,2,True,XPG
Rosewill THOR V2,,ATX Full Tower,ATX,White / Black,,False,Solid,74.8,6,False,Rosewill
Zalman Z1 Iceberg,,MicroATX Mid Tower,Micro ATX,Black,,False,Tempered Glass,38.5,2,False,Zalman
Corsair 4000D Airflow,,ATX Mid Tower,ATX,White,850.0,True,Tempered Glass,48.6,2,False,Corsair
Corsair Crystal 280X RGB,4799.8,MicroATX Mid Tower,Micro ATX,White,,False,Tempered Glass,,2,True,Corsair
DIYPC FM08,,ATX Mid Tower,ATX,Black / Blue,,False,Solid,33.8,2,False,DIYPC
In Win 901,,Mini ITX Tower,Mini ITX,Black / Gold,,False,Tempered Glass,,2,False,In Win
Apevia X-Telstar-Jr G-Type,,ATX Mid Tower,ATX,Silver,,False,Acrylic,42.3,3,False,Apevia
MagniumGear Neo Mini V2,,Mini ITX Desktop,Mini ITX,Black,,False,Tempered Glass,,1,False,MagniumGear
NZXT S340 Elite,,ATX Mid Tower,ATX,Black / Red,,False,Tempered Glass,41.6,2,False,NZXT
Silverstone ALTA G1M,3674.2,MicroATX Mid Tower,Micro ATX,White,,False,Solid,,4,True,SilverStone
Streacom DA2,,Mini ITX Desktop,Mini ITX,Black,,False,Solid,,3,False,Streacom
DIYPC Alpha-DB6,,ATX Test Bench,ATX,Black,,False,Solid,21.8,0,False,DIYPC
HEC 98R9BB,,ATX Full Tower,ATX,Black,,False,Solid,78.6,5,False,HEC
SSUPD Meshroom D,,Mini ITX Desktop,Mini ITX,White,,False,Mesh,15.0,3,False,SSUPD
Lian Li PC-A61,,ATX Mid Tower,ATX,Black,,False,Acrylic,57.4,6,False,Lian Li
Xigmatek GIGAS,,MicroATX Desktop,Micro ATX,Silver,,False,Solid,35.2,6,False,Xigmatek
Silverstone SG13 V2,1482.6,Mini ITX Tower,Mini ITX,Black,,False,Solid,11.5,1,True,SilverStone
In Win D-FRAME,,ATX Desktop,ATX,Red,,False,Acrylic,97.5,3,False,In Win
Noua Fobia L8,,MicroATX Mid Tower,Micro ATX,White,,False,Tempered Glass,32.7,2,False,Noua
Lian Li PC-Q33,,Mini ITX Tower,Mini ITX,Black,,False,Solid,18.1,2,False,Lian Li
Deepcool MATREXX 30,,MicroATX Mini Tower,Micro ATX,Black,,False,Tempered Glass,29.6,3,False,DeepCool
Thermaltake Divider 170 TG ARGB,,MicroATX Mid Tower,Micro ATX,Black,,False,Tempered Glass,36.5,2,False,Thermaltake
Gigabyte C301 GLASS,1999.8,ATX Mid Tower,ATX,Black,,False,Tempered Glass,50.6,2,True,Gigabyte
Logisys CS369BK,,ATX Mid Tower,ATX,Black,480.0,True,Solid,,4,False,Logisys
RAIJINTEK PAN Slim,,Mini ITX Desktop,Mini ITX,White,,False,Solid,38.7,2,False,RAIJINTEK
Anidees AI CRYSTAL XL PRO LITE,6197.79,ATX Full Tower,ATX,Black,,False,Tempered Glass,,0,True,Anidees
Cougar Gemini M,3188.6,MicroATX Mini Tower,Micro ATX,Black,,False,Tempered Glass,35.7,2,True,Cougar
Raidmax Element,,Mini ITX Desktop,Mini ITX,Black / Gray,,False,Solid,,2,False,Raidmax
Cougar DarkBlader-G,,ATX Full Tower,ATX,Black / Silver,,False,Tempered Glass,,4,False,Cougar
Deepcool MORPHEUS,,ATX Full Tower,ATX,White,,False,Tempered Glass,72.7,2,False,DeepCool
SSUPD Meshroom S V2 w/PCIe 4.0 Riser,,MicroATX Mini Tower,Micro ATX,Gray,,False,Mesh,14.9,2,False,SSUPD
Phanteks Eclipse P400,,ATX Mid Tower,ATX,Black / White,,False,Tinted Tempered Glass,45.9,2,False,Phanteks
Apevia Prodigy,,MicroATX Mini Tower,Micro ATX,White,,False,Tempered Glass,32.5,2,False,Apevia
darkFlash DK415P,,MicroATX Mini Tower,Micro ATX,Black,,False,Tempered Glass,39.7,2,False,darkFlash
Cooler Master Elite 301,999.8,MicroATX Mid Tower,Micro ATX,Black,,False,Tempered Glass,34.1,1,True,Cooler Master
Athena Power CA-GSB01DA,,ATX Mid Tower,ATX,Black,,False,Acrylic,41.1,4,False,Athena Power
Cubitek Mini Cube,,Mini ITX Tower,Mini ITX,Black,,False,Solid,,3,False,Cubitek
Phanteks XT M3,,MicroATX Mid Tower,Micro ATX,Black,,False,Tempered Glass,40.0,1,False,Phanteks
YEYIAN Hussar,,MicroATX Mini Tower,Micro ATX,Black,,False,Tempered Glass,26.6,1,False,YEYIAN
ADATA XPG VALOR AIR,,ATX Mid Tower,ATX,Black,,False,Tempered Glass,35.8,3,False,XPG
PC Cooler IE200,,ATX Mid Tower,ATX,White,,False,Tempered Glass,48.1,2,False,PC Cooler
Sigma Pluto-WB,,ATX Mid Tower,ATX,Black,,False,Acrylic,41.5,5,False,Sigma
Aerocool QS-102,,HTPC,Mini ITX,Black,,False,Solid,,0,False,Aerocool
Lian Li PC-P80,,ATX Full Tower,ATX,Black,,False,Solid,88.7,6,False,Lian Li
Xigmatek Asgard II,,ATX Mid Tower,ATX,Black / Silver,,False,Solid,35.5,5,False,Xigmatek
Asus A31,1499.6,ATX Mid Tower,ATX,Black,,False,Tempered Glass,52.9,2,True,ASUS
Logisys CS6801BK,,MicroATX Mini Tower,Micro ATX,Black,350.0,True,Solid,12.0,1,False,Logisys
Athena Power CA-1015CR25,,MicroATX Slim,Micro ATX,Black / Red,250.0,True,Solid,18.1,1,False,Athena Power
Lian Li PC-Q09F,,Mini ITX Desktop,Mini ITX,Silver,150.0,True,Solid,6.3,0,False,Lian Li
Apex DM-317-A,,MicroATX Slim,Micro ATX,Black / Silver,275.0,True,Solid,12.9,1,False,Apex
mean:it 5PM,,ATX Mid Tower,ATX,Black / Red,,False,Tempered Glass,51.5,3,False,mean:it
Thermaltake Divider 200 TG Air Snow,2999.2,MicroATX Mini Tower,Micro ATX,White,,False,Tempered Glass,51.6,3,True,Thermaltake
Thermaltake Suppressor F1,,Mini ITX Desktop,Mini ITX,Black,,False,Acrylic,,2,False,Thermaltake
1STPLAYER T3,,MicroATX Mid Tower,Micro ATX,Black,,False,Tempered Glass,32.4,2,False,1STPLAYER
SilentiumPC Armis AR5,,ATX Mid Tower,ATX,Black,,False,Tempered Glass,45.8,2,False,SilentiumPC
SSUPD Meshroom S,,ATX Mini Tower,ATX,Gray,,False,Mesh,14.9,0,False,SSUPD
Diablotek ELITE,,ATX Mid Tower,ATX,Black,450.0,True,Solid,27.9,2,False,Diablotek
Raidmax Vampire,,ATX Full Tower,ATX,White / Blue,,False,Acrylic,80.5,7,False,Raidmax
GAMDIAS ARGUS M1,,ATX Mid Tower,ATX,Black,,False,Tempered Glass,43.5,2,False,GAMDIAS
ADATA XPG Battlecruiser II,3599.8,ATX Mid Tower,ATX,White,,False,Tempered Glass,62.6,5,True,XPG
In Win 503,,ATX Mid Tower,ATX,Black / Red,,False,Acrylic,,4,False,In Win
RAIJINTEK PAN Slim,,Mini ITX Desktop,Mini ITX,Black,,False,Solid,38.7,2,False,RAIJINTEK
FormD T1 V2.1 CNC Anodized,,Mini ITX Desktop,Mini ITX,Black,,False,Mesh,,0,False,FormD
Thermaltake Divider 300 TG Air Snow,2399.79,ATX Mid Tower,ATX,White,,False,Tempered Glass,48.2,2,True,Thermaltake
Thermaltake The Tower 600,3799.8,ATX Mid Tower,ATX,Yellow,,False,Tempered Glass,66.2,1,True,Thermaltake
MSI MPG GUNGNIR 110R,2199.4,ATX Mid Tower,ATX,Black,,False,Tempered Glass,,2,True,MSI
BitFenix Prodigy M 2022,,MicroATX Mini Tower,Micro ATX,Black / White,,False,Tempered Glass,,2,False,BitFenix
Lian Li PC-A76,,ATX Full Tower,ATX,Black,,False,Solid,75.5,12,False,Lian Li
Mars Gaming MCZW,,MicroATX Mid Tower,Micro ATX,White / Black,,False,Tempered Glass,,1,False,Mars Gaming
Corsair iCUE 5000X RGB Shift,,ATX Mid Tower,ATX,Black / Blue,,False,Tempered Glass,66.2,2,False,Corsair
MUSETEX T2,,Mini ITX Desktop,Mini ITX,Black,,False,Tempered Glass,16.6,2,False,MUSETEX
darkFlash DLH21,,Mini ITX Tower,Mini ITX,Black,,False,Solid,17.2,1,False,darkFlash
Enermax ECA5030A,,ATX Full Tower,ATX,Black / Blue,,False,Solid,,5,False,Enermax
Cooler Master MasterBox NR200P,,Mini ITX Desktop,Mini ITX,Blue,,False,Tempered Glass,20.3,2,False,Cooler Master
KOLINK Unity Meshbay Performance,,ATX Mid Tower,ATX,Black,,False,Solid,41.0,2,False,KOLINK
Rosewill RANGER-M,,MicroATX Mini Tower,Micro ATX,Black,,False,Solid,21.6,2,False,Rosewill
Apevia ATX998KL,,ATX Mid Tower,ATX,Gray,420.0,True,Solid,39.6,4,False,Apevia
Rosewill THRONE,,ATX Full Tower,ATX,Black,,False,Solid,74.8,10,False,Rosewill
Corsair iCUE 4000X RGB,2899.8,ATX Mid Tower,ATX,Black,,False,Tempered Glass,48.6,2,True,Corsair
In Win IW-MS04,2977.2,Mini ITX Desktop,Mini ITX,Black,,False,Solid,,4,True,In Win
Azza Solano 1000,,ATX Full Tower,ATX,Black,,False,Acrylic,56.0,8,False,Azza
Deepcool EARLKASE RGB,,ATX Mid Tower,ATX,Black,,False,Tempered Glass,,2,False,DeepCool
Lian Li PC-A61,,ATX Mid Tower,ATX,Black,,False,Solid,57.4,6,False,Lian Li
Xion XON 310,,MicroATX Mid Tower,Micro ATX,Black,,False,Solid,,1,False,Xion
NOX Hummer Fusion S,,MicroATX Mini Tower,Micro ATX,Black,,False,Tempered Glass,36.1,2,False,NOX
Corsair 2000D RGB AIRFLOW,,Mini ITX Tower,Mini ITX,White,,False,Mesh,24.8,0,False,Corsair
GameMax Silent Hill,,MicroATX Mini Tower,Micro ATX,Black,,False,Solid,25.0,2,False,GameMax
BitFenix NOVA MESH SE TG,,ATX Mid Tower,ATX,White / Black,,False,Tempered Glass,36.1,2,False,BitFenix
Thermaltake View 380 ARGB,2299.79,ATX Mid Tower,ATX,White,,False,Tinted Tempered Glass,51.6,1,True,Thermaltake
OCPC MINI,,Mini ITX Test Bench,Mini ITX,White,,False,Solid,7.2,0,False,OCPC
GAMDIAS TALOS E1,,MicroATX Mini Tower,Micro ATX,Black,,False,Tempered Glass,25.3,1,False,GAMDIAS
NZXT H6 Flow RGB,2699.4,ATX Mid Tower,ATX,Black,,False,Tempered Glass,51.8,1,True,NZXT
PC Cooler C3 T500 ARGB,2399.79,ATX Mid Tower,ATX,White,,False,Tempered Glass,45.1,2,True,PC Cooler
Geometric Future Model 5,2998.0,ATX Mid Tower,ATX,Black / Green,,False,Tempered Glass,51.1,2,True,Geometric Future
Lian Li PC-7FNWX,,ATX Mid Tower,ATX,Black,,False,Acrylic,47.9,4,False,Lian Li
Cooler Master HAF X,,ATX Full Tower,ATX,Black,1000.0,True,Acrylic,75.0,5,False,Cooler Master
XClio A380BK,,ATX Full Tower,ATX,Black,,False,Acrylic,60.2,7,False,XClio
GAMDIAS Talos M3 Mesh,1981.2,ATX Mid Tower,ATX,White,,False,Tempered Glass,48.6,2,True,GAMDIAS
Montech X5M,1120.0,MicroATX Mini Tower,Micro ATX,Black,,False,Tempered Glass,45.3,2,True,Montech
Montech AIR 903 BASE,1380.0,ATX Mid Tower,ATX,White,,False,Tempered Glass,54.2,2,True,Montech
Phanteks Enthoo Pro Tempered Glass,2879.6,ATX Full Tower,ATX,Black,,False,Tinted Tempered Glass,69.1,6,True,Phanteks
Athenatech A6605BS.450,,ATX Mini Tower,ATX,Black / Silver,450.0,True,Solid,33.3,2,False,Athenatech
Thermaltake DH102,,HTPC,Mini ITX,Black / Silver,,False,Solid,28.1,3,False,Thermaltake
XClio Color I,,ATX Mid Tower,ATX,Black,,False,Solid,41.6,5,False,XClio
Cougar Duoface RGB,,ATX Mid Tower,ATX,Black,,False,Tempered Glass,43.6,2,False,Cougar
MagniumGear Neo V2,,ATX Mid Tower,ATX,Black,,False,Tempered Glass,38.3,2,False,MagniumGear
Thermaltake Core W100,,ATX Full Tower,ATX,Black,,False,Acrylic,,10,False,Thermaltake
In Win F5,2980.0,ATX Full Tower,ATX,Black,,False,Tempered Glass,65.1,2,True,In Win
Cooler Master MB600L ODD,,ATX Mid Tower,ATX,Black / Silver,,False,Acrylic,,2,False,Cooler Master
Phanteks EVOLV SHIFT XT,,Mini ITX Desktop,Mini ITX,Silver / Black,,False,Tempered Glass,17.5,0,False,Phanteks
RAIJINTEK Ponos Ultra TG4,,ATX Mid Tower,ATX,Black,,False,Tempered Glass,46.3,2,False,RAIJINTEK
Supermicro SuperChassis 721TQ-350B2,7238.8,Mini ITX Tower,Mini ITX,Black,350.0,True,Solid,14.1,0,True,Supermicro
MSI Ravager,,ATX Mid Tower,ATX,Black,,False,Solid,40.3,6,False,MSI
Fractal Design Define S2,,ATX Mid Tower,ATX,White,,False,Tempered Glass,58.8,3,False,Fractal Design
DAN Cases A4-SFXv4.1,,Mini ITX Desktop,Mini ITX,Black,,False,Solid,7.5,0,False,DAN Cases
Cooler Master MasterCase SL600M,,ATX Mid Tower,ATX,Silver / Black,,False,Tempered Glass,,4,False,Cooler Master
Rosewill FBM-01,,MicroATX Mini Tower,Micro ATX,Black,450.0,True,Solid,21.6,2,False,Rosewill
Lian Li Lancool II Mesh C Performance,,ATX Mid Tower,ATX,Black,,False,Tempered Glass,54.1,3,False,Lian Li
Zalman M2 Mini Silver,,Mini ITX Desktop,Mini ITX,Silver / Black,,False,Tempered Glass,11.6,0,False,Zalman
Rosewill BLACKHAWK,,ATX Mid Tower,ATX,Black / Blue,,False,Acrylic,55.1,6,False,Rosewill
Apevia X-Cruiser2,,ATX Mid Tower,ATX,Green / Silver,,False,Acrylic,40.1,5,False,Apevia
Silverstone FARA H1M PRO,1799.8,MicroATX Mini Tower,Micro ATX,Black,,False,Tempered Glass,30.1,2,True,SilverStone
DIYPC F1,,MicroATX Mini Tower,Micro ATX,White,,False,Acrylic,,2,False,DIYPC
Deepcool Matrexx 55 V3,,ATX Mid Tower,ATX,Black,,False,Tempered Glass,,2,False,DeepCool
DIYPC ARGB-Q8-W,,MicroATX Mid Tower,Micro ATX,Silver / Black,,False,Tempered Glass,28.4,2,False,DIYPC
Rosewill R101-P,,MicroATX Mid Tower,Micro ATX,Black,450.0,True,Solid,25.3,4,False,Rosewill
Apevia Destiny Pro,1639.8,ATX Mid Tower,ATX,Black,,False,Tempered Glass,42.0,2,True,Apevia
Fractal Design Meshify 3,3099.8,ATX Mid Tower,ATX,White,,False,Tempered Glass,50.3,2,True,Fractal Design
RAIJINTEK PONOS TG,,ATX Mid Tower,ATX,Black,,False,Tempered Glass,45.0,3,False,RAIJINTEK
BitFenix Shinobi XL,,ATX Full Tower,ATX,Black,,False,Solid,77.2,7,False,BitFenix
Nanoxia CoolForce 2,,ATX Full Tower,ATX,Black,,False,Acrylic,,4,False,Nanoxia
Silverstone PS15,1199.8,MicroATX Mid Tower,Micro ATX,Black,,False,Tempered Glass,25.7,1,True,SilverStone
BitFenix Prodigy M,,MicroATX Mini Tower,Micro ATX,Black / Green,,False,Acrylic,35.9,4,False,BitFenix
Vetroo AL900,1699.8,ATX Mid Tower,ATX,Pink,,False,Tempered Glass,48.1,0,True,Vetroo
Apevia Prodigy,1499.6,MicroATX Mini Tower,Micro ATX,Black,,False,Tempered Glass,32.5,2,True,Apevia
CherryTree Borg Cube w/Lights,,ATX Desktop,ATX,Black,,False,Tempered Glass,55.3,0,False,Desconocida
Lian Li PC-Q19,,Mini ITX Tower,Mini ITX,Black,,False,Solid,22.4,1,False,Lian Li
Phanteks Eclipse P350X,,ATX Mid Tower,ATX,Black,,False,Tinted Tempered Glass,41.0,2,False,Phanteks
Lian Li PC-V358,,MicroATX Mid Tower,Micro ATX,Silver,,False,Solid,36.6,6,False,Lian Li
DIYPC ARGB-N1,,MicroATX Mid Tower,Micro ATX,Black,,False,Tempered Glass,44.7,2,False,DIYPC
MagniumGear Neo Micro V2,,MicroATX Mid Tower,Micro ATX,Black,,False,Tempered Glass,,2,False,MagniumGear
Cooler Master MasterBox MB510L,,ATX Mid Tower,ATX,Black / Red,,False,Acrylic,,2,False,Cooler Master
Chieftec SCORPION 3,,ATX Mid Tower,ATX,Black,,False,Tempered Glass,43.3,2,False,Chieftec
Apevia X-QPack3,,MicroATX Mini Tower,Micro ATX,Black / Green,,False,Acrylic,,2,False,Apevia
TRYX LUCA L70,4999.8,ATX Mid Tower,ATX,Black,,False,Tempered Glass,80.9,0,True,TRYX
BGears b-Masstige,,MicroATX Mini Tower,Micro ATX,Black,,False,Tempered Glass,28.2,2,False,BGears
Azza Storm 6000W,,ATX Full Tower,ATX,White,,False,Tempered Glass,63.6,4,False,Azza
Phanteks NV5 MKII,2719.6,ATX Mid Tower,ATX,White,,False,Tempered Glass,60.2,3,True,Phanteks
Silverstone GD04B,,HTPC,Mini ITX,Black,,False,Solid,21.3,2,False,SilverStone
Athenatech A412WW.400,,ATX Mid Tower,ATX,White,400.0,True,Solid,35.0,5,False,Athenatech
DIYPC DIY-S07,879.4,ATX Mid Tower,ATX,Black,,False,Acrylic,27.5,2,True,DIYPC
GameMax Titan RGB,,ATX Mid Tower,ATX,Black,,False,Acrylic,54.6,2,False,GameMax
In Win BK623.BH300TB3,2161.0,MicroATX Mini Tower,Micro ATX,Black / Silver,300.0,True,Solid,12.3,1,True,In Win
Raidmax Enzo ATX-617WR,,ATX Mid Tower,ATX,Black / Red,,False,Acrylic,47.7,4,False,Raidmax
Xion XON-560,,MicroATX Mini Tower,Micro ATX,White,,False,Solid,28.3,3,False,Xion
Phanteks XT PRO ULTRA,1619.6,ATX Mid Tower,ATX,Black,,False,Tempered Glass,51.8,2,True,Phanteks
Cougar Dust 2,,Mini ITX Tower,Mini ITX,Black / Gold,,False,Mesh,23.6,0,False,Cougar
be quiet! Dark Base Pro 900 Rev. 2,,ATX Full Tower,ATX,Black / Orange,,False,Tempered Glass,,7,False,be quiet!
Lian Li LANCOOL 216 RGB,2119.4,ATX Mid Tower,ATX,White,,False,Tempered Glass,55.6,2,True,Lian Li
RAIJINTEK OPHION M EVO TGS,1398.0,MicroATX Mid Tower,Micro ATX,Black,,False,Tempered Glass,,3,True,RAIJINTEK
Cooler Master MasterBox Lite 3,,MicroATX Mini Tower,Micro ATX,Black,,False,Acrylic,26.9,1,False,Cooler Master
Broadway Com Corp 939PL,,ATX Mid Tower,ATX,Black,550.0,True,Solid,34.4,4,False,Broadway Com
Azza Onyx 260,,ATX Mid Tower,ATX,White / Black,,False,Acrylic,,3,False,Azza
MSI MAG FORGE M100R,,MicroATX Mini Tower,Micro ATX,Black,,False,Tempered Glass,32.8,2,False,MSI
Antec Striker,,Mini ITX Tower,Mini ITX,White,,False,Tempered Glass,39.6,0,False,Antec
Anidees AI Atomic,,ATX Mid Tower,ATX,Black,,False,Mesh,19.5,1,False,Anidees
DIYPC DIY-5823,,ATX Mid Tower,ATX,Black / Silver,,False,Solid,28.3,6,False,DIYPC
SSUPD Meshlicious (PCIe 4.0),,Mini ITX Tower,Mini ITX,Black,,False,Mesh,14.7,0,False,SSUPD
Raidmax ATX-818WB,,MicroATX Mid Tower,Micro ATX,Black,,False,Acrylic,,4,False,Raidmax
In Win BK623,,MicroATX Desktop,Micro ATX,Black,300.0,True,Solid,12.3,1,False,In Win
LC-Power Gaming 806W Crosswind_X,,ATX Mid Tower,ATX,White,,False,Tempered Glass,45.8,1,False,LC-Power
KOLINK Observatory HF Glass ARGB,,ATX Mid Tower,ATX,White,,False,Tempered Glass,35.0,2,False,KOLINK
MagniumGear NEO QUBE 2 Infinity Mirror,2139.6,ATX Mid Tower,ATX,White,,False,Tempered Glass,55.9,2,True,MagniumGear
Aerocool AeroEngine Plus,,ATX Mid Tower,ATX,Black,,False,Solid,38.0,5,False,Aerocool
Antec Three Hundred,,ATX Mid Tower,ATX,Black,430.0,True,Solid,43.5,6,False,Antec
darkFlash DLX21 Mesh,,ATX Mid Tower,ATX,Black,,False,Tempered Glass,,2,False,darkFlash
Antec P193 V3,,ATX Full Tower,ATX,Black,,False,Solid,65.5,6,False,Antec
Apex MW-100,,Mini ITX Tower,Mini ITX,Black / White,60.0,True,Solid,2.9,0,False,Apex
HYTE REVOLT 3,2599.8,Mini ITX Tower,Mini ITX,Black,,False,Mesh,18.4,1,True,HYTE
Sunbeam IC-TR-US-BA-WOPSU,,ATX Full Tower,ATX,Black / Silver,,False,Acrylic,47.8,6,False,Sunbeam
SHARKOON TG6 RGB,,ATX Mid Tower,ATX,Black,,False,Tempered Glass,,3,False,SHARKOON
HEC EnterpriseH585,,MicroATX Mid Tower,Micro ATX,Black,,False,Solid,,2,False,HEC
CiT SO14B,,MicroATX Desktop,Micro ATX,Black,300.0,True,Solid,12.3,2,False,CiT
Montech Heritage,1798.0,MicroATX Mid Tower,Micro ATX,Black,,False,Tempered Glass,41.5,1,True,Montech
GALAX REV-06 ARGB,,ATX Mid Tower,ATX,White,,False,Tempered Glass,39.5,2,False,GALAX
G.Skill LT1,1399.6,MicroATX Mini Tower,Micro ATX,Black,,False,Tempered Glass,35.0,1,True,G.Skill
ENDORFY Regnum 400 Air,3025.6,ATX Mid Tower,ATX,Black,,False,Tempered Glass,45.9,2,True,ENDORFY
Thermaltake Versa T26 TG ARGB,,ATX Mid Tower,ATX,Black,,False,Tempered Glass,50.6,2,False,Thermaltake
Corsair Carbide Series 600C,,ATX Full Tower,ATX,Black,,False,Acrylic,63.2,2,False,Corsair
SilentiumPC Armis AR5X RGB,,ATX Full Tower,ATX,Black,,False,Tempered Glass,45.8,2,False,SilentiumPC
BitFenix Neos Window,,ATX Mid Tower,ATX,White / Purple,,False,Acrylic,37.0,3,False,BitFenix
Foxconn TW-001(H+A)+ISO-400-4SS,,MicroATX Mini Tower,Micro ATX,Black / Silver,300.0,True,Solid,25.1,1,False,Foxconn
DIYPC TG8,,ATX Mid Tower,ATX,White / Black,,False,Tempered Glass,,2,False,DIYPC
Apevia X-Cruiser2,,ATX Mid Tower,ATX,Red / Silver,,False,Acrylic,40.1,5,False,Apevia
JMAX JX-FM500B,,MicroATX Mini Tower,Micro ATX,Black,,False,Solid,,0,False,Desconocida
Corsair Vengeance C70,,ATX Mid Tower,ATX,Black,,False,Acrylic,61.4,6,False,Corsair
KOLINK Unity Nexus ARGB,,ATX Mid Tower,ATX,Black,,False,Tempered Glass,51.3,2,False,KOLINK
In Win BL040.300TB3LF,,HTPC,Mini ITX,Black,,False,Solid,11.6,2,False,In Win
Cougar Evolution,,ATX Mid Tower,ATX,White,,False,Acrylic,59.8,4,False,Cougar
Fractal Design Core 1100,999.8,MicroATX Mini Tower,Micro ATX,Black,,False,Solid,25.7,2,True,Fractal Design
MSI MPG GUNGNIR 111M,,ATX Mid Tower,ATX,Black,,False,Tempered Glass,,2,False,MSI
Fractal Design Define Mini C,,MicroATX Mid Tower,Micro ATX,Black,,False,Solid,35.7,2,False,Fractal Design
eBlaztr eBlaztr,,Mini ITX Desktop,Mini ITX,Black,,False,Mesh,19.4,0,False,Desconocida
Asus Prime AP201,1799.4,MicroATX Mini Tower,Micro ATX,Black,,False,Mesh,33.0,3,True,ASUS
Cooler Master MasterBox MB320L ARGB,1699.8,MicroATX Mini Tower,Micro ATX,Black,,False,Tempered Glass,38.8,2,True,Cooler Master
SHARKOON REV300,,ATX Full Tower,ATX,Black,,False,Tempered Glass,65.6,4,False,SHARKOON
Antec CX600M RGB,,MicroATX Mini Tower,Micro ATX,Black,,False,Tempered Glass,46.8,1,False,Antec
Corsair 2500D Airflow,2073.4,MicroATX Mini Tower,Micro ATX,White,,False,Tempered Glass,54.8,2,True,Corsair
DIYPC MiniQ7,,ATX Mini Tower,ATX,White,,False,Solid,24.8,2,False,DIYPC
Tecware Forge M,,MicroATX Mini Tower,Micro ATX,Black,,False,Tempered Glass,34.4,1,False,Tecware
BGears b-Draco5907-RGB,,ATX Mid Tower,ATX,Black,,False,Tempered Glass,43.2,3,False,BGears
Athena Power CA-601B95,,ATX Full Tower,ATX,Black,950.0,True,Solid,50.6,4,False,Athena Power
Cooler Master Masterbox 520,,ATX Mid Tower,ATX,Black,,False,Tempered Glass,52.5,2,False,Cooler Master
ADATA XPG CRUISER,,ATX Mid Tower,ATX,Black,,False,Tempered Glass,53.8,4,False,XPG
Phanteks Enthoo Pro 2 Server Edition,4439.59,ATX Full Tower,ATX,Black,,False,Solid,78.0,4,True,Phanteks
Rosewill I5-397,,ATX Mini Tower,ATX,Black,450.0,True,Solid,37.0,6,False,Rosewill
Jonsbo N5,5099.8,ATX Full Tower,ATX,Black / Brown,,False,Mesh,50.1,12,True,Jonsbo
Streacom DA6 XL,,Mini ITX Test Bench,Mini ITX,Black / Silver,,False,Solid,21.5,4,False,Streacom
KOLINK Satellite,,MicroATX Desktop,Micro ATX,Black,,False,Mesh,13.8,3,False,KOLINK
Corsair Crystal 460X RGB,,ATX Mid Tower,ATX,Black,,False,Tempered Glass,44.9,2,False,Corsair
Cooler Master Cosmos II,,ATX Full Tower,ATX,Black / Silver,,False,Tinted Tempered Glass,160.8,13,False,Cooler Master
Rosewill RPS-01,,ATX Mid Tower,ATX,Black / Silver,500.0,True,Acrylic,45.7,6,False,Rosewill
Lian Li PC-A51,,ATX Mini Tower,ATX,Silver,,False,Solid,,5,False,Lian Li
AQIRYS Bellatrix,,MicroATX Mid Tower,Micro ATX,Black,,False,Tempered Glass,,0,False,Desconocida
Apevia X-Plorer,,ATX Mid Tower,ATX,Black / Blue,,False,Acrylic,40.3,4,False,Apevia
Zalman M1,,Mini ITX Tower,Mini ITX,Black,,False,Solid,,3,False,Zalman
Rosewill SPECTRA C201,,ATX Mid Tower,ATX,Black,,False,Tempered Glass,37.6,2,False,Rosewill
NOX Coolbay VX,,ATX Mid Tower,ATX,Black / Red,,False,Acrylic,34.3,7,False,NOX
Cougar MX330,1199.8,ATX Mid Tower,ATX,Black,,False,Acrylic,39.4,2,True,Cougar
Phanteks Eclipse P400,,ATX Mid Tower,ATX,Black,,False,Tinted Acrylic,45.9,2,False,Phanteks
Mars Gaming MCV4,,ATX Mid Tower,ATX,Black,,False,Tempered Glass,50.9,2,False,Mars Gaming
Silverstone FARA 312Z,1777.2,MicroATX Mini Tower,Micro ATX,Black,,False,Tempered Glass,37.2,2,True,SilverStone
Phanteks Eclipse P200A DRGB,,Mini ITX Tower,Mini ITX,Black,,False,Tempered Glass,29.9,0,False,Phanteks
Azza Hive 450,1599.6,ATX Mid Tower,ATX,Black,,False,Tempered Glass,41.9,2,True,Azza
Silverstone SG08B-LITE,,Mini ITX Desktop,Mini ITX,Black,,False,Solid,,1,False,SilverStone
Thermaltake AH T200,,MicroATX Mid Tower,Micro ATX,Pink / Black,,False,Tempered Glass,69.1,2,False,Thermaltake
KOLINK Void,,ATX Mid Tower,ATX,White / Black,,False,Tempered Glass,,2,False,KOLINK
SHARKOON TG7M RGB,,ATX Mid Tower,ATX,Black,,False,Tempered Glass,52.1,2,False,SHARKOON
Lian Li Lancool 207,1799.8,ATX Mid Tower,ATX,White,,False,Tempered Glass,45.5,2,True,Lian Li
Apevia X-EnerQ,,MicroATX Mid Tower,Micro ATX,Black / Green,,False,Acrylic,,2,False,Apevia
In Win A1,,Mini ITX Tower,Mini ITX,White,600.0,True,Tempered Glass,20.4,0,False,In Win
Fractal Design Ridge PCIe 3.0,,Mini ITX Tower,Mini ITX,Black,,False,Mesh,16.3,0,False,Fractal Design
Enermax ECA3253,,ATX Mid Tower,ATX,Black,,False,Acrylic,43.8,5,False,Enermax
Antec VSK2000-U3,,HTPC,Mini ITX,Black,,False,Solid,,1,False,Antec
Fractal Design Define R4 Blackout,,ATX Mid Tower,ATX,Black,,False,Solid,56.0,8,False,Fractal Design
Raidmax INFINITA i802 AIR,1199.8,ATX Mid Tower,ATX,Black,,False,Tempered Glass,38.0,2,True,Raidmax
Ocypus Gamma C70 ARGB,,ATX Mid Tower,ATX,Black,,False,Tempered Glass,40.3,2,False,Ocypus
Apex TX-381-C,,MicroATX Mid Tower,Micro ATX,Black,,False,Solid,30.0,4,False,Apex
Fractal Design Era ITX,,Mini ITX Desktop,Mini ITX,Silver,,False,Tinted Tempered Glass,16.7,1,False,Fractal Design
Silverstone TJ10B-WNV-USB3.0,,ATX Full Tower,ATX,Black,,False,Acrylic,69.2,6,False,SilverStone
Fractal Design Meshify C Mini,,MicroATX Mini Tower,Micro ATX,Black,,False,Tinted Tempered Glass,36.6,2,False,Fractal Design
iBuypower ARC 647 CASE,,ATX Mid Tower,ATX,Black / Red,,False,Acrylic,,3,False,iBuypower
Apevia X-Plorer2,,ATX Mid Tower,ATX,Black,450.0,True,Solid,39.2,5,False,Apevia
Jonsbo D32 PRO,1439.8,MicroATX Desktop,Micro ATX,Black,,False,Tempered Glass,25.7,2,True,Jonsbo
Antec NX700,,ATX Mid Tower,ATX,Black,,False,Tempered Glass,,2,False,Antec
Jonsbo D31 STD,,MicroATX Mini Tower,Micro ATX,Black,,False,Tempered Glass,31.3,1,False,Jonsbo
KOLINK Observatory MX Mesh ARGB,,ATX Mid Tower,ATX,Black,,False,Tempered Glass,30.8,2,False,KOLINK
Fractal Design Meshify 2,3299.8,ATX Mid Tower,ATX,Black,,False,Solid,61.7,6,True,Fractal Design
Cougar MX331-T,,ATX Mid Tower,ATX,Black,,False,Tempered Glass,43.5,2,False,Cougar
darkFlash DY470,1750.2,ATX Mid Tower,ATX,White,,False,Tempered Glass,70.1,2,True,darkFlash
Raidmax Infinita i600,,MicroATX Mini Tower,Micro ATX,Black,,False,Tempered Glass,43.8,2,False,Raidmax
Cooler Master Elite 600,,ATX Mid Tower,ATX,Black,,False,Tempered Glass,52.0,2,False,Cooler Master
Azza Luminous 110F,,MicroATX Mini Tower,Micro ATX,Black,,False,Tempered Glass,36.1,2,False,Azza
Aerocool DS Cube,,MicroATX Mini Tower,Micro ATX,Black / Gold,,False,Acrylic,41.5,2,False,Aerocool
Thermaltake Ceres 300 TG ARGB,1999.8,ATX Mid Tower,ATX,White,,False,Tempered Glass,53.9,1,True,Thermaltake
Cooler Master MasterBox E300L,,MicroATX Mini Tower,Micro ATX,Black / Red,,False,Solid,,2,False,Cooler Master
Fractal Design Define 7 XL,4499.8,ATX Full Tower,ATX,Black,,False,Solid,82.0,6,True,Fractal Design
be quiet! Dark Base 701,4798.0,ATX Mid Tower,ATX,White,,False,Tempered Glass,73.6,2,True,be quiet!
Azza Toledo 301,,ATX Mid Tower,ATX,Black,,False,Solid,57.1,4,False,Azza
GAMDIAS NESO P1,,ATX Full Tower,ATX,Black,,False,Tempered Glass,75.2,5,False,GAMDIAS
SSUPD Xhuttle,2400.0,ATX Mid Tower,ATX,Black,,False,Tempered Glass,50.2,2,True,SSUPD
Silverstone ALTA F2,21245.4,ATX Full Tower,ATX,Black,,False,Tempered Glass,98.9,8,True,SilverStone
Xigmatek SS04,,MicroATX Mid Tower,Micro ATX,Black,,False,Solid,22.1,2,False,Xigmatek
Sentey SS1-2423,,HTPC,Mini ITX,Black / Silver,,False,Solid,,1,False,Sentey
GameMax Master M905,,ATX Full Tower,ATX,Black,,False,Tempered Glass,53.8,8,False,GameMax
Thermaltake Versa H17,,MicroATX Mini Tower,Micro ATX,Black,,False,Acrylic,30.4,2,False,Thermaltake
NZXT H400i,,MicroATX Mini Tower,Micro ATX,Black / White,,False,Tempered Glass,36.9,1,False,NZXT
HEC 6T16BB,,ATX Mini Tower,ATX,Black,,False,Solid,24.0,2,False,HEC
Apevia PRISM,1599.6,MicroATX Mid Tower,Micro ATX,Black,,False,Tempered Glass,35.4,2,True,Apevia
CiT Alpha,,MicroATX Mid Tower,Micro ATX,Black,,False,Tempered Glass,27.1,2,False,CiT
Athenatech A100SC.200,,MicroATX Desktop,Micro ATX,Black / Silver,200.0,True,Solid,18.4,2,False,Athenatech
Fractal Design Meshify 3 Ambience Pro RGB,4799.8,ATX Mid Tower,ATX,White,,False,Tempered Glass,50.3,2,True,Fractal Design
NZXT H210i,,Mini ITX Tower,Mini ITX,White,,False,Tempered Glass,27.3,1,False,NZXT
BitFenix Nova Mesh SE,1398.0,ATX Mid Tower,ATX,Black,,False,Tempered Glass,36.1,2,True,BitFenix
Azza Elise,1399.6,MicroATX Mid Tower,Micro ATX,Black / Pink,,False,Tempered Glass,34.4,2,True,Azza
Thermaltake Core P3,,ATX Mid Tower,ATX,Black / Silver,,False,Acrylic,80.1,2,False,Thermaltake
Silverstone GD11,3968.6,HTPC,Mini ITX,Black,,False,Solid,30.9,3,True,SilverStone
Apex Vortex 3610,,ATX Mid Tower,ATX,Black,,False,Solid,36.7,5,False,Apex
DIYPC HTPC-KT28B,,HTPC,Mini ITX,Black,,False,Solid,18.8,2,False,DIYPC
Apevia X-Cruiser2,,ATX Mid Tower,ATX,Black / Silver,,False,Acrylic,40.1,5,False,Apevia
GameMax Nova N5,1019.8,ATX Mid Tower,ATX,Black,,False,Tempered Glass,37.6,2,True,GameMax
Sentey GS-6700 SPIDER,,ATX Full Tower,ATX,Black,,False,Solid,60.7,5,False,Sentey
DIYPC Vanguard-V6-RGB,,ATX Mid Tower,ATX,Black,,False,Tempered Glass,,3,False,DIYPC
Enermax Hoplite ST,,ATX Mid Tower,ATX,Black,,False,Acrylic,48.0,6,False,Enermax
Lian Li PC-T7,,Mini ITX Test Bench,Mini ITX,Silver,,False,Solid,18.6,1,False,Lian Li
Athenatech SS-PS08,,MicroATX Mid Tower,Micro ATX,Black,,False,Solid,23.7,4,False,Athenatech
Cougar Panzer Max,,ATX Full Tower,ATX,Black,,False,Acrylic,90.5,2,False,Cougar
Thermaltake Core P3,,ATX Mid Tower,ATX,Red,,False,Acrylic,80.1,2,False,Thermaltake
Antec FLUX PRO,3299.8,ATX Full Tower,ATX,Black / Brown,,False,Tempered Glass,70.8,4,True,Antec
VIVO CASE-V02,,ATX Mid Tower,ATX,Black / Blue,,False,Solid,,3,False,VIVO
RAIJINTEK COEUS ELITE TC,,MicroATX Mini Tower,Micro ATX,Black,,False,Tempered Glass,50.5,0,False,RAIJINTEK
Azza CUBE MINI 805,,Mini ITX Tower,Mini ITX,Silver / Black,,False,Tempered Glass,17.6,0,False,Azza
Thermaltake Urban S41,,ATX Mid Tower,ATX,Black,,False,Solid,58.9,5,False,Thermaltake
Linkworld 617-03-c2228U,,MicroATX Slim,Micro ATX,Black / Silver,400.0,True,Solid,16.2,1,False,Linkworld
Azza Sanctum,6999.8,ATX Desktop,ATX,Silver / Black,,False,Tempered Glass,76.9,2,True,Azza
Zalman T3 PLUS,790.0,MicroATX Mid Tower,Micro ATX,Black,,False,Tempered Glass,30.9,1,True,Zalman
DARKROCK Classico Storage Master,1799.8,ATX Mid Tower,ATX,Black,,False,Mesh,,10,True,DARKROCK
CiT S8,,MicroATX Desktop,Micro ATX,Black / Silver,,False,Solid,8.6,1,False,CiT
Aerocool Trinity Mini V2,1793.19,MicroATX Mini Tower,Micro ATX,Black,,False,Tempered Glass,28.1,2,True,Aerocool
Raidmax Atomic,,Mini ITX Tower,Mini ITX,Black,,False,Acrylic,,1,False,Raidmax
HEC ITX200A,,HTPC,Mini ITX,Black,200.0,True,Solid,5.8,1,False,HEC
MSI MAG SHIELD 110R,,ATX Mid Tower,ATX,Black,,False,Tempered Glass,36.5,2,False,MSI
Chieftec Hunter,2225.8,ATX Mid Tower,ATX,Black,,False,Tempered Glass,39.8,2,True,Chieftec
Cooler Master Elite 301 Lite,1298.8,MicroATX Mini Tower,Micro ATX,Black,,False,Tempered Glass,34.1,1,True,Cooler Master
Jonsbo V8,,Mini ITX Desktop,Mini ITX,Gray,,False,Mesh,25.3,2,False,Jonsbo
Azza Golem 221,,ATX Mid Tower,ATX,Black,,False,Acrylic,40.4,3,False,Azza
Corsair 7000D AIRFLOW,5799.8,ATX Full Tower,ATX,Black,,False,Tempered Glass,81.8,6,True,Corsair
Cooler Master MasterBox MB511,,ATX Mid Tower,ATX,Black / White,,False,Acrylic,,2,False,Cooler Master
FSP Group CMT210,,ATX Mid Tower,ATX,Black / Blue,,False,Acrylic,39.7,3,False,FSP
Thermaltake View 200 TG ARGB,1699.6,ATX Mid Tower,ATX,White,,False,Tempered Glass,38.2,2,True,Thermaltake
NZXT H7 Elite (2023),2199.79,ATX Mid Tower,ATX,White,,False,Tempered Glass,55.8,2,True,NZXT
Corsair Obsidian Series 750D,,ATX Full Tower,ATX,Black,,False,Acrylic,71.3,6,False,Corsair
Segotep T3 Aeolus,1429.6,ATX Mid Tower,ATX,White,,False,Tempered Glass,54.4,3,True,Segotep
Cooltek JB C2,,MicroATX Mini Tower,Micro ATX,Silver,,False,Solid,12.1,1,False,Cooltek
Cooler Master Elite 130,,Mini ITX Tower,Mini ITX,Black,,False,Solid,19.8,3,False,Cooler Master
Deepcool MATREXX 50 MESH 4FS,,ATX Mid Tower,ATX,Black,,False,Tempered Glass,44.5,2,False,DeepCool
Cooler Master MasterBox MB500 TUF Edition,,ATX Mid Tower,ATX,Black,,False,Tempered Glass,49.5,2,False,Cooler Master
SAMA Maxcool-W-15,,MicroATX Mid Tower,Micro ATX,Black / Red,,False,Acrylic,,3,False,SAMA
BGears b-Pellucid,1099.8,MicroATX Mini Tower,Micro ATX,Black,,False,Tinted Tempered Glass,36.6,1,True,BGears
Fractal Design Torrent Nano RGB,3104.4,Mini ITX Tower,Mini ITX,White,,False,Tempered Glass,34.6,1,True,Fractal Design
MSI MAG FORGE 112R,,ATX Mid Tower,ATX,Black,750.0,True,Tempered Glass,42.5,2,False,MSI
Lian Li PC-O11 Air,,ATX Full Tower,ATX,Black,,False,Tempered Glass,60.2,3,False,Lian Li
Jonsbo D300,,MicroATX Mid Tower,Micro ATX,Black,,False,Tempered Glass,45.8,2,False,Jonsbo
Jonsbo D32 STD,,MicroATX Desktop,Micro ATX,Black,,False,Tempered Glass,25.7,1,False,Jonsbo
SHARKOON MK6 RGB,,MicroATX Mid Tower,Micro ATX,Black,,False,Tempered Glass,43.6,2,False,SHARKOON
Thermaltake Spedo Advance Package,,ATX Full Tower,ATX,Black / Silver,,False,Acrylic,75.4,6,False,Thermaltake
Zalman GS-1000,,ATX Full Tower,ATX,Black,,False,Solid,94.7,6,False,Zalman
In Win 703,,ATX Mid Tower,ATX,Black / Red,,False,Acrylic,,4,False,In Win
YEYIAN Haizen 2500,,MicroATX Mid Tower,Micro ATX,Black,,False,Tempered Glass,24.7,2,False,YEYIAN
Deepcool CL500 4F,,ATX Mid Tower,ATX,Black / Gray,,False,Tempered Glass,55.5,2,False,DeepCool
Chieftec CI-02B-OP,,MicroATX Desktop,Micro ATX,Black,,False,Mesh,32.8,2,False,Chieftec
CiT DS360,,ATX Mid Tower,ATX,White,,False,Tempered Glass,52.1,0,False,CiT
BitFenix BitFenix Neos Window BFC-NEO-100-WWWKB-RP White / Blue Steel / Plastic ATX Mid Tower Computer Case,,ATX Mid Tower,ATX,White / Blue,,False,Acrylic,37.0,3,False,BitFenix
Cougar Gemini S,,ATX Mid Tower,ATX,Silver / Black,,False,Tempered Glass,,2,False,Cougar
Mars Gaming MC-S1,,MicroATX Mini Tower,Micro ATX,White,,False,Acrylic,18.6,1,False,Mars Gaming
Jonsbo V9,,MicroATX Mini Tower,Micro ATX,Black,,False,Tempered Glass,17.6,1,False,Jonsbo
Cooler Master MasterBox NR400 (w/o ODD),,MicroATX Mid Tower,Micro ATX,Black,,False,Tempered Glass,35.5,3,False,Cooler Master
Lian Li PC-A04,,MicroATX Mini Tower,Micro ATX,Silver,,False,Solid,,7,False,Lian Li
Aerocool Strike-X Xtreme,,ATX Mid Tower,ATX,Black / White,,False,Acrylic,,6,False,Aerocool
Rosewill Neutron,,Mini ITX Desktop,Mini ITX,Black,,False,Acrylic,38.9,3,False,Rosewill
Thermaltake Level 10 GTS,,ATX Mid Tower,ATX,Black,,False,Acrylic,54.9,5,False,Thermaltake
NZXT H9 Elite,3399.4,ATX Mid Tower,ATX,White,,False,Tempered Glass,66.9,2,True,NZXT
Nanoxia NXDS4B,,MicroATX Mini Tower,Micro ATX,Black,,False,Solid,,6,False,Nanoxia
GAMDIAS ATHENA M2 LITE,,MicroATX Mid Tower,Micro ATX,Black,,False,Tempered Glass,,2,False,GAMDIAS
Antec P7 Window,,ATX Mid Tower,ATX,Black / Red,,False,Acrylic,,2,False,Antec
Linkworld 920-01C2121U,990.0,HTPC,Mini ITX,Black,150.0,True,Solid,5.3,0,True,Linkworld
Apevia X-Alien,,ATX Full Tower,ATX,Black,500.0,True,Solid,50.9,5,False,Apevia
Streacom ST-F1CS-EVO,,HTPC,Mini ITX,Silver,,False,Solid,,0,False,Streacom
GameMax Spark Mini,,Mini ITX Desktop,Mini ITX,Black,,False,Tempered Glass,15.1,1,False,GameMax
RAIJINTEK Metis Plus,1498.0,Mini ITX Tower,Mini ITX,White,,False,Acrylic,13.4,2,True,RAIJINTEK
Zalman Z9 NEO Plus,,ATX Mid Tower,ATX,White / Black,,False,Acrylic,,2,False,Zalman
Broadway Com Corp 1244MA,,ATX Mini Tower,ATX,Black,500.0,True,Solid,20.8,2,False,Broadway Com
In Win 101C,,ATX Mid Tower,ATX,Blue,,False,Tempered Glass,,2,False,In Win
Asus A21 PLUS,,MicroATX Mini Tower,Micro ATX,Black,,False,Tempered Glass,44.0,2,False,ASUS
Thermaltake Core P6,,ATX Mid Tower,ATX,Black,,False,Tempered Glass,76.4,4,False,Thermaltake
Antec NSK1480,,MicroATX Desktop,Micro ATX,Black / Silver,350.0,True,Solid,17.8,2,False,Antec
LC-Power 987B Silent Slinger,,ATX Mid Tower,ATX,Black / White,,False,Acrylic,44.1,2,False,LC-Power
Deepcool CH170 DIGITAL,,Mini ITX Tower,Mini ITX,Black,,False,Mesh,19.0,1,False,DeepCool
Nanoxia NXDS6B,,ATX Full Tower,ATX,Black,,False,Solid,,13,False,Nanoxia
Axiom Nova C013,,ATX Mid Tower,ATX,White / Black,,False,Tempered Glass,38.5,1,False,Desconocida
Fractal Design Define R6,,ATX Mid Tower,ATX,Silver,,False,Tempered Glass,56.7,6,False,Fractal Design
Silverstone RVZ03,,Mini ITX Desktop,Mini ITX,White,,False,Solid,,0,False,SilverStone
In Win 509 ROG,,ATX Full Tower,ATX,Black / Red,,False,Tempered Glass,71.6,5,False,In Win
NOX Coolbay CX,,MicroATX Desktop,Micro ATX,Black,,False,Acrylic,,3,False,NOX
SHARKOON QB ONE,3195.2,Mini ITX Desktop,Mini ITX,Black,,False,Mesh,14.9,2,True,SHARKOON
In Win DUBILI DIY,,ATX Full Tower,ATX,Gray / Orange,,False,Tempered Glass,72.4,2,False,In Win
ABS R206-ITX,,MicroATX Mini Tower,Micro ATX,Black,,False,Solid,39.1,1,False,Desconocida
GAMDIAS NESO P1,2499.79,ATX Full Tower,ATX,Black / Red,,False,Tempered Glass,75.2,5,True,GAMDIAS
NZXT SCM-01,,MicroATX Mini Tower,Micro ATX,Black / Red,,False,Solid,,3,False,NZXT
Segotep Phoenix T1,,ATX Mid Tower,ATX,White,,False,Tempered Glass,65.5,2,False,Segotep
Fractal Design Pop Silent,,ATX Mid Tower,ATX,Black,,False,Tempered Glass,46.2,2,False,Fractal Design
darkFlash DPW90M,,MicroATX Mid Tower,Micro ATX,White,,False,Tempered Glass,48.5,2,False,darkFlash
Antec CX500M RGB,,MicroATX Mini Tower,Micro ATX,White,,False,Tempered Glass,40.8,2,False,Antec
Zalman Z10 DS,,ATX Mid Tower,ATX,Black,,False,Tempered Glass,50.9,2,False,Zalman
Antec P82 Flow,,ATX Mid Tower,ATX,Black,,False,Tempered Glass,,2,False,Antec
EVGA DG-73,,ATX Mid Tower,ATX,Black,,False,Acrylic,45.9,2,False,EVGA
GameMax M60,1019.59,MicroATX Mid Tower,Micro ATX,Black,,False,Mesh,29.4,2,True,GameMax
RIOTORO CR280,,Mini ITX Desktop,Mini ITX,Black / Red,,False,Acrylic,,1,False,RIOTORO
Rosewill Helium NAS,1599.6,ATX Mid Tower,ATX,Black,,False,Mesh,,10,True,Rosewill
Thermaltake Armor A30,,ATX Mini Tower,ATX,Black,,False,Acrylic,35.5,2,False,Thermaltake
Corsair Carbide Series 275Q,,ATX Mid Tower,ATX,Black,,False,Solid,44.1,2,False,Corsair
CiT MTX-007B,,Mini ITX Desktop,Mini ITX,Black,180.0,True,Solid,5.1,0,False,CiT
Silverstone Lucid 04,,MicroATX Mid Tower,Micro ATX,White,,False,Tempered Glass,38.2,2,False,SilverStone
Fractal Design Arc XL,,ATX Full Tower,ATX,Black,,False,Acrylic,72.8,8,False,Fractal Design
CiT Flash,,MicroATX Mid Tower,Micro ATX,Black,,False,Tempered Glass,,2,False,CiT
darkFlash Space,,ATX Desktop,ATX,Black,,False,Tempered Glass,48.6,2,False,darkFlash
Foxconn TS-689 (H+A)+ISO-450,,ATX Mid Tower,ATX,Black / Silver,350.0,True,Solid,36.4,2,False,Foxconn
darkFlash DLC29,,ATX Mid Tower,ATX,Black,,False,Solid,38.6,2,False,darkFlash
Rosewill CULLINAN,,ATX Mid Tower,ATX,Black,,False,Tempered Glass,,3,False,Rosewill
GameMax Black Hole,,ATX Mid Tower,ATX,Black,,False,Tempered Glass,40.7,2,False,GameMax
Athenatech A1019HG.150,,Mini ITX Desktop,Mini ITX,Gray / Black,150.0,True,Solid,5.2,1,False,Athenatech
Athenatech A605BR.450,,ATX Mid Tower,ATX,Black / Red,430.0,True,Solid,35.2,3,False,Athenatech
MSI MEG PROSPECT 700R,7599.8,ATX Mid Tower,ATX,Black,,False,Tempered Glass,80.7,2,True,MSI
Xigmatek Elysium Black Server Edition,,ATX Full Tower,ATX,Black,,False,Solid,93.9,8,False,Xigmatek
Corsair 2500X,2902.6,MicroATX Mini Tower,Micro ATX,Black,,False,Tempered Glass,54.8,2,True,Corsair
NOX Coolbay VX,,ATX Mid Tower,ATX,White / Black,,False,Acrylic,34.3,7,False,NOX
SHARKOON AM5,,ATX Mid Tower,ATX,Silver / Black,,False,Acrylic,,3,False,SHARKOON
MUSETEX Y6,1709.6,ATX Mid Tower,ATX,White,,False,Tempered Glass,40.9,2,True,MUSETEX
Athenatech A3701BB,,HTPC,Mini ITX,Black,,False,Solid,23.2,1,False,Athenatech
BGears b-Vortex-RGB,979.8,ATX Mid Tower,ATX,Black,,False,Tempered Glass,38.3,2,True,BGears
HYTE REVOLT 3 EU,,Mini ITX Tower,Mini ITX,Black,700.0,True,Mesh,18.4,1,False,HYTE
DIYPC Gamemax-III-ARGB,,ATX Mid Tower,ATX,Black,,False,Tempered Glass,36.3,2,False,DIYPC
Jonsbo MOD-3,,ATX Mid Tower,ATX,White,,False,Tempered Glass,93.1,1,False,Jonsbo
CFI Bastet,,ATX Mid Tower,ATX,Black,,False,Acrylic,48.0,2,False,CFI
Jonsbo D32 PRO MESH,,MicroATX Desktop,Micro ATX,,,False,Mesh,25.7,2,False,Jonsbo
FSP Group CMT330,,ATX Mid Tower,ATX,Black / Blue,,False,Acrylic,,2,False,FSP
Lian Li O11 Dynamic EVO XL,5099.59,ATX Full Tower,ATX,Black,,False,Tempered Glass,84.4,4,True,Lian Li
Cougar Evolution,,ATX Mid Tower,ATX,Black,,False,Acrylic,59.8,4,False,Cougar
Aerocool Shard-G,,ATX Mid Tower,ATX,,,False,Tempered Glass,36.5,2,False,Aerocool
SAMA ARGB-Q5,1279.8,MicroATX Mini Tower,Micro ATX,White,,False,Tempered Glass,31.5,2,True,SAMA
Apevia X-Qber,,MicroATX Desktop,Micro ATX,Black / Green,,False,Acrylic,,2,False,Apevia
RAIJINTEK Metis Plus,,Mini ITX Tower,Mini ITX,Blue,,False,Acrylic,13.4,2,False,RAIJINTEK
In Win IW-V508T2X.L+,,MicroATX Mini Tower,Micro ATX,White,,False,Solid,22.9,1,False,In Win
Rosewill BLACKHAWK,,ATX Mid Tower,ATX,Black,,False,Acrylic,55.1,6,False,Rosewill
Okinos Aqua 3,1299.6,MicroATX Mini Tower,Micro ATX,Black,,False,Tempered Glass,28.8,2,True,Okinos
Mars Gaming MC-LCD,,MicroATX Mini Tower,Micro ATX,White,,False,Tempered Glass,33.2,1,False,Mars Gaming
Fractal Design Node 202,,HTPC,Mini ITX,Black,,False,Solid,11.0,0,False,Fractal Design
Gigabyte GZ-KX9,,ATX Mid Tower,ATX,Black / Silver,,False,Solid,32.8,5,False,Gigabyte
Silverstone FTZ01,3653.0,Mini ITX Desktop,Mini ITX,Black,,False,Solid,,1,True,SilverStone
Linkworld Q319-C8888-P4,,ATX Mid Tower,ATX,Silver,500.0,True,Solid,42.4,6,False,Linkworld
SeaSonic ARCH Q5,,ATX Mid Tower,ATX,Black,650.0,True,Tempered Glass,46.4,3,False,SeaSonic
Chieftec BX-10B-OP,,MicroATX Mid Tower,Micro ATX,Black,,False,Tempered Glass,28.8,1,False,Chieftec
DIYPC Cuboid,,MicroATX Mini Tower,Micro ATX,Black / Blue,,False,Acrylic,,3,False,DIYPC
Thermaltake View 270 Plus TG ARGB,1739.8,ATX Mid Tower,ATX,Green,,False,Tempered Glass,47.6,2,True,Thermaltake
Tempest Shade RGB,,ATX Mid Tower,ATX,Black,,False,Acrylic,,2,False,Tempest
Foxconn DH-045(H+A)+MT-300,,MicroATX Slim,Micro ATX,Black,300.0,True,Solid,13.0,1,False,Foxconn
Zalman Z3 Iceberg,,ATX Mid Tower,ATX,Black,,False,Tempered Glass,41.3,2,False,Zalman
Lian Li PC-P80NB,,ATX Full Tower,ATX,Black,,False,Solid,84.4,10,False,Lian Li
In Win 101,2384.0,ATX Mid Tower,ATX,Black,,False,Tempered Glass,48.3,2,True,In Win
darkFlash T20,,ATX Mid Tower,ATX,Black,,False,Tempered Glass,,2,False,darkFlash
Tecware Nexus,,ATX Mid Tower,ATX,White,,False,Tempered Glass,,2,False,Tecware
Cooler Master Silencio S400 Sakura Limited Edition,,MicroATX Mini Tower,Micro ATX,White / Pink,,False,Tempered Glass,,4,False,Cooler Master
Montech KING 95,,ATX Mid Tower,ATX,Red / Black,,False,Tempered Glass,63.0,5,False,Montech
YEYIAN Hussar Plus,,ATX Mid Tower,ATX,Black,,False,Tempered Glass,33.5,1,False,YEYIAN
Foxconn RM233+FSP150-50GLT,,Mini ITX Tower,Mini ITX,Black / Silver,150.0,True,Solid,9.4,1,False,Foxconn
Lian Li PC-Q10,,Mini ITX Desktop,Mini ITX,Black,,False,Acrylic,,2,False,Lian Li
Tempest Spook RGB,,ATX Mid Tower,ATX,White / Black,,False,Acrylic,,2,False,Tempest
NOX Coolbay VX,,ATX Mid Tower,ATX,Black / Green,,False,Acrylic,34.3,7,False,NOX
KOLINK Citadel Glass SE ARGB,,MicroATX Mid Tower,Micro ATX,Black,,False,Tempered Glass,53.4,2,False,KOLINK
Lian Li O11 Vision,2779.4,ATX Mid Tower,ATX,White,,False,Tempered Glass,67.8,2,True,Lian Li
NCASE M1,,Mini ITX Tower,Mini ITX,Black,,False,Solid,13.9,2,False,NCASE
Xilence Xilent Blade II,,ATX Mid Tower,ATX,,,False,Tempered Glass,33.7,2,False,Xilence
Gigabyte Luxo M30,,ATX Mid Tower,ATX,Black / Blue,,False,Acrylic,63.8,8,False,Gigabyte
Thermaltake Versa H15,3840.0,MicroATX Mid Tower,Micro ATX,Black,,False,Acrylic,,3,True,Thermaltake
Antec Performance 1 M,3899.8,Mini ITX Desktop,Mini ITX,Black,,False,Mesh,19.3,0,True,Antec
Vetroo M05,,MicroATX Mid Tower,Micro ATX,Black,,False,Tempered Glass,36.3,2,False,Vetroo
Aerocool Cronus,2398.19,ATX Mid Tower,ATX,Black,,False,Tempered Glass,54.0,3,True,Aerocool
EVGA DG-86,,ATX Full Tower,ATX,Gray,,False,Acrylic,,8,False,EVGA
Geometric Future Model 6,,ATX Mid Tower,ATX,Black / Green,,False,Tinted Tempered Glass,43.5,4,False,Geometric Future
EVGA DG-76,,ATX Mid Tower,ATX,Black,,False,Tempered Glass,48.6,2,False,EVGA
Lian Li PC-V353,,HTPC,Mini ITX,Silver,,False,Solid,32.7,2,False,Lian Li
NZXT H700,,ATX Mid Tower,ATX,Black,,False,Tempered Glass,58.6,2,False,NZXT
XClio Blue I,,ATX Mid Tower,ATX,Black,,False,Solid,41.6,5,False,XClio
SilentiumPC Regnum RG6V EVO TG ARGB,,ATX Mid Tower,ATX,Black,,False,Tempered Glass,,2,False,SilentiumPC
Anidees AI Crystal XL AR 3,,ATX Full Tower,ATX,Black,,False,Tempered Glass,86.7,15,False,Anidees
In Win BK644.BH300TB3,,MicroATX Mini Tower,Micro ATX,Black / Silver,300.0,True,Solid,12.3,0,False,In Win
HP Omen X,,MicroATX Desktop,Micro ATX,Black / Red,,False,Solid,,0,False,Desconocida
Antec GX700,4168.8,ATX Mid Tower,ATX,Black,,False,Solid,44.9,5,True,Antec
Chieftec BX-10B-M-OP,1884.8,MicroATX Mid Tower,Micro ATX,Black,,False,Mesh,28.8,1,True,Chieftec
In Win BL040.300TB3LF,2051.6,HTPC,Mini ITX,Black,300.0,True,Solid,11.6,2,True,In Win
Silverstone FT03,,MicroATX Mini Tower,Micro ATX,Silver / Black,,False,Solid,32.2,3,False,SilverStone
DAN Cases A4 SFX,,Mini ITX Desktop,Mini ITX,Black,,False,Solid,,0,False,DAN Cases
be quiet! Light Base 900 FX,4998.0,ATX Full Tower,ATX,Black,,False,Tempered Glass,84.2,1,True,be quiet!
Antec DF600 FLUX,2099.79,ATX Mid Tower,ATX,Black,,False,Tempered Glass,,3,True,Antec
FSP Group CUT593P,2199.79,ATX Full Tower,ATX,White,,False,Tempered Glass,62.6,3,True,FSP
Thermaltake View 270,,ATX Mid Tower,ATX,Blue,,False,Tempered Glass,47.6,2,False,Thermaltake
Fractal Design Define 7,,ATX Mid Tower,ATX,Black / White,,False,Tempered Glass,62.4,6,False,Fractal Design
Raidmax X616,,ATX Mid Tower,ATX,Black,,False,Tempered Glass,42.9,2,False,Raidmax
Zalman Z7 NEO,1399.6,ATX Mid Tower,ATX,Black,,False,Tempered Glass,41.2,2,True,Zalman
Thermaltake Versa H22,,ATX Mid Tower,ATX,Black,,False,Solid,42.8,0,False,Thermaltake
SHARKOON Rebel C20 ITX,,Mini ITX Desktop,Mini ITX,Black,,False,Mesh,29.5,1,False,SHARKOON
Rosewill GRAM,,ATX Mid Tower,ATX,Black,,False,Acrylic,,2,False,Rosewill
In Win 915,,ATX Full Tower,ATX,Black,,False,Tempered Glass,,4,False,In Win
Phanteks Enthoo 719,,ATX Full Tower,ATX,Gray,,False,Tempered Glass,81.4,4,False,Phanteks
be quiet! Pure Base 500,,ATX Mid Tower,ATX,Gray,,False,Tempered Glass,46.0,2,False,be quiet!
Xigmatek Octans,,Mini ITX Desktop,Mini ITX,Black,,False,Solid,,2,False,Xigmatek
Apevia X-EnerQ,,MicroATX Mid Tower,Micro ATX,Black / Blue,,False,Acrylic,,2,False,Apevia
HP OMEN 45L,6999.8,ATX Mid Tower,ATX,Black,,False,Tempered Glass,53.2,2,True,Desconocida
In Win Z583T.CQ350TBL,,MicroATX Mini Tower,Micro ATX,Black / Silver,350.0,True,Solid,24.2,1,False,In Win
Silverstone RVX01 Window,,ATX Mid Tower,ATX,Black / Green,,False,Acrylic,,4,False,SilverStone
SSUPD Meshroom S w/PCIe 4.0 Riser,,ATX Mini Tower,ATX,Green,,False,Mesh,14.9,0,False,SSUPD
Thermaltake Core X9,,ATX Desktop,ATX,Black,,False,Acrylic,,7,False,Thermaltake
G.Skill Z5i,2799.8,Mini ITX Tower,Mini ITX,Black,,False,Tempered Glass,24.4,1,True,G.Skill
Gigabyte GZ-X7BMDX-400,,ATX Mid Tower,ATX,Black,,False,Solid,36.4,6,False,Gigabyte
Silverstone CS01,,Mini ITX Tower,Mini ITX,Black,,False,Solid,,2,False,SilverStone
SHARKOON VS9,,ATX Mid Tower,ATX,Black,,False,Solid,42.1,2,False,SHARKOON
SHARKOON MS-Y1000,,MicroATX Mid Tower,Micro ATX,Black,,False,Tempered Glass,26.2,1,False,SHARKOON
Lian Li PC-V650,,ATX Mini Tower,ATX,Black,,False,Solid,38.2,7,False,Lian Li
Silverstone SG13,,Mini ITX Tower,Mini ITX,White / Black,,False,Solid,11.5,1,False,SilverStone
Cooler Master MasterBox NR200P,,Mini ITX Desktop,Mini ITX,Black,,False,Tempered Glass,20.3,2,False,Cooler Master
Antec Nine Hundred Two,,ATX Mid Tower,ATX,Black,,False,Acrylic,50.6,6,False,Antec
Montech KING 65 PRO,1899.8,ATX Mid Tower,ATX,Black,,False,Tempered Glass,63.0,2,True,Montech
Cougar Purity,,MicroATX Mini Tower,Micro ATX,Black,,False,Solid,28.2,2,False,Cougar
Thermaltake Core G21 Tempered Glass Edition,,ATX Mid Tower,ATX,Black,,False,Tinted Tempered Glass,46.6,2,False,Thermaltake
Fractal Design Define R6 USB-C Blackout,,ATX Mid Tower,ATX,Black,,False,Solid,56.7,6,False,Fractal Design
Apevia X-Mirage,,ATX Mid Tower,ATX,Pink,,False,Acrylic,41.8,2,False,Apevia
Acer Predator MI900,,Mini ITX Tower,Mini ITX,White / Black,,False,Mesh,15.5,0,False,Desconocida
Ultra XBlaster V2,,ATX Mid Tower,ATX,Black,450.0,True,Solid,36.0,6,False,Ultra
Deepcool Gamer Storm Quadstellar,,ATX Desktop,ATX,Black,,False,Solid,,8,False,DeepCool
GamerChief HYVE,,ATX Full Tower,ATX,Black,,False,Acrylic,,4,False,Desconocida
Silverstone ML08,,HTPC,Mini ITX,Black,,False,Acrylic,,0,False,SilverStone
Cooler Master Elite 311,,ATX Mid Tower,ATX,Black / Blue,,False,Acrylic,40.8,5,False,Cooler Master
OCPC MICRO,,MicroATX Mid Tower,Micro ATX,Black,,False,Solid,12.7,0,False,OCPC
DIYPC Gamemax,,ATX Full Tower,ATX,White,,False,Acrylic,61.7,4,False,DIYPC
Nanoxia DS1WIB,,ATX Mid Tower,ATX,Black,,False,Acrylic,60.0,8,False,Nanoxia
Silverstone MILO 11,1855.4,MicroATX Desktop,Micro ATX,Black / Silver,,False,Solid,10.3,1,True,SilverStone
Topower TP-3030BB-450,,MicroATX Mini Tower,Micro ATX,Black,450.0,True,Solid,25.3,4,False,Topower
Sunbeam ACUF-HUVB,,ATX Mid Tower,ATX,Clear,,False,Solid,33.3,2,False,Sunbeam
NZXT Manta,,Mini ITX Desktop,Mini ITX,Black,,False,Acrylic,,2,False,NZXT
Xion XON-CBX01,,ATX Mid Tower,ATX,Black,,False,Acrylic,38.3,5,False,Xion
Silverstone PS10B,,ATX Mid Tower,ATX,Black,,False,Solid,54.8,0,False,SilverStone
Corsair Graphite Series 600T,,ATX Mid Tower,ATX,Black,,False,Solid,79.3,6,False,Corsair
DIYPC Vision II,,ATX Mid Tower,ATX,Black / Blue,,False,Tempered Glass,46.9,3,False,DIYPC
GameMax Vista M,1078.0,MicroATX Mini Tower,Micro ATX,Black,,False,Tempered Glass,40.9,2,True,GameMax
HEC Vigilance,,MicroATX Mini Tower,Micro ATX,Black,400.0,True,Solid,27.5,2,False,HEC
Gigabyte GZ-ZHSMW8,,MicroATX Mini Tower,Micro ATX,Black,,False,Solid,,3,False,Gigabyte
Antec NX200M,1859.4,MicroATX Mid Tower,Micro ATX,Black,,False,Tempered Glass,,2,True,Antec
BitFenix Phenom,,Mini ITX Tower,Mini ITX,Black,,False,Solid,30.6,6,False,BitFenix
Thermaltake Level 10 GT Battle Edition,,ATX Full Tower,ATX,Green / Black,,False,Solid,96.7,5,False,Thermaltake
In Win BQS656.DD120BL,,Mini ITX Desktop,Mini ITX,Black,120.0,True,Solid,3.3,0,False,In Win
Cubitek HPTX ICE,,ATX Full Tower,ATX,Black,,False,Solid,,8,False,Cubitek
Jonsbo C6-ITX,1240.0,Mini ITX Desktop,Mini ITX,Black,,False,Mesh,15.9,1,True,Jonsbo
DARKROCK EC2,,ATX Mid Tower,ATX,Black,,False,Tempered Glass,37.5,2,False,DARKROCK
Cougar Duoface Pro RGB,,ATX Mid Tower,ATX,White,,False,Tempered Glass,55.4,2,False,Cougar
Asus ROG Strix Helios Gundam Edition,,ATX Full Tower,ATX,Silver / Multicolor,,False,Tempered Glass,83.5,2,False,ASUS
CiT DS240,,MicroATX Mini Tower,Micro ATX,White,,False,Tempered Glass,36.7,1,False,CiT
Cooler Master Centurion 5 II,,ATX Mid Tower,ATX,Black / White,,False,Acrylic,43.2,5,False,Cooler Master
Apevia X-Infinity,,ATX Mid Tower,ATX,Pink / Black,,False,Acrylic,42.7,5,False,Apevia
OCPC MINI2,,Mini ITX Test Bench,Mini ITX,White,,False,Solid,7.2,0,False,OCPC
Cooler Master CM 590 III,,ATX Mid Tower,ATX,White,,False,Acrylic,45.1,4,False,Cooler Master
Silverstone SG05-LITE,1501.0,Mini ITX Desktop,Mini ITX,Black,,False,Solid,10.7,1,True,SilverStone
Fractal Design Define 7 XL Light,,ATX Full Tower,ATX,Black,,False,Tempered Glass,82.0,6,False,Fractal Design
SHARKOON Rebel C50,9187.79,ATX Mid Tower,ATX,White,,False,Mesh,52.4,3,True,SHARKOON
Gigabyte AORUS C700,,ATX Full Tower,ATX,Black,,False,Tempered Glass,144.2,4,False,Gigabyte
Jonsbo A4 Ver1.1,,ATX Mini Tower,ATX,Silver,,False,Tempered Glass,15.7,1,False,Jonsbo
In Win X-Frame 2.0,,ATX Test Bench,ATX,White / Blue,,False,Solid,102.0,6,False,In Win
Corsair iCUE 5000X RGB,4099.8,ATX Mid Tower,ATX,Black,,False,Tempered Glass,66.2,2,True,Corsair
Cooltek CoolCube,,HTPC,Mini ITX,Black,,False,Solid,,1,False,Cooltek
Aerocool NightHawk Duo,,ATX Mid Tower,ATX,Black,,False,Tempered Glass,,2,False,Aerocool
Phanteks Enthoo EVOLV TG,,MicroATX Mini Tower,Micro ATX,Black,,False,Tinted Tempered Glass,41.7,2,False,Phanteks
Vetroo AL700,,ATX Mid Tower,ATX,Black,,False,Tempered Glass,48.1,1,False,Vetroo
NZXT H200,,Mini ITX Tower,Mini ITX,Black,,False,Tempered Glass,27.3,1,False,NZXT
be quiet! Dark Base 900,,ATX Full Tower,ATX,Black,,False,Acrylic,82.0,7,False,be quiet!
Xigmatek Frontliner,,ATX Mid Tower,ATX,White,,False,Acrylic,45.1,2,False,Xigmatek
CHENBRO ES34069-BK-180,,Mini ITX Tower,Mini ITX,Black,180.0,True,Solid,9.4,0,False,Desconocida
Apevia X-Master,,HTPC,Mini ITX,Black,500.0,True,Solid,22.0,1,False,Apevia
Lazer3D LZX-8 Storm,,Mini ITX Desktop,Mini ITX,Black / White,,False,Solid,8.6,0,False,Desconocida
PrimoChill Praxis WetBench,4699.8,ATX Test Bench,ATX,Black,,False,Solid,,4,True,Desconocida
HAVN HS420,4599.8,ATX Mid Tower,ATX,Black,,False,Tempered Glass,76.8,5,True,HAVN
Aerocool Tor Pro,,ATX Full Tower,ATX,Black,,False,Tempered Glass,66.8,2,False,Aerocool
Noua Thor S15,,ATX Mid Tower,ATX,Black,,False,Tempered Glass,33.1,3,False,Noua
Foxconn DH-153C(H+A)+MT-300-4SS,,HTPC,Mini ITX,Black,300.0,True,Solid,13.0,1,False,Foxconn
Montech AIR 100 LITE,,MicroATX Mid Tower,Micro ATX,White,,False,Tempered Glass,36.1,2,False,Montech
Supermicro S5,,ATX Mid Tower,ATX,Black / Red,,False,Solid,,6,False,Supermicro
Jonsbo Jonsplus i100 Pro,,Mini ITX Desktop,Mini ITX,Black,,False,Tempered Glass,25.9,1,False,Jonsbo
Antec P280,,ATX Mid Tower,ATX,White,,False,Solid,68.0,6,False,Antec
Aerocool Strike-X One,,ATX Mid Tower,ATX,Black / Red,,False,Solid,,6,False,Aerocool
In Win IW-C589T.CQ350TBL,,ATX Mid Tower,ATX,Black,350.0,True,Solid,35.0,3,False,In Win
Thermaltake Core W200,10999.8,ATX Full Tower,ATX,Black,,False,Acrylic,,4,True,Thermaltake
Lian Li PC-V351,,MicroATX Desktop,Micro ATX,Black,,False,Solid,27.1,2,False,Lian Li
Apevia X-QPack,,MicroATX Desktop,Micro ATX,Black / Silver,420.0,True,Solid,22.7,2,False,Apevia
Antec ISK 110 VESA,,Mini ITX Desktop,Mini ITX,Black / Silver,90.0,True,Solid,3.7,0,False,Antec
Thermaltake The Tower 250,2999.0,Mini ITX Tower,Mini ITX,White,,False,Tempered Glass,42.7,1,True,Thermaltake
Armoury C802,,ATX Mid Tower,ATX,White,,False,Tempered Glass,51.4,2,False,Desconocida
Cooler Master HAF XB EVO,,ATX Desktop,ATX,Black,,False,Mesh,61.7,2,False,Cooler Master
Cougar Gemini S,2398.8,ATX Mid Tower,ATX,Gray / Black,,False,Tempered Glass,,2,True,Cougar
Thermaltake V9 BlacX,,ATX Mid Tower,ATX,Black,,False,Acrylic,50.6,5,False,Thermaltake
DIYPC MA01,,MicroATX Mini Tower,Micro ATX,Black / Red,,False,Solid,20.5,1,False,DIYPC
Montech SKY ONE MINI,,MicroATX Mini Tower,Micro ATX,Black,,False,Tempered Glass,21.9,1,False,Montech
Antec Dark Fleet DF500,,ATX Mid Tower,ATX,Black,,False,Tempered Glass,,2,False,Antec
be quiet! Pure Base 501 LX,3098.0,ATX Mid Tower,ATX,White,,False,Tempered Glass,48.1,2,True,be quiet!
Inter-Tech C-501 Aspect,,MicroATX Mid Tower,Micro ATX,Black,,False,Tempered Glass,41.1,2,False,Inter-Tech
Sentey Ss1-2429,,MicroATX Mid Tower,Micro ATX,Black,,False,Solid,,0,False,Sentey
Broadway Com Corp R-800,,ATX Full Tower,ATX,Black,,False,Solid,60.2,5,False,Broadway Com
Corsair Carbide Series SPEC OMEGA,,ATX Mid Tower,ATX,Black / Red,,False,Tempered Glass,,3,False,Corsair
GameMax Infinity Mini,,MicroATX Mini Tower,Micro ATX,White,,False,Tempered Glass,36.7,1,False,GameMax
RAIJINTEK Metis,,Mini ITX Tower,Mini ITX,White,,False,Acrylic,13.4,1,False,RAIJINTEK
Thermaltake Level 10,,ATX Full Tower,ATX,Black,,False,Solid,129.6,6,False,Thermaltake
Cooler Master Cosmos SE,,ATX Mid Tower,ATX,Black,,False,Acrylic,78.4,8,False,Cooler Master
Vetroo M05,1299.6,MicroATX Mid Tower,Micro ATX,Green,,False,Tempered Glass,36.3,2,True,Vetroo
Silverstone TJ10S-W,,ATX Full Tower,ATX,Silver,,False,Acrylic,69.2,6,False,SilverStone
EVGA Hadron,,Mini ITX Tower,Mini ITX,Black,500.0,True,Acrylic,14.2,2,False,EVGA
SSUPD Meshroom S V2,,MicroATX Mini Tower,Micro ATX,White,,False,Mesh,14.9,2,False,SSUPD
Jonsbo D500,,ATX Full Tower,ATX,Black,,False,Tempered Glass,90.8,10,False,Jonsbo
mean:it 4PM,,ATX Desktop,ATX,Black / Red,,False,Tempered Glass,48.0,3,False,mean:it
NZXT Zero 2,,ATX Full Tower,ATX,Black,,False,Solid,59.7,6,False,NZXT
Lian Li LANCOOL 205M,,MicroATX Mid Tower,Micro ATX,White / Black,,False,Tempered Glass,,2,False,Lian Li
Fractal Design Meshify 3 XL Ambience Pro RGB,5499.8,ATX Full Tower,ATX,Black,,False,Tinted Tempered Glass,72.6,2,True,Fractal Design
Apevia Prism Elite,2199.79,ATX Mid Tower,ATX,Pink,,False,Tempered Glass,47.9,2,True,Apevia
Rosewill TYRFING,,ATX Mid Tower,ATX,Black,,False,Acrylic,44.0,3,False,Rosewill
Streacom DA6,2780.0,Mini ITX Test Bench,Mini ITX,Silver,,False,Solid,19.9,4,True,Streacom
Sentey CS1-1396,,ATX Mid Tower,ATX,Black,,False,Solid,27.8,5,False,Sentey
Azza Spectra,1199.8,ATX Mid Tower,ATX,Black,,False,Tempered Glass,33.4,2,True,Azza
Deepcool CG530,,ATX Mid Tower,ATX,White,,False,Tinted Acrylic,50.0,2,False,DeepCool
SAMA V40,1599.8,ATX Mid Tower,ATX,Black,,False,Tempered Glass,47.9,3,True,SAMA
Cooler Master MasterBox MB520,,ATX Mid Tower,ATX,Black / Red,,False,Acrylic,50.4,2,False,Cooler Master
Sentey GS-6010,,ATX Mid Tower,ATX,Black,,False,Solid,36.9,5,False,Sentey
Cooler Master CM 690 II Advanced NVIDIA Edition,,ATX Mid Tower,ATX,Black,,False,Acrylic,55.7,4,False,Cooler Master
RAIJINTEK OPHION EVO,1398.0,Mini ITX Desktop,Mini ITX,Black,,False,Acrylic,,1,True,RAIJINTEK
HEC 6C60BS,,ATX Mid Tower,ATX,Black / Silver,,False,Solid,38.4,4,False,HEC
Cooltek UMX1,,Mini ITX Tower,Mini ITX,Black,,False,Solid,,2,False,Cooltek
Montech AIR 1000 SILENT,,ATX Mid Tower,ATX,White,,False,Solid,,2,False,Montech
ZZEW A1 Plus,2199.79,Mini ITX Tower,Mini ITX,Silver,,False,Mesh,5.8,0,True,Desconocida
SilentiumPC Astrum AT6V EVO,,ATX Mid Tower,ATX,Black,,False,Tempered Glass,46.0,2,False,SilentiumPC
Aerocool Hexform RGB,,MicroATX Mid Tower,Micro ATX,Black,,False,Tempered Glass,28.0,2,False,Aerocool
Genesis Irid 503,,ATX Mini Tower,ATX,Black,,False,Tempered Glass,38.8,2,False,Desconocida
BitFenix Aegis,,MicroATX Mid Tower,Micro ATX,Black,,False,Acrylic,46.2,4,False,BitFenix
Mars Gaming MCV4,,ATX Mid Tower,ATX,Pink / Black,,False,Tempered Glass,50.9,2,False,Mars Gaming
Thermaltake Core V1,1073.59,Mini ITX Desktop,Mini ITX,Black,,False,Solid,22.4,2,True,Thermaltake
BitFenix Tracery,,ATX Mid Tower,ATX,Black,,False,Tempered Glass,52.8,4,False,BitFenix
NZXT Beta Evo,,ATX Mid Tower,ATX,Black,,False,Solid,48.9,5,False,NZXT
KOLINK Inspire K6,,MicroATX Mini Tower,Micro ATX,Black,,False,Tempered Glass,32.7,2,False,KOLINK
Lian Li PC-T80,,ATX Test Bench,ATX,Black,,False,Solid,,6,False,Lian Li
Chieftec BS-10B-300,3340.4,MicroATX Mini Tower,Micro ATX,Black,300.0,True,Solid,14.4,1,True,Chieftec
Geometric Future Model 2 The ARK,,MicroATX Mini Tower,Micro ATX,White,,False,Mesh,40.7,1,False,Geometric Future
Cougar MG140 Air RGB,,MicroATX Mini Tower,Micro ATX,Black / Gray,,False,Tempered Glass,35.3,2,False,Cougar
In Win B1 Pure,,Mini ITX Desktop,Mini ITX,White / Brown,200.0,True,Solid,7.8,0,False,In Win
Fractal Design Pop Silent,1699.8,ATX Mid Tower,ATX,Black,,False,Solid,46.2,2,True,Fractal Design
Lian Li PC-O5S,,HTPC,Mini ITX,White,,False,Tempered Glass,,5,False,Lian Li
In Win Chopin Pro,,HTPC,Mini ITX,Black,200.0,True,Mesh,4.4,0,False,In Win
Sentey BX1-4237 v2.1,,ATX Mid Tower,ATX,Black,,False,Solid,40.2,4,False,Sentey
Thermaltake Divider 200 TG Snow,,MicroATX Mini Tower,Micro ATX,Black,,False,Tempered Glass,51.6,3,False,Thermaltake
Silverstone FARA 515XR,1399.6,ATX Mid Tower,ATX,Black,,False,Tempered Glass,39.9,2,True,SilverStone
Anidees Crystal,,ATX Mid Tower,ATX,Black,,False,Tempered Glass,,3,False,Anidees
Antec NX500,,ATX Mid Tower,ATX,Black,,False,Tempered Glass,47.4,2,False,Antec
KOLINK Nimbus,,ATX Mid Tower,ATX,Black,,False,Tempered Glass,34.2,2,False,KOLINK
Inter-Tech X-908 Infini2,,ATX Mid Tower,ATX,Black,,False,Tempered Glass,,3,False,Inter-Tech
RAIJINTEK Enyo,,ATX Full Tower,ATX,Black,,False,Tempered Glass,185.4,4,False,RAIJINTEK
Logisys CS888CL,,ATX Mid Tower,ATX,Clear,,False,Solid,43.3,6,False,Logisys
KOLINK Rocket Heavy Vented,,Mini ITX Desktop,Mini ITX,Black,,False,Mesh,16.7,1,False,KOLINK
In Win EFS052,,ATX Mini Tower,ATX,Black,,False,Solid,25.4,0,False,In Win
NZXT H5 Flow RGB (2023),1199.8,ATX Mid Tower,ATX,Black,,False,Tempered Glass,47.0,1,True,NZXT
Cooler Master CM690 II Advanced,,ATX Mid Tower,ATX,Black,,False,Solid,56.3,6,False,Cooler Master
Gigabyte C102 GLASS,,MicroATX Mid Tower,Micro ATX,Black,,False,Tempered Glass,42.5,2,False,Gigabyte
In Win 216,,ATX Mid Tower,ATX,Black,,False,Tempered Glass,47.1,2,False,In Win
CiT Mirage F6,,ATX Mid Tower,ATX,Black,,False,Tempered Glass,29.9,2,False,CiT
Chieftec BU-12B-300,,Mini ITX Tower,Mini ITX,Black,300.0,True,Solid,7.5,1,False,Chieftec
darkFlash DB330M,1189.8,MicroATX Mini Tower,Micro ATX,Black,,False,Tempered Glass,29.0,1,True,darkFlash
Corsair iCUE 5000X RGB Planetary,,ATX Mid Tower,ATX,Black / Orange,,False,Tempered Glass,66.2,2,False,Corsair
BitFenix Phenom M Nvidia Edition,,MicroATX Mini Tower,Micro ATX,Black / Green,,False,Solid,30.6,5,False,BitFenix
Silverstone ML05B,1499.8,HTPC,Mini ITX,Black,,False,Solid,,0,True,SilverStone
Deepcool MATREXX 50,,ATX Mid Tower,ATX,Black,,False,Tempered Glass,44.5,2,False,DeepCool
Jonsbo TK-3,2497.6,ATX Mid Tower,ATX,Black,,False,Tempered Glass,52.3,2,True,Jonsbo
NZXT Vulcan,,MicroATX Mid Tower,Micro ATX,Black,,False,Acrylic,30.3,2,False,NZXT
Chieftec CN-01B-OP,1883.0,Mini ITX Desktop,Mini ITX,Black,,False,Mesh,13.0,3,True,Chieftec
BitFenix Enso Mesh,,ATX Mid Tower,ATX,Black,,False,Tempered Glass,46.4,2,False,BitFenix
Linkworld 6280-01,,HTPC,Mini ITX,Black / Silver,400.0,True,Solid,21.1,1,False,Linkworld
Mars Gaming MC-S2,1586.8,ATX Mid Tower,ATX,White,,False,Acrylic,19.5,1,True,Mars Gaming
Raidmax Monster II,,ATX Mid Tower,ATX,Black,,False,Acrylic,,2,False,Raidmax
Wesena HTPC-e4-v3-B,,HTPC,Mini ITX,Black,,False,Solid,,2,False,Desconocida
RAIJINTEK COEUS EVO,,ATX Full Tower,ATX,Black,,False,Acrylic,56.8,4,False,RAIJINTEK
MUSETEX MK7-GN5,,MicroATX Mini Tower,Micro ATX,Black,,False,Tempered Glass,37.4,2,False,MUSETEX
ENDORFY Ventum 200 ARGB,1440.0,ATX Mid Tower,ATX,Black,,False,Tempered Glass,35.4,1,True,ENDORFY
Rosewill RS-MI-01,,Mini ITX Tower,Mini ITX,Black,250.0,True,Solid,9.4,1,False,Rosewill
Asus Prime AP202,,MicroATX Mid Tower,Micro ATX,Black,,False,Tempered Glass,47.9,2,False,ASUS
Cooler Master HAF X,,ATX Full Tower,ATX,Black,,False,Acrylic,75.0,5,False,Cooler Master
Raidmax Fusion ATX-806WB,,ATX Mid Tower,ATX,Gray / Black,,False,Acrylic,41.0,5,False,Raidmax
Maingear Vybe Mk. V,,ATX Mid Tower,ATX,Red / Black,,False,Tempered Glass,38.4,2,False,Desconocida
Vetroo A03,,ATX Mid Tower,ATX,Black,,False,Tempered Glass,,2,False,Vetroo
GALAX REV-03,,MicroATX Mini Tower,Micro ATX,White,,False,Mesh,21.9,1,False,GALAX
Silverstone SG05-B,,Mini ITX Desktop,Mini ITX,Black,300.0,True,Solid,10.7,1,False,SilverStone
Chieftec BE-10B-300,,MicroATX Mini Tower,Micro ATX,Black,300.0,True,Solid,8.8,2,False,Chieftec
In Win CJ712,1960.0,MicroATX Desktop,Micro ATX,Black,265.0,True,Solid,8.0,1,True,In Win
Lian Li PC-8FI,,ATX Mid Tower,ATX,Silver,,False,Solid,80.4,6,False,Lian Li
Corsair 3000D AIRFLOW,1999.8,ATX Mid Tower,ATX,White,,False,Tempered Glass,49.5,2,True,Corsair
Deepcool CH270 DIGITAL,,MicroATX Mini Tower,Micro ATX,White,,False,Tempered Glass,32.4,1,False,DeepCool
Fractal Design Core 1000 USB 3.0,999.8,MicroATX Mid Tower,Micro ATX,Black,,False,Solid,25.8,2,True,Fractal Design
NZXT Switch 810,,ATX Full Tower,ATX,White / Black,,False,Acrylic,81.3,6,False,NZXT
VIVO CASE-V10G,,ATX Mid Tower,ATX,Black / Blue,,False,Acrylic,34.8,2,False,VIVO
Tecware Nexus,,ATX Mid Tower,ATX,Black,,False,Tempered Glass,,2,False,Tecware
Apex DM-387,1759.8,HTPC,Mini ITX,Black,275.0,True,Solid,12.8,1,True,Apex
Fractal Design Meshify 2 Nano,,Mini ITX Tower,Mini ITX,White,,False,Tempered Glass,29.3,1,False,Fractal Design
Fractal Design Pop Mini Air,1999.8,MicroATX Mid Tower,Micro ATX,Black,,False,Tempered Glass,36.5,2,True,Fractal Design
SHARKOON VG5,,ATX Mid Tower,ATX,Black / Blue,,False,Acrylic,38.3,3,False,SHARKOON
Parvum Systems S2.0,,MicroATX Mini Tower,Micro ATX,Black / White,,False,Acrylic,,2,False,Parvum Systems
GameMax Contac Turbo COC,,ATX Mid Tower,ATX,Black / Red,,False,Tempered Glass,43.0,2,False,GameMax
MSI MAG PANO M100L PZ,,MicroATX Mid Tower,Micro ATX,White,,False,Tempered Glass,41.9,1,False,MSI
Rosewill FBM-X2,,MicroATX Mini Tower,Micro ATX,Black,400.0,True,Solid,25.3,1,False,Rosewill
Fractal Design Meshify 2 RGB,,ATX Mid Tower,ATX,Black,,False,Tempered Glass,61.7,6,False,Fractal Design
SAMA ARK,,ATX Full Tower,ATX,Black / Blue,,False,Tempered Glass,,4,False,SAMA
Raidmax Element,,Mini ITX Desktop,Mini ITX,Black / Green,,False,Solid,,2,False,Raidmax
Antec C3 ARGB,1859.8,ATX Mid Tower,ATX,White,,False,Tempered Glass,47.9,1,True,Antec
Antec VSK-4350E-N,,ATX Mid Tower,ATX,Black,350.0,True,Solid,33.4,5,False,Antec
Streacom BC1,,ATX Test Bench,ATX,Black,,False,Solid,,2,False,Streacom
Phanteks Enthoo 719,,ATX Full Tower,ATX,Black,,False,Tempered Glass,81.4,4,False,Phanteks
Apex MJ-16,,MicroATX Mini Tower,Micro ATX,Black,250.0,True,Solid,16.9,3,False,Apex
Sunbeam ACMI-P-HUVB,,Mini ITX Tower,Mini ITX,Clear,150.0,True,Acrylic,10.3,1,False,Sunbeam
Montech AIR 100 ARGB,1398.0,MicroATX Mid Tower,Micro ATX,Black,,False,Tempered Glass,36.1,2,True,Montech
Xigmatek CCM-38BBW-U01,,ATX Mid Tower,ATX,Black,,False,Acrylic,67.8,8,False,Xigmatek
Corsair Carbide Series 100R,,ATX Mid Tower,ATX,Black,,False,Solid,,4,False,Corsair
RAIJINTEK STYX,,MicroATX Mini Tower,Micro ATX,Black,,False,Acrylic,,3,False,RAIJINTEK
Apevia X-FIT-100,,Mini ITX Tower,Mini ITX,Black,250.0,True,Solid,4.7,0,False,Apevia
GameMax Osmium,,ATX Mid Tower,ATX,Black,,False,Tempered Glass,46.7,2,False,GameMax
SAMA IM01,,MicroATX Mini Tower,Micro ATX,Black,,False,Solid,21.9,5,False,SAMA
Fractal Design Arc Mini R2,,MicroATX Mini Tower,Micro ATX,Black,,False,Acrylic,41.1,6,False,Fractal Design
Athenatech A301BS.400,,MicroATX Mini Tower,Micro ATX,Black / Silver,400.0,True,Solid,27.8,1,False,Athenatech
Azza Mesa,,ATX Desktop,ATX,Silver / Black,,False,Tempered Glass,130.2,2,False,Azza
Foxconn G-007(H),,MicroATX Mid Tower,Micro ATX,Black,,False,Solid,45.4,4,False,Foxconn
nMEDIAPC HTPC 1000B,,HTPC,Mini ITX,Black,,False,Solid,24.4,4,False,nMEDIAPC
Lian Li PC-O5,,HTPC,Mini ITX,Black,,False,Tempered Glass,,2,False,Lian Li
NZXT Phantom 630,,ATX Full Tower,ATX,Gunmetal,,False,Acrylic,92.0,6,False,NZXT
HEC 6T18BB,,MicroATX Mini Tower,Micro ATX,Black,,False,Solid,21.6,1,False,HEC
VIVO CASE-V00,,ATX Mini Tower,ATX,Black,,False,Solid,,2,False,VIVO
Geometric Future Model 5 Vent Fanless,2198.0,ATX Mid Tower,ATX,Black,,False,Tempered Glass,53.8,2,True,Geometric Future
Apex TM366BK,,MicroATX Mid Tower,Micro ATX,Black,300.0,True,Solid,25.0,1,False,Apex
Phanteks Enthoo Pro M TG,,ATX Mid Tower,ATX,Black,,False,Tinted Tempered Glass,56.4,2,False,Phanteks
Lian Li A4-H20 X4,3099.8,Mini ITX Desktop,Mini ITX,Black,,False,Mesh,11.1,0,True,Lian Li
Silverstone SG02B-F-USB3.0,,MicroATX Desktop,Micro ATX,Black,,False,Solid,22.4,2,False,SilverStone
Streacom DA2 V2,5180.0,Mini ITX Desktop,Mini ITX,Black,,False,Solid,17.5,0,True,Streacom
KOLINK Refine,,ATX Mid Tower,ATX,Black,,False,Tempered Glass,40.6,2,False,KOLINK
Silverstone FARA R1 PRO,2177.19,ATX Mid Tower,ATX,White,,False,Tempered Glass,36.0,1,True,SilverStone
Jonsbo UMX6,,ATX Full Tower,ATX,Black,,False,Tempered Glass,54.1,2,False,Jonsbo
RIOTORO CR1280 PRISM RGB,,ATX Full Tower,ATX,Black,,False,Acrylic,70.6,4,False,RIOTORO
Xigmatek Nemesis M,,MicroATX Mini Tower,Micro ATX,Black,,False,Tempered Glass,26.7,2,False,Xigmatek
BitFenix Aegis,,MicroATX Mid Tower,Micro ATX,White,,False,Acrylic,46.2,4,False,BitFenix
ENDORFY Signum 300 ARGB,,ATX Mid Tower,ATX,Black,,False,Tempered Glass,39.9,2,False,ENDORFY
Linkworld 313-06-C2228,,ATX Mid Tower,ATX,Black / Silver,,False,Solid,35.2,5,False,Linkworld
Thermaltake CTE E600,2599.8,ATX Mid Tower,ATX,Blue,,False,Tempered Glass,77.4,2,True,Thermaltake
In Win IW-V605T2.CQ350TBL,,MicroATX Mini Tower,Micro ATX,Black,350.0,True,Solid,22.9,1,False,In Win
Phanteks Evolv Shift Air,,Mini ITX Tower,Mini ITX,Black,,False,Mesh,24.0,1,False,Phanteks
Thermaltake H590 TG ARGB,,ATX Mid Tower,ATX,Black,,False,Tempered Glass,49.1,2,False,Thermaltake
Noua Utopia F2,,ATX Mid Tower,ATX,Black,,False,Tempered Glass,40.4,3,False,Noua
DIYPC G580,,ATX Mid Tower,ATX,Black,,False,Acrylic,,3,False,DIYPC
Sentey Arvina Extreme Division,,ATX Full Tower,ATX,Black,,False,Solid,60.7,5,False,Sentey
Cooler Master Elite 100,,MicroATX Slim,Micro ATX,Black,150.0,True,Solid,5.6,2,False,Cooler Master
Silverstone RV05B,,ATX Mid Tower,ATX,White / Black,,False,Solid,63.8,2,False,SilverStone
Apex PC-375,,ATX Mid Tower,ATX,Black,300.0,True,Solid,33.2,4,False,Apex
GALAX REV-05,,ATX Full Tower,ATX,White,,False,Tempered Glass,39.5,2,False,GALAX
Aerocool Prism V2 RGB,1199.8,ATX Mid Tower,ATX,Black,,False,Tempered Glass,41.7,2,True,Aerocool
YEYIAN Blade 2100,,ATX Mid Tower,ATX,Black,,False,Tempered Glass,36.6,2,False,YEYIAN
Zalman CUBIX,759.8,MicroATX Mini Tower,Micro ATX,Black,,False,Solid,,1,True,Zalman
Chieftec FI-01B-U3,,Mini ITX Desktop,Mini ITX,Black / Silver,250.0,True,Solid,,1,False,Chieftec
Inter-Tech SC-4100,,Mini ITX Desktop,Mini ITX,Black,,False,Solid,10.6,0,False,Inter-Tech
Fractal Design Meshify S2,,ATX Mid Tower,ATX,Black,,False,Tinted Tempered Glass,58.3,3,False,Fractal Design
Chieftec Chieftronic G1,,ATX Mid Tower,ATX,Black,,False,Tempered Glass,50.2,2,False,Chieftec
BitFenix Raider,,ATX Mid Tower,ATX,Black,,False,Solid,,6,False,BitFenix
APNX V1,2999.8,ATX Mid Tower,ATX,Black / Brown,,False,Tempered Glass,70.4,2,True,APNX
Aerocool Strike-X Air,,ATX Test Bench,ATX,Black / Red,,False,Solid,,3,False,Aerocool
Silverstone RL06,,ATX Mid Tower,ATX,Black / Red,,False,Acrylic,43.4,3,False,SilverStone
MUSETEX G07-S6,,ATX Mid Tower,ATX,Black,,False,Tempered Glass,40.9,1,False,MUSETEX
Cubitek MagicCube-AIO,,ATX Mid Tower,ATX,Black,,False,Solid,,5,False,Cubitek
CFI Pharaoh Evo,,ATX Full Tower,ATX,Black,,False,Acrylic,109.4,10,False,CFI
Element Gaming Hyperion,,MicroATX Mid Tower,Micro ATX,Black / Blue,,False,Acrylic,,5,False,Desconocida
Phanteks Enthoo EVOLV ATX,,ATX Mid Tower,ATX,Silver,,False,Acrylic,,5,False,Phanteks
Nanoxia Deep Silence 3,,ATX Mid Tower,ATX,Black / Silver,,False,Solid,,5,False,Nanoxia
Noua Utopia F12,,ATX Mid Tower,ATX,Black,,False,Tempered Glass,40.4,3,False,Noua
Athena Power CA-601YW95,,ATX Full Tower,ATX,Yellow,950.0,True,Acrylic,50.6,4,False,Athena Power
XClio XCLIO 777Color,,ATX Full Tower,ATX,Black,,False,Solid,93.2,8,False,XClio
Ocelot OGEC01,,ATX Mid Tower,ATX,Black,,False,Tempered Glass,31.7,2,False,Desconocida
Gigabyte GZ-ZHSGWJ,,ATX Mid Tower,ATX,Black / Blue,,False,Acrylic,,8,False,Gigabyte
Razer Tomahawk ATX,4399.59,ATX Mid Tower,ATX,Black,,False,Tinted Tempered Glass,,3,True,Razer
LEPA LPC306(2U3),,ATX Mid Tower,ATX,Black,,False,Acrylic,,3,False,Desconocida
Silverstone Lucid LD03,2996.2,Mini ITX Tower,Mini ITX,,,False,Tinted Tempered Glass,25.2,1,True,SilverStone
Enermax StarryKnight SK30 RGB,,ATX Mid Tower,ATX,Black,,False,Tempered Glass,,2,False,Enermax
NOX LITE030,,MicroATX Mid Tower,Micro ATX,Black,500.0,True,Solid,19.6,3,False,NOX
GAMDIAS TALOS M1A,,ATX Mid Tower,ATX,Black,,False,Tempered Glass,,2,False,GAMDIAS
Cooler Master NCORE 100 AIR,2799.8,Mini ITX Tower,Mini ITX,Black,,False,Mesh,16.4,0,True,Cooler Master
Azza Bastion 120,,MicroATX Mid Tower,Micro ATX,Black,,False,Tempered Glass,35.9,2,False,Azza
Jonsbo N10,1239.8,Mini ITX Tower,Mini ITX,Black,,False,Mesh,4.5,0,True,Jonsbo
Aerocool DS Cube,,MicroATX Mini Tower,Micro ATX,Black / Orange,,False,Solid,41.5,2,False,Aerocool
Anidees AI Crystal Cube Lite,,ATX Desktop,ATX,Black,,False,Tempered Glass,50.5,3,False,Anidees
Diablotek CPA-3570,,ATX Mid Tower,ATX,Black,,False,Solid,38.4,4,False,Diablotek
Cooler Master QUBE 500 Flatpack Macaron Edition,1999.8,ATX Mid Tower,ATX,Multicolor,,False,Tempered Glass,38.9,4,True,Cooler Master
Cooler Master HAF 700 EVO,8999.79,ATX Full Tower,ATX,Gray / Black,,False,Tempered Glass,,12,True,Cooler Master
HYTE Y70 Touch,,ATX Mid Tower,ATX,Black,,False,Tempered Glass,70.7,2,False,HYTE
Antec Dark League DF800 FLUX,,ATX Mid Tower,ATX,Black,,False,Tempered Glass,,3,False,Antec
GAMDIAS ARGUS M2,,ATX Mid Tower,ATX,Black,,False,Tempered Glass,,2,False,GAMDIAS
Zalman HD160,,HTPC,Mini ITX,Silver / Black,,False,Solid,29.4,4,False,Zalman
Azza Taurus 5000W,,ATX Full Tower,ATX,White,,False,Acrylic,,8,False,Azza
FSP Group CUT593A,,ATX Full Tower,ATX,Black,,False,Tempered Glass,62.6,3,False,FSP
Corsair Carbide Series Air 240,,MicroATX Mid Tower,Micro ATX,White,,False,Acrylic,32.8,3,False,Corsair
Vetroo AL900,1599.6,ATX Mid Tower,ATX,White,,False,Tempered Glass,48.1,0,True,Vetroo
Lian Li PC-A05FNB,,ATX Mid Tower,ATX,Black,,False,Solid,40.4,3,False,Lian Li
Noua Ego Z5,,ATX Full Tower,ATX,Black,,False,Tempered Glass,104.6,2,False,Noua
Rosewill FBM-X3,1799.8,MicroATX Mid Tower,Micro ATX,Black,650.0,True,Tempered Glass,37.0,2,True,Rosewill
Apex MI-008,1367.8,Mini ITX Tower,Mini ITX,Black,250.0,True,Solid,8.5,1,True,Apex
BitFenix Prodigy,,Mini ITX Tower,Mini ITX,White,,False,Solid,36.0,5,False,BitFenix
Jonsbo D32 PRO MESH,1499.8,MicroATX Desktop,Micro ATX,,,False,Mesh,25.7,2,True,Jonsbo
Apex DM-318,,HTPC,Mini ITX,Black,275.0,True,Solid,12.8,1,False,Apex
Rosewill FBM-X2-400-HELIX,1199.8,MicroATX Mini Tower,Micro ATX,Black,400.0,True,Solid,25.3,1,True,Rosewill
Thermaltake The Tower 250,3099.6,Mini ITX Tower,Mini ITX,Blue / Pink,,False,Tempered Glass,42.7,1,True,Thermaltake
Aerocool Aero One Mini Eclipse,,MicroATX Mini Tower,Micro ATX,White / Black,,False,Tempered Glass,,2,False,Aerocool
be quiet! Pure Base 600,2398.0,ATX Mid Tower,ATX,Black,,False,Tempered Glass,50.9,3,True,be quiet!
SHARKOON Skiller SGC1 Window,,ATX Mid Tower,ATX,Green,,False,Acrylic,47.5,2,False,SHARKOON
BitFenix Garen,,ATX Mid Tower,ATX,Black,,False,Tempered Glass,42.3,2,False,BitFenix
Thermaltake S100,1499.6,MicroATX Mini Tower,Micro ATX,Black,,False,Tempered Glass,,2,True,Thermaltake
Inter-Tech IM-1 POCKET,,MicroATX Mini Tower,Micro ATX,Black,,False,Mesh,21.9,4,False,Inter-Tech
Azza Sirius 206,,ATX Mid Tower,ATX,Black / Blue,,False,Acrylic,38.3,3,False,Azza
SHARKOON Skiller SGC1 Window,,ATX Mid Tower,ATX,Blue,,False,Acrylic,47.5,2,False,SHARKOON
Thermaltake Commander MS/I Snow Edition,,ATX Mid Tower,ATX,White / Black,,False,Acrylic,41.9,5,False,Thermaltake
In Win BUC,,ATX Mid Tower,ATX,Black,,False,Solid,51.4,5,False,In Win
DIYPC Mirage-D1,,ATX Mid Tower,ATX,Black / White,,False,Acrylic,37.2,4,False,DIYPC
Sentey BX1-4285 v2.1,,ATX Mid Tower,ATX,Black,,False,Solid,40.2,4,False,Sentey
Enermax MarbleShell M MS20 ARGB,,MicroATX Mini Tower,Micro ATX,White / Black,,False,Tempered Glass,,2,False,Enermax
Antec Skeleton,,ATX Mini Tower,ATX,Silver / Black,,False,Solid,51.9,2,False,Antec
In Win BQ656.AD80TBL,,Mini ITX Tower,Mini ITX,Black,80.0,True,Solid,3.3,0,False,In Win
Asus TUF Gaming GT502 Plus,,ATX Mid Tower,ATX,Black,,False,Tempered Glass,57.2,4,False,ASUS
NZXT CRFT 08 H510 Valhalla,,ATX Mid Tower,ATX,Black / Gray,,False,Tempered Glass,41.3,2,False,NZXT
Deepcool CH260,,MicroATX Desktop,Micro ATX,Black,,False,Tempered Glass,30.8,1,False,DeepCool
Asus TUF Gaming GT502,3599.4,ATX Mid Tower,ATX,Black,,False,Tempered Glass,57.2,4,True,ASUS
SilentiumPC Regnum RG4T,,ATX Mid Tower,ATX,White / Black,,False,Tempered Glass,46.8,3,False,SilentiumPC
Lian Li TU150,,Mini ITX Desktop,Mini ITX,Black,,False,Tempered Glass,23.8,1,False,Lian Li
Lian Li PC-60FN,,ATX Mid Tower,ATX,Black,,False,Solid,47.9,4,False,Lian Li
Vetroo K2,,Mini ITX Desktop,Mini ITX,Black,,False,Tempered Glass,,0,False,Vetroo
Antec Dark Phantom DP301M,,MicroATX Mid Tower,Micro ATX,Black,,False,Acrylic,,2,False,Antec
Raidmax Smilodon ATX-612WB,,ATX Mid Tower,ATX,Black / White,500.0,True,Acrylic,47.5,4,False,Raidmax
Zalman T8,859.0,ATX Mid Tower,ATX,Black,,False,Solid,33.4,2,True,Zalman
be quiet! Silent Base 801,,ATX Mid Tower,ATX,Black,,False,Tempered Glass,,5,False,be quiet!
SSUPD Meshroom D,1999.8,Mini ITX Desktop,Mini ITX,Black,,False,Mesh,15.0,3,True,SSUPD
Deepcool CH370,,MicroATX Mid Tower,Micro ATX,White,,False,Tempered Glass,38.3,2,False,DeepCool
Raidmax Viper II,,ATX Mid Tower,ATX,Black / Blue,,False,Acrylic,,3,False,Raidmax
GAMDIAS MARS E2,1599.8,MicroATX Mid Tower,Micro ATX,Black,,False,Tempered Glass,,2,True,GAMDIAS
RAIJINTEK STYX,1799.8,MicroATX Mini Tower,Micro ATX,Silver,,False,Solid,,3,True,RAIJINTEK
Phanteks XT M3,1359.6,MicroATX Mid Tower,Micro ATX,White,,False,Tempered Glass,40.0,1,True,Phanteks
HYTE Mori Calliope Y40,6999.8,ATX Mid Tower,ATX,Black / Red,,False,Tempered Glass,49.7,1,True,HYTE
Silverstone FT01-B,,ATX Mid Tower,ATX,Silver,,False,Acrylic,51.7,7,False,SilverStone
HEC 7106BB,,ATX Desktop,ATX,Black,,False,Solid,28.7,2,False,HEC
Apevia X-Telstar,,ATX Full Tower,ATX,Black,,False,Acrylic,52.7,5,False,Apevia
SAMA NEVIEW 4503,,ATX Mid Tower,ATX,White,,False,Tempered Glass,54.7,0,False,SAMA
NZXT S340 Elite Hyper Beast,,ATX Mid Tower,ATX,Multicolor,,False,Tempered Glass,41.6,2,False,NZXT
Mars Gaming MC-VIEW,,MicroATX Mid Tower,Micro ATX,White,,False,Tempered Glass,32.1,1,False,Mars Gaming
Parvum Systems S1.0,,MicroATX Mid Tower,Micro ATX,Black,,False,Acrylic,,2,False,Parvum Systems
GameMax N80,2339.79,ATX Mid Tower,ATX,Black,,False,Tempered Glass,56.0,1,True,GameMax
iBuypower Element 9,2299.79,ATX Mid Tower,ATX,White,,False,Tempered Glass,49.2,2,True,iBuypower
Thermaltake H570 TG ARGB,,ATX Mid Tower,ATX,Black,,False,Tempered Glass,48.8,2,False,Thermaltake
Aerocool Viewport Mini V1,,MicroATX Mini Tower,Micro ATX,Black,,False,Tempered Glass,35.0,1,False,Aerocool
KOLINK Big Chungus UNIT,,ATX Full Tower,ATX,Black,,False,Tempered Glass,146.1,2,False,KOLINK
Rosewill Legacy U2-S,,Mini ITX Tower,Mini ITX,Silver,,False,Solid,15.4,2,False,Rosewill
HEC 6K28BBOH48D,,MicroATX Mini Tower,Micro ATX,Black,485.0,True,Solid,29.1,2,False,HEC
Broadway Com Corp 937PK,,MicroATX Mid Tower,Micro ATX,Black / Gray,420.0,True,Solid,25.5,4,False,Broadway Com
Cooltek Antiphon,,ATX Mid Tower,ATX,Black,,False,Solid,,4,False,Cooltek
Jonsbo TB01,,ATX Test Bench,ATX,Black,,False,Solid,50.5,4,False,Jonsbo
Zalman T2 Plus,,MicroATX Mini Tower,Micro ATX,Black,,False,Acrylic,,2,False,Zalman
Deepcool D-Shield,,ATX Mid Tower,ATX,Black,,False,Acrylic,,3,False,DeepCool
Thermaltake The Tower 300,1799.8,MicroATX Mini Tower,Micro ATX,Gray,,False,Tempered Glass,53.0,3,True,Thermaltake
Cooler Master Elite 360,,ATX Mini Tower,ATX,Black,,False,Solid,23.2,1,False,Cooler Master
Fractal Design Era ITX,,Mini ITX Desktop,Mini ITX,Gold / Black,,False,Tinted Tempered Glass,16.7,1,False,Fractal Design
DIYPC V3Plus,,Mini ITX Tower,Mini ITX,Black,,False,Solid,10.5,1,False,DIYPC
Asus ROG Z11,,Mini ITX Tower,Mini ITX,Black,,False,Tinted Tempered Glass,,1,False,ASUS
Gigabyte Setto 1020,,ATX Mid Tower,ATX,Black,,False,Solid,36.1,6,False,Gigabyte
GAMDIAS ATHENA M3,1499.6,ATX Mid Tower,ATX,Black,,False,Tempered Glass,45.1,2,True,GAMDIAS
RAIJINTEK Metis,,Mini ITX Tower,Mini ITX,Blue,,False,Solid,13.4,1,False,RAIJINTEK
Fractal Design Define R3,,ATX Mid Tower,ATX,Black / Gray,,False,Solid,47.5,8,False,Fractal Design
Parvum Systems S2.0,,MicroATX Mini Tower,Micro ATX,White / Black,,False,Acrylic,,2,False,Parvum Systems
Geometric Future M4 Caliburn,,ATX Mid Tower,ATX,Black / Silver,,False,Tempered Glass,37.9,2,False,Geometric Future
NZXT H500,,ATX Mid Tower,ATX,Black / Red,,False,Tempered Glass,41.3,3,False,NZXT
RAIJINTEK Ponos Ultra MS4,1599.6,ATX Mid Tower,ATX,Black,,False,Tempered Glass,46.3,2,True,RAIJINTEK
Azza CSAZ-105,,Mini ITX Desktop,Mini ITX,Black,,False,Solid,,1,False,Azza
Antec C8 ARGB,2999.8,ATX Full Tower,ATX,White,,False,Tempered Glass,66.9,2,True,Antec
MagniumGear NEO QUBE 2,,ATX Mid Tower,ATX,Black,,False,Tempered Glass,55.9,2,False,MagniumGear
SAMA Proxima-RGB,,ATX Mid Tower,ATX,Black,,False,Tempered Glass,,2,False,SAMA
GameMax Nova N6,,ATX Mid Tower,ATX,Black,,False,Tempered Glass,37.6,2,False,GameMax
Corsair Crystal Series 280X,,MicroATX Mid Tower,Micro ATX,Black,,False,Tempered Glass,,2,False,Corsair
Lian Li PC-Q12,,Mini ITX Tower,Mini ITX,Silver,300.0,True,Solid,6.6,0,False,Lian Li
Lian Li PC-V354,,MicroATX Mini Tower,Micro ATX,Silver,,False,Solid,32.9,7,False,Lian Li
Lian Li A3-mATX,1799.8,MicroATX Mini Tower,Micro ATX,Black / Brown,,False,Tempered Glass,26.3,1,True,Lian Li
DIYPC Ranger-R5,,ATX Mid Tower,ATX,Black / Blue,,False,Acrylic,,4,False,DIYPC
KOLINK KLM-003,,MicroATX Mini Tower,Micro ATX,Black,,False,Solid,23.2,0,False,KOLINK
HYTE Y60 Hakos Baelz,5600.0,ATX Mid Tower,ATX,Black / Red,,False,Tempered Glass,60.0,2,True,HYTE
Jonsbo Jonsplus i400,,ATX Mid Tower,ATX,Black,,False,Tempered Glass,55.7,6,False,Jonsbo
Lian Li LANCOOL 205,,ATX Mid Tower,ATX,White,,False,Tempered Glass,,2,False,Lian Li
Aerocool XPredator X3,,ATX Mid Tower,ATX,Black / White,,False,Acrylic,62.5,8,False,Aerocool
Silverstone LC18,,HTPC,Mini ITX,Black,,False,Solid,30.6,5,False,SilverStone
Silverstone PM01,,ATX Mid Tower,ATX,Black,,False,Acrylic,70.3,4,False,SilverStone
Aerocool CS-101,,MicroATX Slim,Micro ATX,Black,,False,Solid,,1,False,Aerocool
Raidmax ATX-502WBG,,ATX Mid Tower,ATX,Black / Silver,,False,Solid,59.5,3,False,Raidmax
Sentey PS2-3272,,ATX Mid Tower,ATX,Black,250.0,True,Solid,38.8,4,False,Sentey
Montech SKY TWO GX,2342.0,ATX Mid Tower,ATX,Black,,False,Tempered Glass,49.5,2,True,Montech
Foxconn TW-689 (H+A)+ISO-450,,MicroATX Mini Tower,Micro ATX,Black / Silver,350.0,True,Solid,25.1,2,False,Foxconn
APNX V1,,ATX Mid Tower,ATX,White / Brown,,False,Tempered Glass,70.4,2,False,APNX
Enermax Hoplite ST,,ATX Mid Tower,ATX,White,,False,Acrylic,48.0,6,False,Enermax
In Win BL631.300TBL,,MicroATX Slim,Micro ATX,Black,300.0,True,Solid,11.6,2,False,In Win
NZXT H3 Flow,1399.6,MicroATX Mid Tower,Micro ATX,Black,,False,Tinted Tempered Glass,35.0,1,True,NZXT
Azza Pyramid Mini 806,6799.8,Mini ITX Tower,Mini ITX,Silver / Black,,False,Tempered Glass,,0,True,Azza
Cooler Master Elite 600,,ATX Mid Tower,ATX,White,,False,Tempered Glass,52.0,2,False,Cooler Master
GameMax Brufen C3,,ATX Mid Tower,ATX,Black / White,,False,Tempered Glass,42.2,2,False,GameMax
Apevia X-Gear,,ATX Mid Tower,ATX,Green / Blue,420.0,True,Acrylic,40.1,4,False,Apevia
HYTE Y40,2599.8,ATX Mid Tower,ATX,Red / Black,,False,Tempered Glass,49.7,1,True,HYTE
In Win CE685.FH300TB3,2308.0,MicroATX Slim,Micro ATX,Black,300.0,True,Solid,11.8,1,True,In Win
Silverstone TJ04B-E,4821.39,ATX Mid Tower,ATX,Black,,False,Solid,51.0,9,True,SilverStone
GameMax Centauri,,MicroATX Mid Tower,Micro ATX,Black / Red,,False,Acrylic,34.7,2,False,GameMax
Deepcool STEAM CASTLE,,MicroATX Mid Tower,Micro ATX,Yellow,,False,Acrylic,47.1,3,False,DeepCool
Sentey SS1-2420,,MicroATX Slim,Micro ATX,Black,250.0,True,Solid,13.3,1,False,Sentey
Xion AXP-ARM001-BL,,ATX Mid Tower,ATX,Black,,False,Acrylic,38.3,5,False,Xion
Asus A23 PLUS,2580.0,MicroATX Mid Tower,Micro ATX,Black,,False,Tempered Glass,47.4,2,True,ASUS
darkFlash DLM 21,,MicroATX Mid Tower,Micro ATX,White,,False,Tempered Glass,,2,False,darkFlash
VIVO CASE-V06,,MicroATX Mid Tower,Micro ATX,Black,,False,Acrylic,,2,False,VIVO
iBuypower Slate 8 Mesh Pro ARGB,2699.8,ATX Mid Tower,ATX,Black,,False,Tempered Glass,54.2,1,True,iBuypower
GALAX REV-06 ARGB,,ATX Mid Tower,ATX,Black,,False,Tempered Glass,39.5,2,False,GALAX
Aerocool Shard,,ATX Mid Tower,ATX,Black,,False,Acrylic,36.5,2,False,Aerocool
NZXT H500i,,ATX Mid Tower,ATX,White,,False,Tempered Glass,41.3,3,False,NZXT
Geometric Future Model 2 The ARK,3398.0,MicroATX Mini Tower,Micro ATX,Black / Gold,,False,Mesh,40.7,1,True,Geometric Future
Azza Golem 221G,,ATX Mid Tower,ATX,Black,,False,Tempered Glass,40.4,3,False,Azza
Xigmatek Nebula,,Mini ITX Tower,Mini ITX,Black,,False,Solid,22.3,2,False,Xigmatek
DIYPC DIY-CUBE01,1179.59,MicroATX Mini Tower,Micro ATX,White,,False,Tempered Glass,40.0,0,True,DIYPC
