name,price,socket,form_factor,max_memory,memory_slots,color,price_available,brand
Gigabyte GA-X99-Gaming 7 WIFI,,LGA2011-3,EATX,64,8,Black / Red,False,Gigabyte
Gigabyte B560M DS3H,,LGA1200,Micro ATX,128,4,Black,False,Gigabyte
Asus P5QProTurbo,,LGA775,ATX,16,4,Multicolor,False,ASUS
MSI MAG Z690 TORPEDO,7733.6,LGA1700,ATX,192,4,Blue / Black,True,MSI
Asus PRIME H410M-K R3.0,,LGA1200,Micro ATX,64,2,Silver / Black,False,ASUS
Foxconn H81MXV-D,,LGA1150,Micro ATX,16,2,Black / Blue,False,Foxconn
MSI H97I AC,,LGA1150,Mini ITX,16,2,Black / Silver,False,MSI
Asus Z97-A,6999.8,LGA1150,ATX,32,4,Black / Gold,True,ASUS
ASRock FM2A85X Extreme6,,FM2,ATX,64,4,Black / Gold,False,ASRock
Gigabyte GA-G41M-ES2L,,LGA775,Micro ATX,8,2,Multicolor,False,Gigabyte
Gigabyte B660M GAMING X AX,,LGA1700,Micro ATX,192,4,Black,False,Gigabyte
EVGA 170-BL-E762-A1,,LGA1366,XL ATX,24,6,Black / Red,False,EVGA
Gigabyte GA-G1.SNIPER Z97,,LGA1150,ATX,32,4,Black / Red,False,Gigabyte
MSI E350IA-E45,,Integrated E-Series E-350,Mini ITX,8,2,Black / Blue,False,MSI
Supermicro C9Z490-PG,,LGA1200,ATX,128,4,Black,False,Supermicro
ASRock A785GM-LE/128M,1242.39,AM3/AM2+/AM2,Micro ATX,8,2,Multicolor,True,ASRock
Gigabyte Z890 GAMING X WIFI7,5199.8,LGA1851,ATX,256,4,Silver / Black,True,Gigabyte
Jetway JTA980AG,,AM3+,ATX,8,2,,False,Jetway
ECS NM70-I2(1.0),,Integrated Celeron 1037U,Mini ITX,16,2,Black / Gray,False,ECS
MSI MPG B760I EDGE WIFI,4399.8,LGA1700,Mini ITX,96,2,Black / Silver,True,MSI
Gigabyte GA-EP43T-USB3,,LGA775,ATX,16,4,Blue / White,False,Gigabyte
ASRock C70M1,,Integrated C-Series C-70,Mini ITX,16,2,Black / Blue,False,ASRock
MSI B250M MORTAR,,LGA1151,Micro ATX,64,4,Black / Red,False,MSI
EVGA 132-LF-E655-KR,,LGA1156,ATX,16,4,Black,False,EVGA
Gigabyte X870E AORUS PRO ICE,6599.8,AM5,ATX,256,4,White,True,Gigabyte
Biostar H81MHV3,,LGA1150,Micro ATX,16,2,Black / Yellow,False,Biostar
ASRock H610M-HDV,,LGA1700,Micro ATX,64,2,Gray / Black,False,ASRock
ASRock AD525PV3,,Integrated Atom D525,Mini ITX,8,2,Black / Blue,False,ASRock
MSI Creator TRX40,,sTRX4,EATX,256,8,Black / Silver,False,MSI
Asus P5P43TD/USB3,,LGA775,ATX,16,4,,False,ASUS
Biostar H410MH,,LGA1200,Micro ATX,64,2,Black,False,Biostar
Gigabyte GA-H110N,,LGA1151,Mini ITX,32,2,Black / Silver,False,Gigabyte
MSI Z170A-G43 PLUS,,LGA1151,ATX,64,4,Black / White,False,MSI
Gigabyte GA-F2A85X-D3H,,FM2,ATX,64,4,Black / Gray,False,Gigabyte
Asus PRIME B650M-A II-CSM,3199.8,AM5,Micro ATX,192,4,Silver / Black,True,ASUS
Biostar X470MH,,AM4,Micro ATX,32,2,Black,False,Biostar
ASRock B860 Lightning WiFi,2999.8,LGA1851,ATX,256,4,Black,True,ASRock
EVGA P55V,2493.8,LGA1156,Micro ATX,16,4,Black / Gray,True,EVGA
Asus ROG MAXIMUS Z690 EXTREME,,LGA1700,EATX,192,4,,False,ASUS
Gigabyte GA-880GM-UD2H,,AM3,Micro ATX,16,4,Blue / White,False,Gigabyte
MSI MEG Z390 GODLIKE,,LGA1151,EATX,128,4,Black,False,MSI
MSI MEG Z890 GODLIKE,21639.8,LGA1851,EATX,256,4,Black,True,MSI
Asus PRIME X570-PRO,8580.0,AM4,ATX,128,4,Black / White,True,ASUS
EVGA Classified,,LGA2011-3,EATX,128,8,Black / Red,False,EVGA
Asus Rampage III Black Edition,,LGA1366,EATX,48,6,Black / Gray,False,ASUS
Biostar Hi-Fi A88W 3D,,FM2+,ATX,64,4,Black / Blue,False,Biostar
Gigabyte X670 AORUS ELITE AX,4799.8,AM5,ATX,192,4,Black,True,Gigabyte
ECS A885GM-A2 (V1.1),,AM3,ATX,32,4,,False,ECS
Asus Prime X299-A II,4919.8,LGA2066,ATX,256,8,Silver / Black,True,ASUS
Intel DP35DPM,,LGA775,ATX,8,4,Black / Blue,False,Intel
ASRock A75 Pro4,,FM1,ATX,32,4,Black / Blue,False,ASRock
ASRock H370M-HDV,1499.6,LGA1151,Micro ATX,64,2,Black / Silver,True,ASRock
Asus Z790-AYW WIFI W-CSM,,LGA1700,ATX,192,4,White,False,ASUS
Zotac IONITX-T-U,,Integrated Atom D525,Mini ITX,4,2,,False,Zotac
Asus M5A99X EVO R2.0,,AM3+,ATX,32,4,Black / Blue,False,ASUS
MSI A58M-E35,,FM2+,Micro ATX,32,2,Black / Blue,False,MSI
Asus PRIME H510M-K,2160.0,LGA1200,Micro ATX,64,2,Black / Silver,True,ASUS
Asus B150 PRO GAMING/AURA,,LGA1151,ATX,64,4,Black / Red,False,ASUS
ASRock B75M-GL R2.0,,LGA1155,Micro ATX,16,2,Brown / Black,False,ASRock
Gigabyte GA-B365M-HD3,,LGA1151,Micro ATX,32,2,Black / Silver,False,Gigabyte
ECS CDC-I/D2500(1.0),,Integrated Atom D2500,Mini ITX,4,2,Black / Silver,False,ECS
Jetway JXBLUE-H55-MINI-LF,,LGA1156,Micro ATX,8,2,,False,Jetway
Gigabyte Z790 AORUS ELITE X,,LGA1700,ATX,192,4,Black,False,Gigabyte
Asus M4A78L-M,,AM3/AM2+/AM2,Micro ATX,8,2,,False,ASUS
Jetway JMA3-79GDGD-LF,,AM3/AM2+/AM2,Micro ATX,8,4,,False,Jetway
MSI B550M PRO-VDH WIFI,2199.79,AM4,Micro ATX,128,4,Black,True,MSI
Asus Rampage III Formula,,LGA1366,ATX,24,6,Black / Red,False,ASUS
Asus P8H67-M EVO,,LGA1155,Micro ATX,32,4,Black / Blue,False,ASUS
MSI PRO B650M-A WIFI,2919.8,AM5,Micro ATX,192,4,Black,True,MSI
Biostar G41D3,,LGA775,Micro ATX,8,2,Black / Red,False,Biostar
Sapphire PURE Black 990FX,,AM3+/AM3,ATX,16,4,,False,Sapphire
Gigabyte GA-Z77X-UP7,,LGA1155,EATX,32,4,Black / Orange,False,Gigabyte
Asus ROG MAXIMUS Z790 EXTREME,52172.0,LGA1700,EATX,192,4,Black,True,ASUS
Supermicro MBD-X10DAL-I-O,14500.0,2 x LGA2011-3,ATX,512,8,Black / Green,True,Supermicro
ASRock H510M-HDV/M.2 SE,1886.2,LGA1200,Micro ATX,64,2,Black / Silver,True,ASRock
Asus Pro WS X299 SAGE II,,LGA2066,SSI CEB,256,8,Black / Silver,False,ASUS
Asus PRIME B650EM-A WIFI,,AM5,Micro ATX,256,4,Black / Silver,False,ASUS
Supermicro X10SLH-F,,LGA1150,Micro ATX,32,4,Green,False,Supermicro
Asus F1A75-I Deluxe,,FM1,Mini ITX,16,2,Black / Blue,False,ASUS
Biostar TA970XE,,AM3+,ATX,32,4,Black / Red,False,Biostar
NZXT N9 Z890,8999.79,LGA1851,ATX,192,4,Black,True,NZXT
Asus MAXIMUS VII IMPACT,,LGA1150,Mini ITX,16,2,Black / Red,False,ASUS
EVGA X299 Micro,,LGA2066,Micro ATX,128,4,Black,False,EVGA
Asus Z9PE-D8 WS,,2 x LGA2011,SSI EEB,64,8,Black / Blue,False,ASUS
MSI MPG Z890 EDGE TI WIFI,7399.8,LGA1851,ATX,256,4,Silver / White,True,MSI
Asus PRIME B250M-D,,LGA1151,Micro ATX,32,2,Black / Silver,False,ASUS
Gigabyte Z690I AORUS ULTRA PLUS DDR4 (rev. 1.0),,LGA1700,Mini ITX,64,2,,False,Gigabyte
Gigabyte GA-870A-UD3,,AM3,ATX,16,4,Blue / White,False,Gigabyte
Biostar TA790XE,,AM3/AM2+,ATX,16,4,Multicolor,False,Biostar
ASRock 760GM-HDV,,AM3+/AM3,Micro ATX,32,2,Black / Blue,False,ASRock
Biostar A880GU3,4999.8,AM3,Micro ATX,8,2,Black / Red,True,Biostar
Asus GRYPHON Z87,,LGA1150,Micro ATX,32,4,Brown / Black,False,ASUS
Intel D510MO,,Integrated Atom D510,Mini ITX,4,2,Green / Black,False,Intel
Foxconn H61AP,,LGA1155,ATX,16,2,Blue / White,False,Foxconn
EVGA Z790 CLASSIFIED,,LGA1700,EATX,128,4,Black,False,EVGA
Asus ROG STRIX B460-I GAMING,,LGA1200,Mini ITX,64,2,Black / Silver,False,ASUS
ASRock B85 Killer,,LGA1150,ATX,32,4,Black / Red,False,ASRock
Gigabyte GA-H110M-S2PH,,LGA1151,Micro ATX,32,2,Black,False,Gigabyte
NZXT N5 Z690,,LGA1700,ATX,128,4,Black / White,False,NZXT
Asus MAXIMUS VIII HERO,,LGA1151,ATX,64,4,Black / Red,False,ASUS
Asus M4N68T-M V2,3999.8,AM3,Micro ATX,16,2,Black / Blue,True,ASUS
Asus H97M-E/CSM/C/SI,,LGA1150,Micro ATX,32,4,Black / Gold,False,ASUS
ECS H81H3-A3,,LGA1150,ATX,16,2,Black / Gray,False,ECS
MSI X570-A PRO,,AM4,ATX,128,4,Black / Silver,False,MSI
Asus ROG MAXIMUS XII EXTREME,19937.0,LGA1200,EATX,128,4,Black,True,ASUS
Foxconn M61PMV,,AM2+/AM2,Micro ATX,4,2,Black / Yellow,False,Foxconn
ASRock Q1900M,,Integrated Celeron J1900,Micro ATX,16,2,Brown,False,ASRock
Jetway JHA16-ULTRA,,FM1,ATX,16,4,,False,Jetway
Asus AM1M-A,3999.8,AM1,Micro ATX,32,2,Black / Gold,True,ASUS
Gigabyte Z890 AORUS ELITE WIFI7,4908.0,LGA1851,ATX,256,4,Black,True,Gigabyte
Biostar A55MLV,,FM1,Micro ATX,16,2,Black / Red,False,Biostar
Gigabyte Z890 AORUS XTREME AI TOP,19999.8,LGA1851,EATX,256,4,Black,True,Gigabyte
ECS A785GM-M5 1.0,,AM3/AM2+/AM2,Micro ATX,8,2,,False,ECS
ASRock A75M-ITX,,FM1,Mini ITX,16,2,Black / Blue,False,ASRock
MSI 890FXA-GD65,6239.6,AM3,ATX,16,4,Black / Blue,True,MSI
Gigabyte GA-AX370M-Gaming 3,,AM4,Micro ATX,64,4,Beige / Red,False,Gigabyte
Asus STRIX X299-E GAMING,,LGA2066,ATX,128,8,Black,False,ASUS
Gigabyte Z690 AORUS XTREME,,LGA1700,EATX,192,4,Black,False,Gigabyte
ASRock FM2A85X Extreme4-M,,FM2,Micro ATX,64,4,Brown / Black,False,ASRock
MSI 880GM-P51,,AM3,Micro ATX,16,4,Black / Blue,False,MSI
ASRock X299 Taichi XE,,LGA2066,ATX,128,8,Black / Silver,False,ASRock
EVGA Z390 DARK,,LGA1151,EATX,64,2,Black / Gold,False,EVGA
ECS P55H-AK (V1.0),,LGA1156,ATX,16,4,,False,ECS
Asus Rampage V Edition 10,,LGA2011-3,EATX,128,8,Black,False,ASUS
Biostar Z270GT9,,LGA1151,ATX,64,4,Black / White,False,Biostar
Asus PRIME B560-PLUS AC-HES,,LGA1200,ATX,128,4,Silver / Black,False,ASUS
MSI MPG Z590 GAMING CARBON WIFI,7999.8,LGA1200,ATX,128,4,Black,True,MSI
Foxconn P55A-S,,LGA1156,ATX,16,4,,False,Foxconn
ASRock H97M-ITX/AC,,LGA1150,Mini ITX,16,2,Black / Blue,False,ASRock
Asus ROG CROSSHAIR X870E EXTREME,19999.8,AM5,EATX,256,4,Black / Silver,True,ASUS
Foxconn D270S,,Integrated Atom D2700,Mini ITX,4,2,Blue / Silver,False,Foxconn
Foxconn A75M,,FM1,Micro ATX,64,4,Multicolor,False,Foxconn
Gigabyte X470 AORUS GAMING 5 WIFI,,AM4,ATX,64,4,Black / Orange,False,Gigabyte
MSI 760GM-P21 (FX),,AM3+,Micro ATX,16,2,Black / Blue,False,MSI
Gigabyte Z790 AORUS MASTER X,8880.0,LGA1700,EATX,192,4,Black,True,Gigabyte
Gigabyte GA-X79-UD7,,LGA2011,XL ATX,32,4,Black / Orange,False,Gigabyte
MSI AM1M,,AM1,Micro ATX,16,2,Black,False,MSI
Biostar Hi-Fi A85W,,FM2,ATX,64,4,Black / Blue,False,Biostar
Asus PRIME B550M-K ARGB,,AM4,Micro ATX,64,2,Black,False,ASUS
ASRock B150M-DVS R2.0,,LGA1151,Micro ATX,32,2,Black / Orange,False,ASRock
MSI PRO Z790-P II,,LGA1700,ATX,192,4,Black,False,MSI
ASRock N3700-ITX,,Integrated Pentium N3700,Mini ITX,16,2,Black,False,ASRock
EVGA 141-BL-E760-A1,,LGA1366,EATX,24,6,Black / Red,False,EVGA
Gigabyte GA-H81M-D3V,,LGA1150,Micro ATX,16,2,Black / Silver,False,Gigabyte
ECS A960M-M2,,AM3+,Micro ATX,16,2,Black / Gray,False,ECS
Biostar B860MT-E PRO,,LGA1851,Micro ATX,256,4,Black / Gray,False,Biostar
MSI MPG B760M EDGE TI WIFI,4399.8,LGA1700,Micro ATX,192,4,Silver / Black,True,MSI
Gigabyte GA-MA78LMT-S2,,AM3,Micro ATX,8,2,Blue / White,False,Gigabyte
MSI X79A-GD45 Plus,,LGA2011,ATX,128,8,Black / Gray,False,MSI
Asus P9X79 LE,15180.0,LGA2011,ATX,64,8,Black / Blue,True,ASUS
Supermicro X10SRA,,LGA2011-3,ATX,512,8,Black / Blue,False,Supermicro
Intel D2700MUD,,Integrated Atom D2700,Mini ITX,4,2,Green / Black,False,Intel
ASRock J3710-ITX,,Integrated Pentium J3710,Mini ITX,16,2,Black / White,False,ASRock
MSI X99A TOMAHAWK,,LGA2011-3,ATX,128,8,Black / Silver,False,MSI
Gigabyte X299 UD4 Pro,9780.0,LGA2066,ATX,128,8,Black,True,Gigabyte
EVGA Micro 2,,LGA2011-3,Micro ATX,64,4,Black,False,EVGA
MSI GF615M-P33,,AM3,Micro ATX,8,2,Black / Blue,False,MSI
MSI PRO Z690-P WIFI,,LGA1700,ATX,192,4,Black,False,MSI
ASRock B550 Phantom Gaming 4,1999.8,AM4,ATX,128,4,Silver / Black,True,ASRock
MSI MEG X870E GODLIKE,19999.8,AM5,EATX,256,4,Black,True,MSI
ASRock X870 Steel Legend WiFi,5199.8,AM5,ATX,256,4,White,True,ASRock
Biostar H170GT3,,LGA1151,Micro ATX,64,4,Black / Gray,False,Biostar
Asus Z890 AYW GAMING WIFI W,4399.8,LGA1851,ATX,192,4,White,True,ASUS
MAXSUN H610M 666 WIFI6 ARGB,,LGA1700,Micro ATX,64,2,Black / Blue,False,MAXSUN
ASRock Z77 Extreme9,,LGA1155,ATX,32,4,Black / Silver,False,ASRock
Jetway JNC94FL-525-LF,,Integrated Atom D525,Mini ITX,8,2,,False,Jetway
Asus M4A88T-M LE,,AM3,Micro ATX,8,2,Black / Blue,False,ASUS
Supermicro X10SAT-O,,LGA1150,ATX,32,4,Black / Blue,False,Supermicro
Asus ROG MAXIMUS Z890 EXTREME,16980.0,LGA1851,EATX,192,4,Black,True,ASUS
Asus PRIME B760M-R D4,,LGA1700,Micro ATX,64,2,Black,False,ASUS
ASRock N68-S UCC,,AM3/AM2+/AM2,Micro ATX,8,2,Black / Blue,False,ASRock
Asus P8P67 PRO,,LGA1155,ATX,32,4,Black / Blue,False,ASUS
Colorful CVN Z790D5 GAMING FROZEN V20,,LGA1700,ATX,192,4,Silver / Copper,False,Colorful
Asus PRIME B550M-A,2925.4,AM4,Micro ATX,128,4,Black / White,True,ASUS
ASRock H61MV-ITX,,LGA1155,Mini ITX,16,2,Black / Blue,False,ASRock
ECS A58F2P-M4(1.0),,FM2+,Micro ATX,32,2,Black / Gray,False,ECS
Asus ROG Crosshair VIII Hero,,AM4,ATX,128,4,Black,False,ASUS
Gigabyte B660 GAMING X AX DDR4,,LGA1700,ATX,128,4,Black,False,Gigabyte
Asus E35M1-I,,Integrated E-Series E-350,Mini ITX,8,2,Black / Blue,False,ASUS
Jetway JNC9C-550-LF,,Integrated Atom N550,Mini ITX,2,2,,False,Jetway
Biostar H110MH PRO D4,,LGA1151,Micro ATX,32,2,Black / Yellow,False,Biostar
Supermicro X11SAE-M,,LGA1151,Micro ATX,64,4,Green,False,Supermicro
ASRock B860M Pro RS WiFi,,LGA1851,Micro ATX,256,4,Silver / Black,False,ASRock
Gigabyte TRX40 DESIGNARE,28980.0,sTRX4,XL ATX,256,8,Black / Silver,True,Gigabyte
Supermicro A1SRI-2758F-O,9580.0,Integrated Atom C2358,Mini ITX,64,4,Black / Green,True,Supermicro
Asus A88X-PRO,,FM2+,ATX,64,4,Black / Gold,False,ASUS
Gigabyte B850 GAMING WIFI6,3599.8,AM5,ATX,256,4,Black / Gray,True,Gigabyte
MSI Big Bang - XPower II,,LGA2011,XL ATX,128,8,Black,False,MSI
Asus Z87-Expert,,LGA1150,ATX,32,4,,False,ASUS
Asus B760M-AYW WIFI D4 II,1999.8,LGA1700,Micro ATX,64,2,Black / Silver,True,ASUS
MSI MPG B560I GAMING EDGE WIFI,,LGA1200,Mini ITX,64,2,Black,False,MSI
Intel D425KT,,Integrated Atom D425,Mini ITX,4,2,Green / Black,False,Intel
MSI B650M BOMBER WIFI,,AM5,Micro ATX,128,2,Black / Silver,False,MSI
Asus PRIME A620M-A-CSM,2599.8,AM5,Micro ATX,192,4,Silver / Black,True,ASUS
Asus X870 AYW GAMING WIFI W,4399.8,AM5,ATX,256,4,White / Silver,True,ASUS
Asus EX-B560M-V5,,LGA1200,Micro ATX,64,2,Red / Black,False,ASUS
Zotac GF6100-F-E,,AM3,Micro ATX,4,2,Multicolor,False,Zotac
Gigabyte GA-H87TN,,LGA1150,Thin Mini ITX,8,2,Blue / White,False,Gigabyte
ASRock FM2A85X-ITX,,FM2,Mini ITX,32,2,Black / Gold,False,ASRock
Gigabyte B660I AORUS Pro DDR4,,LGA1700,Mini ITX,64,2,Black,False,Gigabyte
Asus Maximus V Formula/Assassins C3,,LGA1155,EATX,32,4,Black / Red,False,ASUS
MSI MEG Z790 ACE MAX,,LGA1700,EATX,192,4,Black,False,MSI
EVGA H370 Stinger,,LGA1151,Mini ITX,32,2,Black,False,EVGA
Gigabyte B860M EAGLE WIFI6,,LGA1851,Micro ATX,128,2,Silver / Black,False,Gigabyte
Asus M5A78L-M/USB3,5639.6,AM3+,Micro ATX,32,4,Black / Blue,True,ASUS
MSI 890FXA-GD70,,AM3,ATX,16,4,Black / Blue,False,MSI
MSI A88XI AC V2,,FM2+,Mini ITX,16,2,Black / Silver,False,MSI
MSI Z270 SLI PLUS,8129.8,LGA1151,ATX,64,4,Black / Silver,True,MSI
Supermicro X11SCL-IF,5199.8,LGA1151,Mini ITX,64,2,Green,True,Supermicro
ASRock X399M Taichi,,sTR4,Micro ATX,64,4,Black,False,ASRock
MSI Z87M GAMING,,LGA1150,Micro ATX,32,4,Black / Red,False,MSI
Intel DH55HC,,LGA1156,ATX,16,4,Blue / White,False,Intel
Asus PRIME H610M-A D4-CSM,2199.79,LGA1700,Micro ATX,64,2,Silver / Black,True,ASUS
MAXSUN iCraft Z890 Arctic,,LGA1851,ATX,256,4,White / Silver,False,MAXSUN
ASRock X99 Extreme11,,LGA2011-3,EATX,128,8,Black / Blue,False,ASRock
Gigabyte GA-880GM-D2H (REV. 3.1),,AM3+,Micro ATX,8,2,,False,Gigabyte
Gigabyte B560 HD3,,LGA1200,ATX,128,4,Black / Gray,False,Gigabyte
ASRock 970M PRO3,1399.6,AM3+/AM3,Micro ATX,64,4,Black,True,ASRock
ASRock Z790 Pro RS/D4,4199.8,LGA1700,ATX,128,4,Silver / Black,True,ASRock
ASRock A620AI WiFi,,AM5,Mini ITX,128,2,Black,False,ASRock
Asus F1A75-V EVO,,FM1,ATX,64,4,Black / Blue,False,ASUS
Gigabyte GA-Z97X-SOC,,LGA1150,ATX,32,4,Black / Orange,False,Gigabyte
MSI MAG B550M MORTAR MAX WIFI,3199.8,AM4,Micro ATX,128,4,Silver / Black,True,MSI
MSI NF750-G55,,AM3,ATX,16,4,Black / Blue,False,MSI
Biostar H55 HD,,LGA1156,Micro ATX,8,2,Black / Red,False,Biostar
ASRock A785GXH/128M,1718.6,AM3/AM2+/AM2,ATX,16,4,,True,ASRock
XFX MBN790IUL9,7239.8,LGA775,ATX,8,4,,True,Desconocida
Gigabyte GA-G41MT-S2PT,,LGA775,Micro ATX,8,2,Blue / White,False,Gigabyte
Gigabyte Z390 AORUS PRO,7471.2,LGA1151,ATX,128,4,Black / Silver,True,Gigabyte
MSI H55M-E23,3180.0,LGA1156,Micro ATX,8,2,Black / Blue,True,MSI
ASRock A770DE+,,AM3/AM2+/AM2,ATX,16,4,,False,ASRock
Supermicro MBD-X11SBA-LN4F-O,6746.4,Integrated Pentium N3700,Mini ITX,8,2,Green,True,Supermicro
Biostar B550MT,,AM4,Micro ATX,64,2,Black,False,Biostar
ASRock X99 Extreme6/ac,,LGA2011-3,ATX,128,8,Black / Blue,False,ASRock
ASRock EP2C602-4L/D16,,2 x LGA2011,SSI EEB,512,16,Blue / White,False,ASRock
ASRock Z490 Taichi,18210.8,LGA1200,ATX,128,4,Black / Gold,True,ASRock
Intel DG43GT,,LGA775,Micro ATX,8,4,Green / Blue,False,Intel
Biostar B650M X3D PRO+,,AM5,Micro ATX,192,4,Black / Silver,False,Biostar
MSI 880GMS-E35,1576.2,AM3,Micro ATX,16,2,Black / Blue,True,MSI
Intel DP67BGB3,,LGA1155,ATX,32,4,Black / Blue,False,Intel
ECS H81H3-TI2,,LGA1150,Thin Mini ITX,8,1,Black,False,ECS
ASRock C2550D4I,,Integrated Atom C2550,Mini ITX,64,4,White / Blue,False,ASRock
MSI MPG B850 EDGE TI WIFI,6199.8,AM5,ATX,256,4,Silver / White,True,MSI
Biostar B650MT,2500.0,AM5,Micro ATX,96,2,Black / Silver,True,Biostar
Biostar A780L,,AM3/AM2+,Micro ATX,8,2,Black / Red,False,Biostar
Gigabyte Z890M GAMING X,3399.8,LGA1851,Micro ATX,256,4,Silver / Black,True,Gigabyte
ASRock Q87M vPro/ASM,,LGA1150,Micro ATX,32,4,,False,ASRock
Asus Rampage IV Gene,,LGA2011,Micro ATX,32,4,Black / Red,False,ASUS
MSI G41M4-F,,LGA775,Micro ATX,8,2,Red,False,MSI
Zotac IONITX-K-E,,Integrated Atom 330,Mini ITX,4,2,Black / Yellow,False,Zotac
Asus PROART B650-CREATOR,6604.2,AM5,ATX,192,4,Black / Copper,True,ASUS
MSI PRO H810M-B,,LGA1851,Micro ATX,128,2,Silver / Black,False,MSI
MSI B150 PC Mate,,LGA1151,ATX,64,4,Black / Silver,False,MSI
ASRock A620M Pro RS WiFi,2978.6,AM5,Micro ATX,256,4,Silver / Black,True,ASRock
MSI H55M-P33,,LGA1156,Micro ATX,16,4,Black / Blue,False,MSI
Asus MAXIMUS VIII EXTREME/ASSEMBLY,,LGA1151,EATX,64,4,Black / Red,False,ASUS
Asus M4A88T-I Deluxe,,AM3,Mini ITX,8,2,Black / Blue,False,ASUS
Supermicro X10SDV-4C-TLN2F,,Integrated Xeon D-1521,Mini ITX,64,4,Green,False,Supermicro
ASRock H81 Pro BTC,899.59,LGA1150,ATX,16,2,Black / Silver,True,ASRock
MSI PRO Z890-P,,LGA1851,ATX,256,4,Silver / Black,False,MSI
EVGA Z590 FTW WIFI,,LGA1200,ATX,128,4,Black / Silver,False,EVGA
Asus PRIME H310-PLUS,,LGA1151,ATX,32,2,Black,False,ASUS
Gigabyte GA-H170-HD3 DDR3,,LGA1151,ATX,64,4,Black / Gold,False,Gigabyte
Supermicro X11SSA-F-B,,LGA1151,ATX,64,4,Green,False,Supermicro
Biostar A770 A2+,,AM2+/AM2,ATX,16,4,,False,Biostar
Intel DB85FL,,LGA1150,Micro ATX,32,4,Black / Blue,False,Intel
Supermicro MBD-X10DAX,18000.0,2 x LGA2011-3,EATX,2048,16,Green / Black,True,Supermicro
ASRock Z590 Phantom Gaming-ITX/TB4,10399.79,LGA1200,Mini ITX,64,2,Black / Red,True,ASRock
Gigabyte H410M H V2,2172.19,LGA1200,Micro ATX,64,2,Gray / Black,True,Gigabyte
ASRock B560M-HDV-A,,LGA1200,Micro ATX,64,2,Silver / Black,False,ASRock
MSI H61M-P25 (B3),,LGA1155,Micro ATX,16,2,Black / Blue,False,MSI
Gigabyte GA-H77N-WIFI,,LGA1155,Mini ITX,16,2,Black / Silver,False,Gigabyte
Asus M4A785-M,2854.0,AM3/AM2+/AM2,Micro ATX,16,4,Black / Blue,True,ASUS
MSI B150M BAZOOKA,,LGA1151,Micro ATX,64,4,Black / White,False,MSI
EVGA 151-SE-E779-KR,,LGA2011,XL ATX,32,4,Black / Red,False,EVGA
ASRock Z490 Phantom Gaming 4SR,,LGA1200,ATX,128,4,Black,False,ASRock
Gigabyte GA-A75-UD4H,,FM1,ATX,32,4,Blue / White,False,Gigabyte
MSI Z270I GAMING PRO CARBON AC,8099.8,LGA1151,Mini ITX,32,2,Black / Silver,True,MSI
MSI MPG Z790 EDGE WIFI DDR4,11999.8,LGA1700,ATX,128,4,Silver / Black,True,MSI
Gigabyte GA-X99-GAMING G1WIFI,,LGA2011-3,EATX,64,8,Black / Red,False,Gigabyte
ASRock 970 Extreme4,,AM3+,ATX,32,4,Black / Blue,False,ASRock
MSI MPG Z590 GAMING EDGE WIFI,,LGA1200,ATX,128,4,Black,False,MSI
Asus PRIME H310M-A R2.0,,LGA1151,Micro ATX,32,2,Black,False,ASUS
ASRock TRX40 Creator,,sTRX4,ATX,256,8,Black / Silver,False,ASRock
Zotac D2700ITXS-A-E,,Integrated Atom D2700,Mini ITX,4,2,Black / Orange,False,Zotac
Asus ROG Crosshair VIII Extreme,,AM4,EATX,128,4,Black,False,ASUS
ECS A85F2-A DELUXE(1.0),,FM2,ATX,64,4,Black / Gold,False,ECS
Asus TUF Z270 MARK 1,,LGA1151,ATX,64,4,Camo,False,ASUS
Asus GRYPHON Z97 ARMOR EDITION,,LGA1150,Micro ATX,32,4,Brown / Black,False,ASUS
MSI Big Bang Fuzion,,LGA1156,ATX,16,4,,False,MSI
Gigabyte GA-B150M-D3H,,LGA1151,Micro ATX,64,4,Black / Silver,False,Gigabyte
Asus Prime B760M-K,,LGA1700,Micro ATX,96,2,Silver / Black,False,ASUS
ECS G31T-M7,,LGA775,Micro ATX,4,2,Multicolor,False,ECS
ASRock X399D8A-2T,,sTR4,ATX,256,8,Green / Blue,False,ASRock
Gigabyte B650 AORUS ELITE,,AM5,ATX,192,4,Black / Silver,False,Gigabyte
ASRock B860I WiFi,3199.8,LGA1851,Mini ITX,128,2,Black,True,ASRock
Gigabyte X399 DESIGNARE EX,,sTR4,ATX,128,8,Silver / Black,False,Gigabyte
Gigabyte GA-Z170X-Ultra Gaming,,LGA1151,ATX,64,4,Black / Red,False,Gigabyte
ASRock A520M-HVS,1713.4,AM4,Micro ATX,64,2,Black / Silver,True,ASRock
ASRock B650M Pro X3D WiFi,2799.8,AM5,Micro ATX,256,4,Black / Silver,True,ASRock
ASRock P45X3 Deluxe,,LGA775,ATX,16,4,Black / Blue,False,ASRock
MSI B250M PRO-VH,,LGA1151,Micro ATX,32,2,Brown / Black,False,MSI
Asus H110M-K,3465.0,LGA1151,Micro ATX,32,2,Black / Gold,True,ASUS
Zotac FUSION350-A-E,,Integrated E-Series E-350,Mini ITX,8,2,Black / Gray,False,Zotac
Biostar A620MP-E PRO,,AM5,Micro ATX,192,4,Black / Silver,False,Biostar
Jetway JMIP41TA-IC-LF,,LGA775,ATX,8,2,,False,Jetway
Zotac GF8200-C-E,,AM2+/AM2,Mini ITX,8,2,Black / Red,False,Zotac
Asus X99-A,,LGA2011-3,ATX,64,8,Black / Silver,False,ASUS
ASRock B860M-X WiFi,2599.8,LGA1851,Micro ATX,128,2,Silver / Black,True,ASRock
Asus ROG STRIX Z490-G GAMING,,LGA1200,Micro ATX,128,4,Black,False,ASUS
ASRock FM2A88X+ Killer,,FM2+,ATX,64,4,Black / Red,False,ASRock
MSI A320M GRENADE,,AM4,Micro ATX,32,2,Black / Red,False,MSI
ASRock A55 Pro3,1500.2,FM1,ATX,32,4,Black / Blue,True,ASRock
ASRock X79 Extreme7,5692.2,LGA2011,ATX,48,6,Black / Silver,True,ASRock
ASRock P67 Pro3 (B3),,LGA1155,ATX,32,4,,False,ASRock
Intel DH61AG,3261.6,LGA1155,Thin Mini ITX,16,2,Black / Blue,True,Intel
Gigabyte X399 AORUS XTREME,,sTR4,EATX,128,8,Black / Silver,False,Gigabyte
MSI MEG Z490 GODLIKE,,LGA1200,EATX,128,4,Black / Silver,False,MSI
ASRock H510M-ITX/ac,,LGA1200,Mini ITX,64,2,Silver / Black,False,ASRock
Gigabyte GA-78LMT-USB3 R2,,AM3+,Micro ATX,32,4,Black,False,Gigabyte
Asus AT5NM10T-I,,Integrated Atom D525,Mini ITX,4,2,Black / Blue,False,ASUS
ASRock 970 Performance,,AM3+,ATX,64,4,Black / Red,False,ASRock
EVGA Classified SR-X,,2 x LGA2011,HPTX,96,12,Black / Red,False,EVGA
MSI Z590M PRO,,LGA1200,Micro ATX,128,4,Black / Silver,False,MSI
MSI MPG Z490 GAMING EDGE WIFI,8777.6,LGA1200,ATX,128,4,Black / Silver,True,MSI
Gigabyte GA-B85M-DS3H-A,,LGA1150,Micro ATX,32,4,Black,False,Gigabyte
Gigabyte Z490 AORUS ULTRA,,LGA1200,ATX,128,4,Black / Silver,False,Gigabyte
Gigabyte GA-Z87-D3HP,15797.4,LGA1150,ATX,32,4,Black / Gray,True,Gigabyte
ASRock B650 Steel Legend WiFi,5607.0,AM5,ATX,256,4,White / Silver,True,ASRock
Biostar B150GT5,,LGA1151,ATX,64,4,Black / White,False,Biostar
Asus X299 Edition 30,,LGA2066,ATX,256,8,Silver / Black,False,ASUS
Asus Pro B760M-C-CSM,,LGA1700,Micro ATX,128,4,Green / Black,False,ASUS
Asus PRIME H310I-PLUS/CSM,,LGA1151,Mini ITX,32,2,Black / Gray,False,ASUS
Gigabyte B550M AORUS ELITE,2680.0,AM4,Micro ATX,128,4,Black / Orange,True,Gigabyte
Jetway JNC84E-LF,,AM3/AM2+/AM2,Mini ITX,4,2,,False,Jetway
Gigabyte GA-MA74GM-S2,,AM3/AM2+/AM2,Micro ATX,8,2,Blue / White,False,Gigabyte
MSI B75MA-G43,,LGA1155,Micro ATX,32,4,Black / Blue,False,MSI
Zotac NF610I-L-E,,LGA775,Micro ATX,4,2,Black / Red,False,Zotac
Gigabyte Z890 AORUS TACHYON ICE,,LGA1851,EATX,256,2,White,False,Gigabyte
Biostar H610MT-E,2107.19,LGA1700,Micro ATX,64,2,Black,True,Biostar
Asus ROG Strix X570-I Gaming,10779.8,AM4,Mini ITX,64,2,Black,True,ASUS
MSI H61I-E35 (B3),,LGA1155,Mini ITX,16,2,Black / Blue,False,MSI
ECS A55F2-M4(1.0),,FM2,Micro ATX,32,2,Black / Gray,False,ECS
ASRock Z68M/USB3,1911.0,LGA1155,Micro ATX,16,2,,True,ASRock
Jetway JTI61M5,,LGA1155,Micro ATX,8,2,Black / Red,False,Jetway
Gigabyte GA-X99M-GAMING 5,,LGA2011-3,Micro ATX,32,4,Black / Red,False,Gigabyte
Intel DH87MC,,LGA1150,ATX,32,4,Black / Blue,False,Intel
Gigabyte Z590 UD AC,6593.0,LGA1200,ATX,128,4,Black,True,Gigabyte
Asus TUF GAMING H770-PRO WIFI,6943.0,LGA1700,ATX,192,4,Black,True,ASUS
MSI Z87-G43 Gaming,,LGA1150,ATX,32,4,Black / Red,False,MSI
MAXSUN eSport B650ITX WIFI ICE,,AM5,Mini ITX,96,2,White / Black,False,MAXSUN
Asus EX-B760M-V5 D4-CSM,,LGA1700,Micro ATX,64,2,Red / Black,False,ASUS
Gigabyte B760M AORUS ELITE AX,4251.39,LGA1700,Micro ATX,192,4,Black / Silver,True,Gigabyte
Supermicro MBD-X10DRI-O,19940.0,2 x LGA2011-3 Narrow,EATX,1024,16,Black / Green,True,Supermicro
Gigabyte Z790 AORUS XTREME X ICE,,LGA1700,EATX,192,4,White,False,Gigabyte
ECS H67H2-M3,,LGA1155,Micro ATX,16,2,Black / White,False,ECS
Gigabyte Z490 AORUS XTREME,20378.0,LGA1200,EATX,128,4,Black / Silver,True,Gigabyte
Biostar P43D3,,LGA775,ATX,4,2,Multicolor,False,Biostar
Gigabyte B860M D3HP,2599.8,LGA1851,Micro ATX,256,4,Silver / Black,True,Gigabyte
ASRock B760M Steel Legend WiFi,4643.8,LGA1700,Micro ATX,192,4,Silver / Black,True,ASRock
Colorful CVN B760I FROZEN WIFI V20,,LGA1700,Mini ITX,64,2,White / Black,False,Colorful
MSI B450 Gaming Plus MAX,3240.0,AM4,ATX,128,4,Red / Black,True,MSI
Asus ROG MAXIMUS Z790 APEX ENCORE,,LGA1700,ATX,96,2,Black,False,ASUS
Asus M2N,,AM2,ATX,8,4,Yellow,False,ASUS
ASRock Fatal1ty 970 Performance,,AM3+/AM3,ATX,64,4,Black / Red,False,ASRock
Gigabyte X299X AORUS MASTER,,LGA2066,EATX,256,8,Black / Orange,False,Gigabyte
Asus B850M AYW GAMING WIFI-CSM,,AM5,Micro ATX,128,2,Black / Silver,False,ASUS
Asus Z9PA-D8,,2 x LGA2011,ATX,64,8,Green / Blue,False,ASUS
Jetway JTA98MG,,AM3+,Micro ATX,8,2,Black / Red,False,Jetway
Gigabyte G1.Assassin,,LGA1366,XL ATX,24,6,,False,Gigabyte
ASRock X570 Phantom Gaming-ITX/TB3,,AM4,Mini ITX,64,2,Black / Silver,False,ASRock
Asus P7H55/USB3,,LGA1156,ATX,16,4,,False,ASUS
Foxconn D250S,,Integrated Atom D2500,Mini ITX,4,2,Blue / Silver,False,Foxconn
ASRock Z370 Taichi,,LGA1151,ATX,64,4,Black / Silver,False,ASRock
ASRock Z270 SuperCarrier,,LGA1151,ATX,64,4,Black / Silver,False,ASRock
Biostar N68S,,AM2+/AM2,Micro ATX,8,2,Black / Red,False,Biostar
Gigabyte H610M K V2,2294.79,LGA1700,Micro ATX,96,2,Brown / Black,True,Gigabyte
Gigabyte GA-Z68XP-UD4,,LGA1155,ATX,32,4,Black / Silver,False,Gigabyte
ASRock Z790M-ITX WIFI,3999.8,LGA1700,Mini ITX,96,2,Black,True,ASRock
ASRock P67 Pro3 SE,2184.0,LGA1155,ATX,32,4,Black / Blue,True,ASRock
Asus B150M PRO GAMING,,LGA1151,Micro ATX,64,4,Black / Red,False,ASUS
ASRock X470 Taichi Ultimate,,AM4,ATX,64,4,Silver / Black,False,ASRock
Jetway JNC81-LF,,AM2+/AM2,Mini ITX,4,2,,False,Jetway
Biostar TH61 ITX,,LGA1155,Mini ITX,16,2,Black / Red,False,Biostar
Asus P8P67 PRO (REV 3.1),,LGA1155,ATX,32,4,,False,ASUS
MSI B760M GAMING WIFI,,LGA1700,Micro ATX,96,2,Silver / Black,False,MSI
MSI Z97 XPOWER AC,,LGA1150,EATX,32,4,Black / Yellow,False,MSI
Asus ROG STRIX Z590-E GAMING WIFI,10298.0,LGA1200,ATX,128,4,Black,True,ASUS
Asus Rampage III Gene,,LGA1366,Micro ATX,24,6,Black / Red,False,ASUS
MSI A75A-G55,,FM1,ATX,32,4,Black / Blue,False,MSI
ASRock AD2500B-ITX,,Integrated Atom D2500,Mini ITX,4,2,Black / Silver,False,ASRock
Asus GRYPHON Z97,5999.8,LGA1150,Micro ATX,32,4,Brown / Black,True,ASUS
Asus PRIME B360M-K,,LGA1151,Micro ATX,32,2,Black / Silver,False,ASUS
Asus PRIME B650M-R,3648.39,AM5,Micro ATX,96,2,Silver / Black,True,ASUS
Gigabyte GA-MA790GP-DS4H,,AM3/AM2+,ATX,8,4,Multicolor,False,Gigabyte
Sapphire PURE Black P67,,LGA1155,ATX,16,4,,False,Sapphire
Gigabyte G1.Guerrilla,,LGA1366,EATX,24,6,,False,Gigabyte
Asus H110M-PLUS,,LGA1151,Micro ATX,32,2,Black / Gold,False,ASUS
ASRock 760GM-GS3,,AM3,Micro ATX,8,2,Black / Blue,False,ASRock
ASRock Z590-C/ax,,LGA1200,ATX,128,4,Black,False,ASRock
Asus ROG STRIX B850-I GAMING WIFI,5999.8,AM5,Mini ITX,96,2,Black,True,ASUS
Gigabyte B660M DS3H AX DDR4,,LGA1700,Micro ATX,128,4,Black,False,Gigabyte
Gigabyte GA-Z97N-WIFI,,LGA1150,Mini ITX,16,2,Black / Silver,False,Gigabyte
ASRock Z390 PHANTOM GAMING X,,LGA1151,ATX,128,4,Black / Silver,False,ASRock
ECS H61H-G11,,LGA1155,Thin Mini ITX,16,2,Green / Black,False,ECS
Biostar TZ68A+RCH,,LGA1155,ATX,32,4,Black / Red,False,Biostar
MSI MPG Z390 GAMING EDGE AC,5924.8,LGA1151,ATX,128,4,Black / Silver,True,MSI
ASRock H55M-GE,1520.0,LGA1156,Micro ATX,16,4,Black / Blue,True,ASRock
ASRock A620M-HDV/M.2+,2973.39,AM5,Micro ATX,96,2,Gray / Black,True,ASRock
Gigabyte TRX40 AORUS MASTER,10600.0,sTRX4,EATX,256,8,Black / Silver,True,Gigabyte
EVGA Z370 Micro ATX,,LGA1151,Micro ATX,32,2,Black / Silver,False,EVGA
Gigabyte B550 AORUS PRO AC,6129.8,AM4,ATX,128,4,Black / Orange,True,Gigabyte
Gigabyte B860M GAMING X,,LGA1851,Micro ATX,256,4,Silver / Black,False,Gigabyte
Gigabyte GA-Z170X-Gaming G1,,LGA1151,EATX,64,4,Black / Red,False,Gigabyte
ASRock B760M PG Riptide Wifi,2399.79,LGA1700,Micro ATX,192,4,Black,True,ASRock
MSI X870 GAMING PLUS WIFI,4999.8,AM5,ATX,256,4,Black / White,True,MSI
NZXT N7 B650E,,AM5,ATX,128,4,Black,False,NZXT
ASRock Z490 Steel Legend,,LGA1200,ATX,128,4,Black / Silver,False,ASRock
Gigabyte GA-H55N-USB3,,LGA1156,Mini ITX,8,2,Blue / White,False,Gigabyte
Supermicro C7Z270-CG,,LGA1151,ATX,64,4,Black / Green,False,Supermicro
Asus CROSSHAIR VI HERO,,AM4,ATX,128,4,Black,False,ASUS
Intel DG41RQ,,LGA775,Micro ATX,8,2,Green / Blue,False,Intel
Foxconn AHD1S-K,,Integrated E-Series E-350,Mini ITX,8,2,,False,Foxconn
Gigabyte Z390 UD,3799.8,LGA1151,ATX,128,4,Black / Silver,True,Gigabyte
Asus TUF GAMING B850M-E WIFI,,AM5,Micro ATX,256,4,Black,False,ASUS
Gigabyte GA-B250M-DS3H,4068.8,LGA1151,Micro ATX,64,4,Black / Gold,True,Gigabyte
Asus TUF GAMING B860-PLUS WIFI,4399.8,LGA1851,ATX,256,4,Black / Gray,True,ASUS
Gigabyte GA-990XA-UD3,,AM3+,ATX,32,4,Blue / White,False,Gigabyte
ASRock A520M-HDVP/DASH,,AM4,Micro ATX,64,2,Black / Silver,False,ASRock
MSI X299 SLI PLUS,,LGA2066,ATX,128,8,Blue / Silver,False,MSI
NZXT N7 Z590,,LGA1200,ATX,128,4,White,False,NZXT
ASRock K10N78D,,AM2+/AM2,ATX,16,4,,False,ASRock
MSI 990FXA-GAMING,,AM3+/AM3,ATX,32,4,Black / Red,False,MSI
EVGA Z97 FTW,,LGA1150,ATX,32,4,Black / Red,False,EVGA
Asus PRIME X570-P/CSM,,AM4,ATX,128,4,Black / Silver,False,ASUS
ASRock E3C224D4M-16RE,,LGA1150,ATX,32,4,Green / Blue,False,ASRock
Asus X99-E WS,,LGA2011-3,SSI CEB,128,8,Black / Silver,False,ASUS
Biostar B450NH,,AM4,Mini ITX,64,2,Black / Silver,False,Biostar
MAXSUN Challenger B760ITX D5 WIFI,,LGA1700,Mini ITX,96,2,Black / White,False,MAXSUN
Asus Z10PA-D8,,2 x LGA2011-3,ATX,512,8,Blue / White,False,ASUS
Asus ROG ZENITH EXTREME ALPHA,14380.0,sTR4,EATX,128,8,Black,True,ASUS
MSI TRX40 PRO 10G,,sTRX4,ATX,256,8,Black / Silver,False,MSI
MSI X58 Pro-E,,LGA1366,ATX,24,6,Black / Blue,False,MSI
ASRock Z690 Extreme WiFi 6E,,LGA1700,ATX,128,4,Black / Blue,False,ASRock
ASRock M3A770DE,,AM3,ATX,16,4,Multicolor,False,ASRock
Asus PRIME H310M-K R2.0,,LGA1151,Micro ATX,32,2,Black,False,ASUS
MSI MAG X870 TOMAHAWK WIFI,5399.8,AM5,ATX,256,4,Black,True,MSI
Intel DX79TO,,LGA2011,ATX,64,8,Black / Blue,False,Intel
Asus M4N68T-M,,AM3,Micro ATX,8,2,Black / Blue,False,ASUS
ASRock H570M Pro4,,LGA1200,Micro ATX,128,4,Silver / Black,False,ASRock
Asus A55M-E,2999.8,FM2,Micro ATX,32,2,Black / Blue,True,ASUS
Foxconn H55MXV,,LGA1156,Micro ATX,8,2,Blue / White,False,Foxconn
ECS A75F-M2,,FM1,Micro ATX,16,2,Black / Gray,False,ECS
ASRock P55 Pro/USB3,,LGA1156,ATX,16,4,Black / Blue,False,ASRock
Gigabyte GA-H55M-S2H,,LGA1156,Micro ATX,8,2,Blue / White,False,Gigabyte
MSI PRO X670-P WIFI,,AM5,ATX,192,4,Black / White,False,MSI
Biostar TA870U3+,,AM3,ATX,16,4,Black / Red,False,Biostar
EVGA Classified,,LGA1150,EATX,32,4,Black / Red,False,EVGA
Asus Z97-C,,LGA1150,ATX,32,4,Black / Gold,False,ASUS
Asus P5G41T-M LX,,LGA775,Micro ATX,8,2,Black / Blue,False,ASUS
EVGA 141-LF-E658-KR,,LGA1156,EATX,16,4,Black / Red,False,EVGA
MSI X299M GAMING PRO CARBON AC,,LGA2066,Micro ATX,128,4,Black,False,MSI
Gigabyte GA-Z270MX-Gaming 5,,LGA1151,Micro ATX,64,4,Black / Silver,False,Gigabyte
Biostar Z890 VALKYRIE,,LGA1851,ATX,256,4,Black,False,Biostar
Gigabyte GA-AX370-Gaming K3,,AM4,ATX,64,4,Black / Red,False,Gigabyte
Asus ROG STRIX Z790-I GAMING WIFI,,LGA1700,Mini ITX,96,2,Black,False,ASUS
MSI MEG X570 GODLIKE,,AM4,EATX,128,4,Black,False,MSI
Foxconn H61MX,,LGA1155,Micro ATX,8,2,Blue / White,False,Foxconn
Biostar TA75A+,,FM1,ATX,32,4,Black / Red,False,Biostar
Biostar X570GTA,,AM4,ATX,128,4,Black / Silver,False,Biostar
ASRock G31M-S R2.0,,LGA775,Micro ATX,8,2,,False,ASRock
MSI P55-GD65 USB3,,LGA1156,ATX,16,4,,False,MSI
MSI MEG Z690I UNIFY,,LGA1700,Mini ITX,96,2,Black / Silver,False,MSI
Gigabyte GA-X79-UD3,,LGA2011,ATX,32,4,Black,False,Gigabyte
MSI A88X-G41 PC MATE,,FM2+,ATX,64,2,Black / Blue,False,MSI
ASRock H310CM-HG4,,LGA1151,Micro ATX,32,2,Black / Silver,False,ASRock
Asus PRIME Z890M-PLUS WIFI-CSM,,LGA1851,Micro ATX,192,4,Black / Silver,False,ASUS
MSI Z370M MORTAR,,LGA1151,Micro ATX,64,4,Black / Red,False,MSI
MSI PRO B850-VC WIFI,,AM5,ATX,256,4,Black,False,MSI
Asus P8H67-M LX (REV 3.0),,LGA1155,Micro ATX,16,2,,False,ASUS
EVGA X79 Dark,,LGA2011,EATX,64,8,Black / Red,False,EVGA
Asus WS X299 SAGE/10G,11999.8,LGA2066,SSI CEB,128,8,Black / Silver,True,ASUS
Gigabyte GA-C847N-D,,Integrated Celeron 847,Mini ITX,16,2,Blue / White,False,Gigabyte
MSI H510M PLUS II,,LGA1200,Micro ATX,64,2,Black,False,MSI
Asus AT3IONT-I Deluxe,,Integrated Atom 330,Mini ITX,4,2,Black / Blue,False,ASUS
Gigabyte GA-H110M-S2HP,,LGA1151,Micro ATX,32,2,Black,False,Gigabyte
EVGA X570 FTW WIFI,,AM4,ATX,128,4,Black,False,EVGA
Asus P6T,,LGA1366,ATX,24,6,Black / Blue,False,ASUS
MSI PRESTIGE X570 CREATION,18577.4,AM4,EATX,128,4,Black / Silver,True,MSI
ASRock B150 Pro4/D3,,LGA1151,ATX,64,4,Black / Orange,False,ASRock
Asus M4A77T/USB3,,AM3,ATX,16,4,,False,ASUS
Biostar TA890FXE,,AM3,ATX,16,4,Black / Red,False,Biostar
MSI MEG X670E GODLIKE,,AM5,EATX,192,4,Black,False,MSI
ASRock X99 OC Formula,,LGA2011-3,EATX,128,8,Black / Yellow,False,ASRock
Supermicro MBD-X10SRL-F-O,14000.0,LGA2011-3 Narrow,ATX,1024,8,Black / Green,True,Supermicro
Biostar TA790GXE,,AM3/AM2+/AM2,Micro ATX,16,4,Multicolor,False,Biostar
Jetway JMA3-785GP-LF,,AM3,Micro ATX,8,2,,False,Jetway
Gigabyte B550 AORUS PRO V2,5829.8,AM4,ATX,128,4,Black,True,Gigabyte
ASRock Z77E-ITX,,LGA1155,Mini ITX,16,2,Brown / Black,False,ASRock
Asus PRIME Z370-P II,3980.0,LGA1151,ATX,64,4,Silver / Black,True,ASUS
MSI X79MA-GD45,,LGA2011,Micro ATX,64,4,Black / Blue,False,MSI
Asus A55BM-A/USB3,,FM2+,Micro ATX,32,2,Black / Gold,False,ASUS
ASRock B450M-HDV R4.0,1399.6,AM4,Micro ATX,64,2,Black / White,True,ASRock
Jetway JM28GT4D3-LF,,AM3,Micro ATX,4,2,,False,Jetway
ASRock X470D4U,,AM4,Micro ATX,64,4,Green,False,ASRock
Biostar T5 XE CFX-SLI,,LGA1156,ATX,16,4,,False,Biostar
ASRock B650M-C,,AM5,Micro ATX,256,4,Black,False,ASRock
Biostar AM1MH,,AM1,Micro ATX,16,2,Black / Yellow,False,Biostar
Gigabyte GA-890FXA-UD7,,AM3,XL ATX,16,4,Blue / White,False,Gigabyte
ASRock A520M-HDVP,,AM4,Micro ATX,64,2,Black / Silver,False,ASRock
Asus TUF SABERTOOTH 990FX R3.0,,AM3+/AM3,ATX,32,4,Black,False,ASUS
Gigabyte Z690 GAMING X DDR4,7349.8,LGA1700,ATX,128,4,Black / Gray,True,Gigabyte
Asus M5A78L-M PLUS/USB3,,AM3+,Micro ATX,32,4,Black / Blue,False,ASUS
NZXT N7 Z790,5999.8,LGA1700,ATX,192,4,White / Black,True,NZXT
NZXT N7 B550,,AM4,ATX,128,4,White / Black,False,NZXT
EVGA 120-SB-E682-KR,,LGA1155,Micro ATX,16,4,Black,False,EVGA
ASRock FM2A55M-DGS R2.0,,FM2,Micro ATX,32,2,Black,False,ASRock
ASRock X58 Extreme6,4804.8,LGA1366,ATX,24,6,Black / Blue,True,ASRock
MSI MEG X299 CREATION,,LGA2066,EATX,128,8,Black,False,MSI
MSI PRO B650M-B,3097.2,AM5,Micro ATX,96,2,Black,True,MSI
Gigabyte Z490I AORUS ULTRA,,LGA1200,Mini ITX,64,2,Black / Silver,False,Gigabyte
MSI 990FXA-GD65V2,,AM3+,ATX,32,4,Black / Blue,False,MSI
Biostar H510MHP 2.0,1876.8,LGA1200,Micro ATX,64,2,Black,True,Biostar
Gigabyte GA-X99-UD3P (rev. 1.0),,LGA2011-3,ATX,64,4,Black / Gold,False,Gigabyte
Asus E35M1-M PRO,,Integrated E-Series E-350,Micro ATX,8,2,Black / Blue,False,ASUS
MSI P43-C51,,LGA775,ATX,16,4,Black / Blue,False,MSI
Biostar Hi-Fi A70U3P,,FM2+,Micro ATX,32,2,Black / Silver,False,Biostar
Asus PRIME B860M-K,3581.2,LGA1851,Micro ATX,128,2,Silver / Black,True,ASUS
Asus ROG STRIX B760-I GAMING WIFI,4199.0,LGA1700,Mini ITX,96,2,Black,True,ASUS
Gigabyte GA-B85N PHOENIX-WIFI,,LGA1150,Mini ITX,16,2,Black / Orange,False,Gigabyte
Asus F2A85-V PRO,,FM2,ATX,64,4,Black / Blue,False,ASUS
Gigabyte Z370N WIFI,,LGA1151,Mini ITX,32,2,Black / White,False,Gigabyte
Asus TUF GAMING B550M-ZAKU (WI-FI),,AM4,Micro ATX,128,4,Black / Red,False,ASUS
ASRock 880GMH/U3S3,1520.6,AM3+,Micro ATX,32,4,Black / Blue,True,ASRock
Asus ROG CROSSHAIR X670E EXTREME,,AM5,EATX,192,4,Black / Silver,False,ASUS
ASRock EP2C612D16C-4L,,2 x LGA2011-3 Narrow,SSI EEB,1024,16,Green / Blue,False,ASRock
Biostar X870E VALKYRIE,,AM5,ATX,192,4,Black / Gold,False,Biostar
Gigabyte B360M D3P,,LGA1151,Micro ATX,64,4,Silver / Black,False,Gigabyte
MSI P67A-G45 (B3),,LGA1155,ATX,32,4,Black / Blue,False,MSI
Asus M4A77D,,AM3/AM2+/AM2,ATX,16,4,,False,ASUS
ASRock C246 WS,,LGA1151,ATX,64,4,Green / Blue,False,ASRock
Asus Sabertooth X79,,LGA2011,ATX,64,8,Brown / Black,False,ASUS
Asus KGPE-D16,,2 x G34,SSI EEB,256,16,Multicolor,False,ASUS
Biostar Z490GTA,,LGA1200,ATX,128,4,Black,False,Biostar
Gigabyte B550M K,1999.8,AM4,Micro ATX,128,4,Brown / Silver,True,Gigabyte
Gigabyte B450 I AORUS PRO WIFI,,AM4,Mini ITX,64,2,Black / Silver,False,Gigabyte
Biostar B760NH-E,,LGA1700,Mini ITX,96,2,Silver / Black,False,Biostar
Asus Rampage IV Black Edition,,LGA2011,EATX,128,8,Black / Red,False,ASUS
Gigabyte Z890 UD,,LGA1851,ATX,256,4,Black / Gray,False,Gigabyte
ASRock X299E-ITX/ac,9602.0,LGA2066,Mini ITX,128,4,Black,True,ASRock
EVGA Z490 DARK K|NGP|N,,LGA1200,EATX,64,2,Black / Yellow,False,EVGA
MSI B450M PRO-VDH V2,,AM4,Micro ATX,128,4,Black,False,MSI
ASRock Z87 Extreme11/ac,,LGA1150,EATX,32,4,Black / Gold,False,ASRock
Asus Crosshair IV Extreme,10199.0,AM3,EATX,16,4,Black / Red,True,ASUS
Gigabyte GA-F2A88XN-WIFI,,FM2+,Mini ITX,64,2,,False,Gigabyte
Asus E45M1-M PRO,,Integrated E-Series E-450,Micro ATX,8,2,Black / Blue,False,ASUS
MSI PRO B550-P GEN3,,AM4,ATX,128,4,Brown / Black,False,MSI
Zotac A55ITX-B-E,,FM2,Mini ITX,16,2,Black / Yellow,False,Zotac
EVGA 270-WS-W555-A1,,2 x LGA1366,HPTX,48,12,Black / Red,False,EVGA
Intel DG45FC,,LGA775,Mini ITX,4,2,Blue / Silver,False,Intel
Zotac IONITX-E-E,,Integrated Atom 230,Mini ITX,4,2,Black / Red,False,Zotac
Gigabyte GA-X58A-UD3R,,LGA1366,ATX,24,6,Blue / White,False,Gigabyte
Asus ROG STRIX B550-A GAMING,4822.6,AM4,ATX,128,4,Black / White,True,ASUS
Asus F1A55-M LX PLUS,,FM1,Micro ATX,32,2,Black / Blue,False,ASUS
Gigabyte GA-X79S-UP5-WIFI,,LGA2011,EATX,64,8,Black / Blue,False,Gigabyte
Biostar B560MHP 2.0,,LGA1200,Micro ATX,64,2,Black,False,Biostar
ASRock Z790 Taichi Carrara,7838.2,LGA1700,EATX,192,4,White / Black,True,ASRock
Gigabyte Z690M AORUS ELITE DDR4,,LGA1700,Micro ATX,128,4,Black,False,Gigabyte
Gigabyte B660 AORUS Master,7300.0,LGA1700,ATX,192,4,Black,True,Gigabyte
Intel DQ57TM,,LGA1156,Micro ATX,16,4,Green / Blue,False,Intel
Asus P8Z77-M PRO,,LGA1155,Micro ATX,32,4,Black / Blue,False,ASUS
MSI B560M PRO-E,3599.8,LGA1200,Micro ATX,64,2,Black,True,MSI
ECS B85H3-M7,,LGA1150,Micro ATX,16,2,Black / Gray,False,ECS
Gigabyte B850M FORCE WIFI6E,,AM5,Micro ATX,128,2,Silver / Orange,False,Gigabyte
Asus P8H61-M LX (REV 3.0),,LGA1155,Micro ATX,16,2,,False,ASUS
MSI X99A XPOWER GAMING TITANIUM,,LGA2011-3,EATX,128,8,White / Black,False,MSI
MSI X399 SLI PLUS,,sTR4,ATX,128,8,Black,False,MSI
Zotac GF6100-E-E,,AM3/AM2+/AM2,Mini ITX,4,2,Blue / Red,False,Zotac
MSI Creator X299,2999.8,LGA2066,EATX,256,8,Black / Silver,True,MSI
ASRock Fatal1ty X99M Killer,,LGA2011-3,Micro ATX,64,4,Black / Red,False,ASRock
Zotac H55ITX-A-E,,LGA1156,Mini ITX,8,2,Black / Yellow,False,Zotac
ECS H55H-I,,LGA1156,Mini ITX,8,2,Black / Orange,False,ECS
ASRock Z390 Phantom Gaming 6,,LGA1151,ATX,128,4,Black / Silver,False,ASRock
Intel D525MW,3050.2,Integrated Atom D525,Mini ITX,4,2,Green / Black,True,Intel
Intel DQ77KB,,LGA1155,Thin Mini ITX,16,2,Green / Black,False,Intel
ECS KAM1-I(1.0),,AM1,Mini ITX,16,2,Black / Gray,False,ECS
ASRock FM2A78M PRO3+,,FM2+,Micro ATX,64,4,Black / Blue,False,ASRock
MSI MEG X399 CREATION,,sTR4,EATX,128,8,Black / Silver,False,MSI
Asus M5A97 R2.0,5239.6,AM3+,ATX,32,4,Black / Blue,True,ASUS
MSI FM2-A75IA-E53,,FM2,Mini ITX,32,2,Black / Blue,False,MSI
Biostar H61MHB,,LGA1155,Micro ATX,16,2,Black / Red,False,Biostar
MSI X299 TOMAHAWK,,LGA2066,ATX,256,8,Black / Silver,False,MSI
Intel BBS2600CP2J,,2 x LGA2011,SSI EEB,512,16,Black / Green,False,Intel
ASRock X79 Extreme4-M,,LGA2011,Micro ATX,32,4,Brown / Black,False,ASRock
Asus PRIME B560M-K,,LGA1200,Micro ATX,64,2,Silver / Black,False,ASUS
MSI H87-G43,,LGA1150,ATX,32,4,Black / Blue,False,MSI
Asus ROG CROSSHAIR X870E HERO,12999.8,AM5,ATX,192,4,Black,True,ASUS
Biostar Z690GTA,,LGA1700,ATX,128,4,Blue / Black,False,Biostar
Asus P5G41C-M LX,,LGA775,Micro ATX,8,2,,False,ASUS
Asus PRIME Z590-V,,LGA1200,ATX,128,4,Silver / Black,False,ASUS
Gigabyte Z490 GAMING X,5960.0,LGA1200,ATX,128,4,Black / Silver,True,Gigabyte
Biostar Z590 VALKYRIE,,LGA1200,ATX,128,4,Black / Gold,False,Biostar
ASRock QC5000-ITX/PH,,Integrated A4-5000,Mini ITX,32,2,Black,False,ASRock
ASRock H55M-LE,,LGA1156,Micro ATX,8,2,Black / Blue,False,ASRock
Supermicro C9X299-RPGF,,LGA2066,ATX,256,8,Black,False,Supermicro
ASRock B860M-H2,2399.79,LGA1851,Micro ATX,128,2,Black / Silver,True,ASRock
Asus X99-PRO/USB 3.1,,LGA2011-3,ATX,64,8,Black / White,False,ASUS
Biostar TForce 590 SLI Deluxe,,AM2,ATX,4,4,,False,Biostar
Supermicro X10SDV-7TP4F,,Integrated Xeon D-1537,Flex ATX,64,4,Green,False,Supermicro
ASRock D1520D4I,,Integrated Xeon D-1520,Mini ITX,128,4,Black / Green,False,ASRock
Gigabyte GA-P67A-UD3,,LGA1155,ATX,16,4,Blue / White,False,Gigabyte
MSI A78M-E35,,FM2+,Micro ATX,32,2,Black / Blue,False,MSI
Zotac Z68ITX-B-E,,LGA1155,Mini ITX,16,2,Black / Silver,False,Zotac
Biostar A960D+,,AM3+,Micro ATX,16,2,Black / Red,False,Biostar
Gigabyte GA-AM1M-S2P,,AM1,Micro ATX,32,2,Black,False,Gigabyte
Gigabyte GA-F2A88XM-D3HP,,FM2+,Micro ATX,64,4,Black,False,Gigabyte
Gigabyte GA-H270N-WIFI,4588.8,LGA1151,Mini ITX,32,2,Black / Silver,True,Gigabyte
ASRock A620AM-HVS,,AM5,Micro ATX,128,2,Black,False,ASRock
ASRock G41M-S,1154.0,LGA775,Micro ATX,8,2,Blue / White,True,ASRock
Gigabyte Z390 AORUS XTREME,14999.8,LGA1151,EATX,128,4,Black / Silver,True,Gigabyte
ECS CDC-M/D2500,,Integrated Atom D2500,Micro ATX,4,2,Black / Silver,False,ECS
MSI PRO B850M-X,,AM5,Micro ATX,128,2,Silver / Black,False,MSI
Gigabyte GA-H55-USB3,,LGA1156,ATX,16,4,Blue / White,False,Gigabyte
MSI MAG B365M MORTAR,6780.0,LGA1151,Micro ATX,64,4,Black,True,MSI
MSI H110I PRO AC,,LGA1151,Mini ITX,32,2,Black / White,False,MSI
Sapphire PURE Black X58,,LGA1366,ATX,24,6,,False,Sapphire
Gigabyte A620M DS3H,,AM5,Micro ATX,192,4,Gray / Black,False,Gigabyte
ASRock E3C232D4U-V1L,,LGA1151,Micro ATX,64,4,Green / Blue,False,ASRock
ASRock Z790 Taichi Lite,,LGA1700,EATX,192,4,Black / Gray,False,ASRock
ASRock H110M-ITX,,LGA1151,Mini ITX,32,2,Black / Orange,False,ASRock
Gigabyte GA-F2A85XN-WIFI,2144.19,FM2,Mini ITX,64,2,Black / Gray,True,Gigabyte
MSI CSM-B85M-P32,,LGA1150,Micro ATX,16,2,Black / Blue,False,MSI
Asus P8P67,,LGA1155,ATX,32,4,Black / Blue,False,ASUS
ECS H61H2-MV,,LGA1155,Micro ATX,16,2,Black / Gray,False,ECS
Gigabyte GA-H67M-D2,,LGA1155,Micro ATX,16,2,Blue / White,False,Gigabyte
Gigabyte GA-X99-UD4,,LGA2011-3,ATX,128,8,Black / Yellow,False,Gigabyte
EVGA X299 DARK,,LGA2066,EATX,64,4,Black / Silver,False,EVGA
NZXT N7 Z390,,LGA1151,ATX,64,4,White / Black,False,NZXT
Asus P9X79,,LGA2011,ATX,64,8,Black / Blue,False,ASUS
ECS H110I-C4P,,LGA1151,Mini ITX,32,2,Brown / Black,False,ECS
ASRock AM1B-M,,AM1,Micro ATX,32,2,Black / Silver,False,ASRock
Asus TUF GAMING B550M-PLUS,3159.8,AM4,Micro ATX,128,4,Black,True,ASUS
Jetway JNC94FL-510-LF,,Integrated Atom D510,Mini ITX,4,2,,False,Jetway
Gigabyte H410M HD3P,,LGA1200,Micro ATX,64,2,Black / Silver,False,Gigabyte
Zotac GF9300-K-E,,LGA775,Mini ITX,8,2,Black / Yellow,False,Zotac
Asus Maximus III Gene,,LGA1156,Micro ATX,16,4,Black / Red,False,ASUS
Gigabyte GA-Z68AP-D3,,LGA1155,ATX,32,4,Blue / White,False,Gigabyte
MSI Z270 TOMAHAWK,,LGA1151,ATX,64,4,Black / Red,False,MSI
ASRock E3C246D4U2-2L2T,,LGA1151,Micro ATX,128,4,Green,False,ASRock
Supermicro C7Z87-OCE,13000.0,LGA1150,ATX,32,4,Black / Blue,True,Supermicro
Asus F1A75-M PRO/CSM,,FM1,Micro ATX,64,4,,False,ASUS
Gigabyte Z370 AORUS Gaming K3 (rev. 1.0),,LGA1151,ATX,64,4,Black / Red,False,Gigabyte
Supermicro X10SRM-TF,,LGA2011-3 Narrow,Micro ATX,512,4,Black / Green,False,Supermicro
ASRock H610M-HDVP/D5,,LGA1700,Micro ATX,96,2,Black / Silver,False,ASRock
Jetway JNAF92-Q67,,LGA1155,ATX,32,4,Multicolor,False,Jetway
Supermicro MBD-C7P67-O,,LGA1155,ATX,32,4,Green / Black,False,Supermicro
Jetway JNC85-E350-LF,,Integrated E-Series E-350,Mini ITX,8,2,,False,Jetway
ASRock X299 Taichi CLX,3999.8,LGA2066,ATX,256,8,Black / Silver,True,ASRock
Zotac NM10-B-E-ION,,Integrated Atom D510,Mini DTX,4,2,Black / Red,False,Zotac
ASRock Z890 Taichi,8754.79,LGA1851,ATX,256,4,Black / Gold,True,ASRock
MSI H97 PC MATE,,LGA1150,ATX,32,4,Black / Blue,False,MSI
ASRock Z690 Taichi,,LGA1700,ATX,192,4,Black / Copper,False,ASRock
EVGA X570 DARK,,AM4,EATX,64,2,Black,False,EVGA
MSI B360 GAMING ARCTIC,,LGA1151,ATX,64,4,White,False,MSI
Gigabyte GA-D525TUD,,Integrated Atom D525,Mini ITX,4,2,Blue,False,Gigabyte
ECS A990FXM-A V1.0 CFX/CLI,,AM3+,ATX,128,4,,False,ECS
Jetway JNC9S-B85,,LGA1150,Mini ITX,16,2,Black / Green,False,Jetway
MSI H170M ECO,,LGA1151,Micro ATX,32,2,Black / White,False,MSI
Gigabyte TRX40 AORUS PRO WIFI,9520.0,sTRX4,ATX,256,8,Black / Orange,True,Gigabyte
Gigabyte GA-Z97X-Gaming GT,,LGA1150,ATX,32,4,Black / Red,False,Gigabyte
MSI MAG B560M MORTAR,,LGA1200,Micro ATX,128,4,Black,False,MSI
ASRock Z390 Phantom Gaming SLI/ac,7029.8,LGA1151,ATX,128,4,Black / Silver,True,ASRock
Gigabyte X670E AORUS PRO X,,AM5,ATX,192,4,White / Silver,False,Gigabyte
ECS Z87H3-A2X EXTREME,,LGA1150,ATX,32,4,Black / Red,False,ECS
Intel DH61BEB3,,LGA1155,Micro ATX,8,2,Green / Blue,False,Intel
Asus PRIME Z690-P D4,,LGA1700,ATX,128,4,Silver / Black,False,ASUS
ASRock H87M-ITX,,LGA1150,Mini ITX,16,2,Brown / Black,False,ASRock
ECS Z170-CLAYMORE,,LGA1151,ATX,64,4,Black,False,ECS
EVGA 132-SE-E775-KR,,LGA2011,ATX,32,4,Black / Silver,False,EVGA
Gigabyte GA-H110M-H,,LGA1151,Micro ATX,32,2,Black / Silver,False,Gigabyte
ASRock EP2C612 WS,,2 x LGA2011-3,SSI EEB,256,8,Black / Blue,False,ASRock
Biostar COMBOA7L3C,,Integrated Athlon II X2 215,Micro ATX,16,2,Black / Red,False,Biostar
Asus ROG STRIX Z390-I GAMING,7980.0,LGA1151,Mini ITX,64,2,Black / Silver,True,ASUS
MSI H97M Eco,,LGA1150,Micro ATX,32,4,Black / Green,False,MSI
ASRock Fatal1ty Z370 Gaming-ITX/ac,,LGA1151,Mini ITX,32,2,Black / Silver,False,ASRock
Jetway JMIH67M-HU3,,LGA1155,Micro ATX,16,4,,False,Jetway
Asus P7H55-M Pro,,LGA1156,Micro ATX,16,4,Black / Blue,False,ASUS
Asus ROG STRIX Z490-F GAMING,,LGA1200,ATX,128,4,Black,False,ASUS
EVGA 160-SB-E679-KR,,LGA1155,EATX,16,4,Black / Red,False,EVGA
Asus N3150I-C,,Integrated Celeron N3150,Mini ITX,8,2,Black / Gold,False,ASUS
ASRock AD2700B-ITX,1586.2,Integrated Atom D2700,Mini ITX,4,2,Black / Blue,True,ASRock
ASRock X99 Extreme4,,LGA2011-3,ATX,128,8,Black / Blue,False,ASRock
MSI MEG X570 UNIFY,7980.0,AM4,ATX,128,4,Black,True,MSI
Gigabyte GA-Z97X-SOC FORCE,,LGA1150,ATX,32,4,Black / Orange,False,Gigabyte
Asus Z890 MAX GAMING WIFI7,,LGA1851,ATX,256,4,Silver / Black,False,ASUS
ECS H110M4-C23,,LGA1151,Micro ATX,32,2,Brown / Black,False,ECS
Biostar A880G+RCH,,AM3,Micro ATX,8,2,,False,Biostar
Gigabyte A620I AX,2760.0,AM5,Mini ITX,96,2,Black / Gray,True,Gigabyte
MSI X370 SLI PLUS,,AM4,ATX,64,4,Black / White,False,MSI
Asus PRIME H770-PLUS,,LGA1700,ATX,192,4,Silver / Black,False,ASUS
Colorful CVN X570M GAMING FROZEN V14,,AM4,Micro ATX,128,4,White,False,Colorful
Biostar A780L3L,,AM3,Micro ATX,8,2,Black / Red,False,Biostar
Colorful CVN B650M GAMING FROZEN V14,,AM5,Micro ATX,192,4,White / Silver,False,Colorful
Asus Sabertooth 990FX,,AM3+,ATX,32,4,Brown / Black,False,ASUS
ECS TIGD-CI3(1.0),,Integrated Atom D525,Mini ITX,4,2,,False,ECS
ECS H57H-MUS(1.0A),,LGA1156,Micro ATX,16,4,,False,ECS
Asus ROG STRIX X670E-I GAMING WIFI,,AM5,Mini ITX,96,2,Black / Silver,False,ASUS
Gigabyte B760M GAMING AC DDR4,,LGA1700,Micro ATX,64,2,Black / Red,False,Gigabyte
Gigabyte X299X DESIGNARE 10G,17999.8,LGA2066,EATX,256,8,Black / Silver,True,Gigabyte
MSI MPG B860I EDGE TI WIFI,,LGA1851,Mini ITX,128,2,Silver,False,MSI
ASRock X299 CREATOR,,LGA2066,ATX,256,8,Silver / Black,False,ASRock
ASRock H81TM-ITX R2.0,,LGA1150,Thin Mini ITX,16,2,Black,False,ASRock
Gigabyte GA-Z97MX-Gaming 5,,LGA1150,Micro ATX,32,4,Black / Red,False,Gigabyte
ASRock H610M-HDVP/D5 R2.0,,LGA1700,Micro ATX,96,2,Black,False,ASRock
Supermicro C9X299-PG300F,19900.0,LGA2066,ATX,256,8,Black,True,Supermicro
Gigabyte Z790 AORUS ELITE,,LGA1700,ATX,192,4,Black,False,Gigabyte
Gigabyte B360 HD3P,,LGA1151,ATX,64,4,Silver / Black,False,Gigabyte
Biostar Hi-Fi H81S2,,LGA1150,ATX,16,2,Black / Silver,False,Biostar
ASRock N68-GS4 FX R2.0,,AM3+,Micro ATX,16,2,Black,False,ASRock
EVGA 121-BL-E756-TR,,LGA1366,Micro ATX,24,6,Black / Red,False,EVGA
Colorful BATTLE-AX Z790M-PLUS D5 V20,,LGA1700,Micro ATX,128,4,Black / Orange,False,Colorful
Asus ROG ZENITH EXTREME,,sTR4,EATX,128,8,Black / Silver,False,ASUS
Gigabyte H610M S2H V3 DDR4,2199.0,LGA1700,Micro ATX,64,2,Black / Silver,True,Gigabyte
MSI A55M-P33,,FM1,Micro ATX,16,2,Black / Blue,False,MSI
EVGA 270-WS-W555-A2,,LGA1366,HPTX,48,12,Black / Red,False,EVGA
Foxconn A88GMV,,AM3,Micro ATX,16,4,Multicolor,False,Foxconn
Gigabyte B660M AORUS ELITE AX DDR4,,LGA1700,Micro ATX,128,4,Black,False,Gigabyte
MSI Z370I GAMING PRO CARBON AC,,LGA1151,Mini ITX,32,2,Black / Silver,False,MSI
ASRock X299M Extreme4,,LGA2066,Micro ATX,64,4,Black / Silver,False,ASRock
MSI Z87 MPOWER-R,,LGA1150,ATX,32,4,Black / Yellow,False,MSI
Asus EX-B660M-V5 D4,,LGA1700,Micro ATX,64,2,Red / Black,False,ASUS
ASRock X79 Extreme4,,LGA2011,ATX,32,4,Brown / Black,False,ASRock
Asus H87-PLUS,,LGA1150,ATX,32,4,Black / Gold,False,ASUS
ASRock FM2A88X-ITX+,,FM2+,Mini ITX,32,2,Black / Gray,False,ASRock
Asus Maximus III Formula,,LGA1156,ATX,16,4,Black / Red,False,ASUS
Biostar Hi-Fi B85N 3D,,LGA1150,Mini ITX,16,2,Black / Blue,False,Biostar
Gigabyte B650 EAGLE,4243.8,AM5,ATX,192,4,Black / Gray,True,Gigabyte
Gigabyte GA-H77-D3H,,LGA1155,Micro ATX,32,4,Blue / White,False,Gigabyte
Supermicro X10SLL-F,5480.0,LGA1150,Micro ATX,32,4,Black / Green,True,Supermicro
Asus Z10PE-D16,,2 x LGA2011-3 Narrow,SSI EEB,1024,16,Black / Blue,False,ASUS
Supermicro X9DRL-3F,,2 x LGA2011,ATX,64,8,Green / Blue,False,Supermicro
MSI FM2-A55M-E33,,FM2,Micro ATX,16,2,Black / Blue,False,MSI
Gigabyte B760M AORUS ELITE DDR4,,LGA1700,Micro ATX,128,4,Black,False,Gigabyte
ASRock Z68 Extreme4,,LGA1155,ATX,32,4,Black / Blue,False,ASRock
Asus ROG Rampage VI Extreme Encore,,LGA2066,EATX,256,8,Black / Silver,False,ASUS
ASRock X570 Extreme4 WiFi ax,,AM4,ATX,128,4,Black / Silver,False,ASRock
ASRock Z790 PRO RS WIFI,4593.6,LGA1700,ATX,192,4,Silver / Black,True,ASRock
MSI B450I GAMING PLUS AC,,AM4,Mini ITX,64,2,Black / Red,False,MSI
ECS A890GXM-A,,AM3,ATX,16,4,Multicolor,False,ECS
Foxconn B75M,,LGA1155,Micro ATX,32,4,Black,False,Foxconn
MSI MEG Z690 ACE,14737.6,LGA1700,EATX,192,4,Black / Gold,True,MSI
Jetway JNC9KDL-2700,,Integrated Atom D2700,Mini ITX,4,2,,False,Jetway
MSI PRO Z890-P WIFI,3799.8,LGA1851,ATX,256,4,Black / Silver,True,MSI
ASRock 970 Pro3 R2.0,5079.2,AM3+,ATX,64,4,Brown / Black,True,ASRock
ASRock AD2700-ITX,,Integrated Atom D2700,Mini ITX,4,2,Black / Blue,False,ASRock
Asus Z97-PRO(Wi-Fi ac)/USB 3.1,,LGA1150,ATX,32,4,Black / Gold,False,ASUS
ASRock K10N78M-PRO,,AM3/AM2+/AM2,Micro ATX,8,2,Multicolor,False,ASRock
Asus ROG STRIX B350-I GAMING,,AM4,Mini ITX,32,2,Black / Silver,False,ASUS
ECS P45T-AD3,,LGA775,ATX,8,4,,False,ECS
Supermicro C7H170-M,,LGA1151,Micro ATX,64,4,Black / Red,False,Supermicro
MSI 970A-G46,,AM3+,ATX,32,4,Black / Blue,False,MSI
ASRock Z87 OC Formula/ac,4073.0,LGA1150,EATX,32,4,Black / Yellow,True,ASRock
MSI MPG Z890I EDGE TI WIFI,6599.0,LGA1851,Mini ITX,128,2,White,True,MSI
Asus P9X79 WS,,LGA2011,SSI CEB,64,8,Black / Blue,False,ASUS
Jetway JXBLUE-77A4-LF,,AM3,ATX,8,2,,False,Jetway
ASRock H310CM-ITX/ac,,LGA1151,Mini ITX,32,2,Black / Silver,False,ASRock
Intel DH77DF,,LGA1155,Mini ITX,16,2,Black / Blue,False,Intel
Asus Prime H310I-PLUS R2.0/CSM,,LGA1151,Mini ITX,32,2,Black,False,ASUS
Asus rog-strix-x870e-h-gaming-wifi7-hatsune-miku-edition,,AM5,ATX,256,4,Black / Blue,False,ASUS
Asus PRIME A520M-A II/CSM,1577.2,AM4,Micro ATX,128,4,Silver / Black,True,ASUS
Gigabyte B550M AORUS PRO,,AM4,Micro ATX,128,4,Black / Silver,False,Gigabyte
Asus ROG STRIX B760-A GAMING WIFI,4599.8,LGA1700,ATX,192,4,Silver / Black,True,ASUS
Asus ROG Maximus XIII Extreme,,LGA1200,EATX,128,4,Silver / Black,False,ASUS
Biostar RACING Z170GTN,,LGA1151,Mini ITX,32,2,Black,False,Biostar
MSI AM1I,,AM1,Mini ITX,32,2,Black / Silver,False,MSI
Asus Maximus V Formula,,LGA1155,EATX,32,4,Black / Red,False,ASUS
MSI Z68MA-G45 (B3),,LGA1155,Micro ATX,32,4,Black / Blue,False,MSI
Asus PRIME B760-PLUS D4,3459.8,LGA1700,ATX,128,4,Silver / Black,True,ASUS
Biostar H61MH,,LGA1155,Micro ATX,8,2,Black / Red,False,Biostar
EVGA 111-IB-E692-KR,,LGA1155,Mini ITX,16,2,Black,False,EVGA
ASRock B85M-GL,,LGA1150,Micro ATX,16,2,Brown / Black,False,ASRock
ASRock A75M-HVS,,FM1,Micro ATX,16,2,Black / Blue,False,ASRock
Zotac GF6100-B-E,,AM3/AM2+,Micro ATX,4,2,Black / Red,False,Zotac
ASRock Z690M-ITX/ax,,LGA1700,Mini ITX,64,2,Silver / Black,False,ASRock
ASRock Z590 OC Formula,,LGA1200,EATX,64,2,Green / Black,False,ASRock
ECS X58B-A3 SLI (V1.0),,LGA1366,ATX,24,6,,False,ECS
Gigabyte Z690 AORUS ELITE DDR4,6057.79,LGA1700,ATX,128,4,Black / Silver,True,Gigabyte
ASRock H410M-HDVP,,LGA1200,Micro ATX,64,2,Black / Silver,False,ASRock
MSI B85I,,LGA1150,Mini ITX,16,2,Black / Silver,False,MSI
ASRock X570 Extreme4,,AM4,ATX,128,4,Black / Silver,False,ASRock
MSI 770T-C35,,AM2+/AM2,ATX,8,4,Red / Black,False,MSI
ECS X79R-AX(1.0),,LGA2011,ATX,64,4,,False,ECS
ASRock B850I Lightning WiFi,5068.8,AM5,Mini ITX,128,2,Black,True,ASRock
ASRock C236M WS,,LGA1151,Micro ATX,64,4,Green / Blue,False,ASRock
ASRock Z77 Pro4,,LGA1155,ATX,32,4,Brown / Black,False,ASRock
Gigabyte GA-E350N-USB3,,Integrated E-Series E-350,Mini ITX,8,2,Black / Blue,False,Gigabyte
Supermicro X9SCM-iiF,,LGA1155,Micro ATX,32,4,Black / Green,False,Supermicro
Gigabyte X570 AORUS XTREME,19900.0,AM4,EATX,128,4,Black / Silver,True,Gigabyte
Asus ROG MAXIMUS XII APEX,10199.79,LGA1200,ATX,64,2,Black,True,ASUS
ASRock H81M-HDS R2.0,3023.2,LGA1150,Micro ATX,16,2,Black / Silver,True,ASRock
Zotac A75ITX-A-E,,FM1,Mini ITX,8,2,Black / Yellow,False,Zotac
MSI 770T-C45,,AM3/AM2+/AM2,ATX,8,4,,False,MSI
MSI PRO B860M-VC WIFI,,LGA1851,Micro ATX,256,4,Black,False,MSI
ASRock Z77 Extreme11,,LGA1155,EATX,32,4,Black / Gold,False,ASRock
MSI 990FXA-GD65,3072.6,AM3+,ATX,32,4,,True,MSI
Gigabyte GA-EP45-UD3R,,LGA775,ATX,16,4,Multicolor,False,Gigabyte
Asus ROG MAXIMUS XI EXTREME,13000.0,LGA1151,EATX,128,4,Black,True,ASUS
Biostar TA75MH2,,FM2,Micro ATX,32,2,Black / Red,False,Biostar
Asus P9D WS,,LGA1150,ATX,32,4,Black / Gold,False,ASUS
MSI Z87 XPOWER,,LGA1150,XL ATX,32,4,Black / Yellow,False,MSI
Biostar B350GTX,,AM4,Micro ATX,64,4,Black / Yellow,False,Biostar
Gigabyte X570 AORUS ELITE,6980.0,AM4,ATX,128,4,Black / Silver,True,Gigabyte
Foxconn H61S,,LGA1155,Mini ITX,8,2,Blue,False,Foxconn
Gigabyte GA-X58A-UD7,,LGA1366,ATX,24,6,Blue / White,False,Gigabyte
Asus PRIME H610M-F D4 R2.0-CSM,,LGA1700,Micro ATX,64,2,Black / Silver,False,ASUS
Biostar H610MT-E D5,,LGA1700,Micro ATX,96,2,Black,False,Biostar
EVGA 130-SB-E685-KR,,LGA1155,ATX,16,4,Black / Silver,False,EVGA
Gigabyte GA-MA790X-UD4P,,AM3/AM2+/AM2,ATX,16,4,Multicolor,False,Gigabyte
Intel DX58SO,,LGA1366,ATX,16,4,Black / Blue,False,Intel
Asus N3050M-E,,Integrated Celeron N3050,Micro ATX,8,2,Black / Gold,False,ASUS
MSI 760GMA-P34(FX),,AM3+,Micro ATX,16,2,,False,MSI
ECS HDC-I2(1.0),,Integrated E-Series E-350,Mini ITX,8,2,,False,ECS
ASRock B550 PG Riptide,3791.39,AM4,ATX,128,4,Black / Silver,True,ASRock
Colorful CVN B460I GAMING FROZEN V20,,LGA1200,Mini ITX,64,2,White / Black,False,Colorful
Intel DH67CL,,LGA1155,ATX,32,4,Black / Blue,False,Intel
Asus B150M-PLUS D3,,LGA1151,Micro ATX,64,4,Black / Gold,False,ASUS
Zotac 880GITX-A-E,,AM3,Mini ITX,8,2,Black / Yellow,False,Zotac
Asus H110-PLUS,,LGA1151,ATX,32,2,Black / Gold,False,ASUS
Zotac H87ITX-A-E,,LGA1150,Mini ITX,16,2,Black / Yellow,False,Zotac
Biostar TB350-BTC,,AM4,ATX,32,2,Black / Yellow,False,Biostar
ASRock X99E-ITX/ac,,LGA2011-3 Narrow,Mini ITX,32,2,Black / Blue,False,ASRock
Foxconn A78AX 3.0,,AM3,ATX,16,4,Black / Yellow,False,Foxconn
Foxconn A7DA-S 3.0,1800.0,AM3,ATX,8,4,,True,Foxconn
MSI A320M PRO-M2,,AM4,Micro ATX,32,2,Black,False,MSI
MSI Z77A-GD55,,LGA1155,ATX,32,4,Black / Blue,False,MSI
Asus ROG ZENITH II EXTREME ALPHA,,sTRX4,EATX,256,8,Black / Silver,False,ASUS
ASRock AD2550R/U3S3,,Integrated Atom D2550,Mini ITX,4,2,Black / Green,False,ASRock
Foxconn A76ML-K,,AM3/AM2+/AM2,Micro ATX,4,2,,False,Foxconn
ASRock H670M-ITX/ax,,LGA1700,Mini ITX,64,2,Silver / Black,False,ASRock
ASRock P43DE,1414.0,LGA775,ATX,16,4,Multicolor,True,ASRock
Asus ROG Crosshair VIII Impact,11780.0,AM4,Mini DTX,64,2,Black,True,ASUS
ASRock X670E Taichi,,AM5,EATX,256,4,Black,False,ASRock
ECS A780LM-M2,,AM3,Micro ATX,8,2,Multicolor,False,ECS
Gigabyte GA-F2A75M-HD2,,FM2+,Micro ATX,64,2,,False,Gigabyte
Gigabyte GA-Z270X-Gaming SOC,,LGA1151,ATX,64,4,Black / Orange,False,Gigabyte
Jetway JNMF91-G41,,LGA775,Micro ATX,4,2,,False,Jetway
Intel D410PT,,Integrated Atom D410,Mini ITX,4,2,Green / Black,False,Intel
ASRock H470M-ITX/ac,,LGA1200,Mini ITX,64,2,Black / Silver,False,ASRock
MSI PRO B860M-A WIFI,3199.8,LGA1851,Micro ATX,256,4,Silver / Black,True,MSI
Gigabyte GA-F2A88X-D3HP,,FM2+,ATX,64,4,Black / Silver,False,Gigabyte
ASRock 890GX Pro3,2488.6,AM3,ATX,32,4,,True,ASRock
Intel D525MW,,Integrated Atom D525,Mini ITX,4,2,Green / Black,False,Intel
ASRock E350M1/USB3,,Integrated E-Series E-350,Mini ITX,16,2,Black / Blue,False,ASRock
Gigabyte X470 AORUS GAMING 7 WIFI-50,,AM4,ATX,64,4,Black / Silver,False,Gigabyte
Asus ROG STRIX Z590-I GAMING WIFI,10980.0,LGA1200,Mini ITX,64,2,Black,True,ASUS
MSI Big Bang-Marshal (B3),,LGA1155,XL ATX,32,4,Black / Blue,False,MSI
MSI MAG B460 TORPEDO,,LGA1200,ATX,128,4,Black,False,MSI
Gigabyte X670E AORUS MASTER (rev. 1.0),,AM5,EATX,192,4,Black / Silver,False,Gigabyte
Gigabyte GA-H55M-S2V,,LGA1156,Micro ATX,16,2,Blue / White,False,Gigabyte
Biostar Z590I Valkyrie,,LGA1200,Mini ITX,64,2,Black / Gold,False,Biostar
Asus Z10PE-D16 WS,,2 x LGA2011-3,SSI EEB,1024,16,Black / Gold,False,ASUS
Asus X99-DELUXE II,11980.0,LGA2011-3,ATX,128,8,Black / White,True,ASUS
Biostar J1900MH2,,Integrated Celeron J1900,Micro ATX,16,2,Black / Yellow,False,Biostar
Asus ROG STRIX B550-I GAMING,,AM4,Mini ITX,64,2,Black,False,ASUS
Gigabyte B760I AORUS PRO,3999.8,LGA1700,Mini ITX,96,2,Silver / Black,True,Gigabyte
Zotac NM10-A-E-ION,,Integrated Atom D510,Mini ITX,4,2,Black / Red,False,Zotac
Jetway JTA55M1,,FM1,Micro ATX,8,2,,False,Jetway
Gigabyte GA-AB350M-D3V,,AM4,Micro ATX,32,2,Brown / Black,False,Gigabyte
Gigabyte B760M GAMING WIFI PLUS,,LGA1700,Micro ATX,96,2,Silver / Black,False,Gigabyte
Asus X99-M WS,,LGA2011-3,Micro ATX,64,4,Black / Silver,False,ASUS
Intel DQ67SWB3,,LGA1155,Micro ATX,32,4,Green / Blue,False,Intel
MSI X99A GAMING PRO CARBON,,LGA2011-3,ATX,128,8,Black / Silver,False,MSI
Foxconn D52S,,Integrated Atom D525,Mini ITX,4,2,Blue / White,False,Foxconn
ECS H81H3-I/HDMI (V1.0),,LGA1150,Mini ITX,16,2,Black / Gray,False,ECS
Asus Q87T/CSM,,LGA1150,Thin Mini ITX,16,2,Black / Gold,False,ASUS
ASRock FM2A68M-DG3+,,FM2+,Micro ATX,32,2,Brown / Black,False,ASRock
Gigabyte H470M H,,LGA1200,Micro ATX,64,2,Black,False,Gigabyte
ASRock B550M-ITX/ac,1999.8,AM4,Mini ITX,64,2,Silver / Black,True,ASRock
Zotac H61MAT-A-E,,LGA1155,Micro ATX,16,2,Multicolor,False,Zotac
MAXSUN Challenger B650M WIFI ICE,,AM5,Micro ATX,96,2,White,False,MAXSUN
ASRock H61M-PS4 Micro ATX Intel Motherboard,,LGA1155,Micro ATX,16,2,Green / Blue,False,ASRock
Gigabyte GA-P55-USB3,,LGA1156,ATX,16,4,Blue / White,False,Gigabyte
Asus TUF GAMING Z790-PLUS D4,6759.4,LGA1700,ATX,128,4,Black,True,ASUS
Asus AT5NM10-I,,Integrated Atom D510,Mini ITX,4,2,Black / Blue,False,ASUS
Gigabyte GA-970A-DS3,,AM3+,ATX,32,4,Blue / White,False,Gigabyte
MSI B360M GAMING PLUS,,LGA1151,Micro ATX,32,2,Black / Red,False,MSI
Gigabyte Z790I AORUS ULTRA,6683.6,LGA1700,Mini ITX,96,2,Silver / Black,True,Gigabyte
Asus PRIME B350M-E,,AM4,Micro ATX,32,2,Black / Red,False,ASUS
Asus A68HM-K,,FM2+,Micro ATX,32,2,Black / Gold,False,ASUS
MSI X99S GAMING 9 ACK,,LGA2011-3,EATX,128,8,Black / Red,False,MSI
Gigabyte A520I AC,1999.8,AM4,Mini ITX,64,2,Black,True,Gigabyte
Gigabyte GA-970A-D3P,,AM3+/AM3,ATX,32,4,Black / Gray,False,Gigabyte
Gigabyte X299-WU8,,LGA2066,SSI CEB,128,8,Black / Silver,False,Gigabyte
Supermicro X11SCL-LN4F,10539.0,LGA1151,Micro ATX,128,4,Green,True,Supermicro
Asus ROG STRIX TRX40-XE GAMING,,sTRX4,ATX,256,8,Black,False,ASUS
MSI Z68A-GD80 (B3),,LGA1155,ATX,32,4,,False,MSI
Asus MAXIMUS IX HERO,,LGA1151,ATX,64,4,Black / Silver,False,ASUS
ASRock X58 Extreme,,LGA1366,ATX,24,6,Black / Blue,False,ASRock
ASRock 880GMH/USB3,1771.8,AM3,Micro ATX,16,4,Black / Blue,True,ASRock
Jetway JNF9F-H61,,LGA1155,Mini ITX,16,2,,False,Jetway
Asus M4A79XTD EVO,,AM3,ATX,16,4,Black / Blue,False,ASUS
Biostar H610MHC-E,,LGA1700,Micro ATX,64,2,Black,False,Biostar
MSI MAG X570S TOMAHAWK MAX WIFI,,AM4,ATX,128,4,Black,False,MSI
ASRock X870E Taichi,9379.0,AM5,EATX,256,4,Black,True,ASRock
MSI Z790 GAMING PLUS WIFI7,,LGA1700,ATX,256,4,Black,False,MSI
Supermicro H8DG6-F,,2 x G34,EATX,512,16,Black / Blue,False,Supermicro
Gigabyte GA-H97M-HD3,,LGA1150,Micro ATX,16,2,Black / Silver,False,Gigabyte
Asus Pro B760M-CT-CSM,2999.8,LGA1700,Micro ATX,192,4,Green / Black,True,ASUS
EVGA 111-CD-E630-TR,,LGA1156,Micro ATX,16,4,Black / Gray,False,EVGA
ASRock H61M-GE,,LGA1155,Micro ATX,16,4,Black / Blue,False,ASRock
ECS B350AM4-M2,,AM4,Micro ATX,64,4,Black,False,ECS
Gigabyte A620M C,,AM5,Micro ATX,192,4,Gray / Black,False,Gigabyte
Gigabyte GA-P67A-UD7,,LGA1155,ATX,16,4,Black / Silver,False,Gigabyte
MSI B450M BAZOOKA MAX WIFI,,AM4,Micro ATX,128,4,Black / Silver,False,MSI
MSI Z790MPOWER,,LGA1700,Micro ATX,128,2,Black / Silver,False,MSI
Supermicro X10SDV-8C-TLN4F,,Integrated Xeon D-1541,Mini ITX,64,4,Green,False,Supermicro
MSI P67A-C45,,LGA1155,ATX,32,4,Black / Blue,False,MSI
Jetway JM26GT4-LF,,AM2,Micro ATX,4,2,,False,Jetway
Asus TUF GAMING B860M-PLUS WIFI,4199.8,LGA1851,Micro ATX,256,4,Black / Silver,True,ASUS
Gigabyte B650M AORUS ELITE AX,3999.8,AM5,Micro ATX,192,4,Black,True,Gigabyte
Asus F2A55-M LK PLUS,,FM2,Micro ATX,32,2,Black / Blue,False,ASUS
Biostar TZ77XE4,,LGA1155,ATX,32,4,Black / Orange,False,Biostar
MSI K9N6PGM2-V2,,AM3/AM2+/AM2,Micro ATX,8,2,,False,MSI
Asus P9D-I,,LGA1150,Mini ITX,16,2,Black / Blue,False,ASUS
Asus ROG STRIX B860-I GAMING WIFI,4399.8,LGA1851,Mini ITX,128,2,Black / Silver,True,ASUS
ASRock Z890 Taichi AQUA,15139.8,LGA1851,EATX,256,4,White,True,ASRock
Foxconn A75A,,FM1,ATX,64,4,Black / Yellow,False,Foxconn
MSI PRO-B660M-A-CEC-WIFI-DDR4,,LGA1700,Micro ATX,128,4,Black / Silver,False,MSI
MSI Z170A Tomahawk AC,,LGA1151,ATX,64,4,Black / Red,False,MSI
ASRock Z390 Phantom Gaming 4,3999.8,LGA1151,ATX,128,4,Black / Silver,True,ASRock
Asus PRIME Z390-P,3773.0,LGA1151,ATX,128,4,Silver / Black,True,ASUS
EVGA 132-BL-E758-A1,,LGA1366,ATX,24,6,Black / Gray,False,EVGA
ECS Z77H2-A3(1.2),,LGA1155,ATX,32,4,Black / Gray,False,ECS
Supermicro X9SRI-F-O,14800.0,LGA2011,ATX,64,8,Green,True,Supermicro
Sapphire PURE Fusion Mini E350,,Integrated E-Series E-350,Mini ITX,8,2,,False,Sapphire
ECS A880GM-M7 (V2.0),,AM3,Micro ATX,16,2,,False,ECS
Gigabyte GA-MA770-UD3,,AM2+/AM2,ATX,16,4,Multicolor,False,Gigabyte
Gigabyte GA-F2A55M-DS2,,FM2,Micro ATX,64,2,Blue / White,False,Gigabyte
MSI MPG B650I EDGE WIFI,5799.8,AM5,Mini ITX,128,2,Black / Silver,True,MSI
Asus EX-B650EM-V7 PLUS,,AM5,Micro ATX,128,2,Black / Red,False,ASUS
ASRock C2750D4I,,Integrated Atom C2750,Mini ITX,64,4,White / Blue,False,ASRock
Biostar G41D3C,,LGA775,Micro ATX,8,2,Black / Red,False,Biostar
Gigabyte X299 UD4,,LGA2066,ATX,128,8,Black / Gray,False,Gigabyte
Asus P8Z77-I Deluxe,,LGA1155,Mini ITX,16,2,Black / Blue,False,ASUS
MSI MEG Z490I UNIFY,7869.6,LGA1200,Mini ITX,64,2,Black / Silver,True,MSI
Gigabyte X870E AORUS XTREME AI TOP,15999.8,AM5,EATX,256,4,Black,True,Gigabyte
ECS H61H2-I5 (V1.0),,LGA1155,Mini ITX,16,2,,False,ECS
ASRock B650E PG RIPTIDE WIFI,,AM5,ATX,256,4,Black / Blue,False,ASRock
Gigabyte G1.SNIPER 5,,LGA1150,EATX,32,4,Black / Green,False,Gigabyte
Intel DH57JG,,LGA1156,Mini ITX,8,2,Blue,False,Intel
NZXT N7 B650E,5217.6,AM5,ATX,128,4,White,True,NZXT
Gigabyte GA-A55M-DS2,,FM1,Micro ATX,32,2,Blue / White,False,Gigabyte
ECS A75F-A,,FM1,ATX,32,4,,False,ECS
MSI PRO H610M-G DDR4,1879.8,LGA1700,Micro ATX,64,2,Black / Silver,True,MSI
ASRock H97 PERFORMANCE,,LGA1150,ATX,32,4,Black / Red,False,ASRock
ASRock 970A-G/3.1,,AM3+/AM3,ATX,64,4,Black / Red,False,ASRock
Biostar B660GTA,3808.8,LGA1700,ATX,128,4,Blue / Black,True,Biostar
ASRock H87WS-DL,,LGA1150,ATX,32,4,Green / Blue,False,ASRock
Gigabyte GA-790XTA-UD4,,AM3,ATX,16,4,Blue / White,False,Gigabyte
EVGA Z390 FTW,,LGA1151,ATX,128,4,Black / Silver,False,EVGA
MSI MPG Z790 EDGE TI MAX WIFI,7980.0,LGA1700,ATX,192,4,Silver / Black,True,MSI
Asus ROG MAXIMUS XI APEX,,LGA1151,ATX,64,2,Black / Silver,False,ASUS
Gigabyte H370 AORUS Gaming 3 WIFI,,LGA1151,ATX,64,4,Black / Orange,False,Gigabyte
Gigabyte A620M GAMING X,3779.8,AM5,Micro ATX,192,4,Brown / Gray,True,Gigabyte
Biostar B450MH,2198.0,AM4,Micro ATX,32,2,Black / Yellow,True,Biostar
Asus B850M MAX GAMING WIFI,,AM5,ATX,256,4,Black / Silver,False,ASUS
Gigabyte B560M AORUS PRO,,LGA1200,Micro ATX,128,4,Black,False,Gigabyte
Gigabyte B860I AORUS PRO ICE,4199.8,LGA1851,Mini ITX,128,2,White / Silver,True,Gigabyte
Asus F2A85-M2,,FM2,Micro ATX,64,4,Black / Blue,False,ASUS
Foxconn A88GM Deluxe,,AM3,Micro ATX,16,4,,False,Foxconn
ECS H81H3-M4 (V1.0A),,LGA1150,Micro ATX,16,2,Brown / Gray,False,ECS
MSI X58M,,LGA1366,Micro ATX,24,6,Black / Blue,False,MSI
Asus TUF GAMING B850-BTF WIFI W,5599.8,AM5,ATX,256,4,White / Silver,True,ASUS
MSI FM2-A85XA-G65,,FM2,ATX,32,4,Black / Blue,False,MSI
EVGA Stinger WiFi,,LGA1150,Mini ITX,16,2,Black,False,EVGA
Gigabyte X299 AORUS Gaming,,LGA2066,ATX,64,4,Black / Silver,False,Gigabyte
Biostar TPOWER X79,,LGA2011,ATX,32,4,Black / Red,False,Biostar
Asus TUF B450-PLUS GAMING,4377.79,AM4,ATX,64,4,Black / Gold,True,ASUS
Supermicro C9Z490-PGW,21000.0,LGA1200,ATX,128,4,Black,True,Supermicro
Gigabyte GA-Z77M-D3H-MVP,,LGA1155,Micro ATX,32,4,Blue / White,False,Gigabyte
ASRock H97M WS,,LGA1150,Micro ATX,32,4,Green / Blue,False,ASRock
Asus P8P67 (REV 3.0),,LGA1155,ATX,32,4,,False,ASUS
Gigabyte B850M DS3H,3099.8,AM5,Micro ATX,256,4,Gray / Black,True,Gigabyte
Gigabyte Z590I AORUS ULTRA,7780.0,LGA1200,Mini ITX,64,2,Black,True,Gigabyte
Biostar B760MX-E D4,,LGA1700,Micro ATX,64,2,Black,False,Biostar
Supermicro MBD-X11SAE-F-O,6580.0,LGA1151,ATX,64,4,Black / Green,True,Supermicro
MSI PRO H610M-G II,,LGA1700,Micro ATX,96,2,Black,False,MSI
Gigabyte GA-H77TN,,LGA1155,Thin Mini ITX,8,2,Black / Blue,False,Gigabyte
Asus AM1I-A,,AM1,Mini ITX,32,2,Black / Gold,False,ASUS
ASRock EPC612D8A,,LGA2011-3 Narrow,ATX,256,8,Green / Blue,False,ASRock
Asus B860M MAX GAMING AX,,LGA1851,Micro ATX,256,4,Silver / Black,False,ASUS
Colorful CVN X570 GAMING PRO V14,,AM4,ATX,128,4,Black / Silver,False,Colorful
MSI H370 GAMING PLUS,,LGA1151,ATX,64,4,Black / Red,False,MSI
ASRock X79 Extreme11,,LGA2011,EATX,64,8,Black / Silver,False,ASRock
ASRock Z790 Riptide WiFi,,LGA1700,ATX,192,4,Black,False,ASRock
Gigabyte Z690 AORUS ELITE AX DDR4 V2,,LGA1700,ATX,128,4,Black / Silver,False,Gigabyte
Supermicro C9Z390-CG-IW,,LGA1151,Mini ITX,64,2,Black,False,Supermicro
ASRock EPC612D4U-2T8R,,LGA2011-3 Narrow,Micro ATX,512,4,Green / Blue,False,ASRock
ECS Golden Z77H2-AX(1.0),,LGA1155,ATX,32,4,Black / Gold,False,ECS
Asus PRIME B660M-A AC D4,,LGA1700,Micro ATX,128,4,Silver / Black,False,ASUS
