name,price,type,efficiency,wattage,modular,color,brand
MSI MAG A750GL PCIE5,2199.79,ATX,gold,750,Full,Black,MSI
MSI MAG A850GL PCIE5,2439.79,ATX,gold,850,Full,Black,MSI
MSI MAG A650BN,1499.6,ATX,bronze,650,false,Black,MSI
Corsair RM1000e (2023),3599.8,ATX,gold,1000,Full,Black,Corsair
MSI MAG A550BN,1099.8,ATX,bronze,550,false,Black,MSI
Corsair SF1000 (2024),4799.8,SFX,platinum,1000,Full,Black,Corsair
MSI MAG A650GL,2598.8,ATX,gold,650,Full,Black,MSI
Cooler Master MWE Gold 850 - V2,1799.8,ATX,gold,850,Full,Black,Cooler Master
Corsair SF750 (2024),3599.8,SFX,platinum,750,Full,Black,Corsair
Montech CENTURY II,1798.0,ATX,gold,850,Full,Black,Montech
Corsair CX (2023),1399.6,ATX,bronze,650,false,Black,Corsair
Asus ROG THOR 1600T Gaming,19739.59,ATX,titanium,1600,Full,Silver / Black,ASUS
be quiet! Pure Power 12 M,2498.0,ATX,gold,850,Full,Black,be quiet!
MSI MAG A850GL PCIE5,2659.8,ATX,gold,850,Full,White,MSI
Corsair RM850,2499.79,ATX,gold,850,Full,White / Black,Corsair
Corsair SF850 (2024),3899.8,SFX,platinum,850,Full,Black,Corsair
be quiet! Pure Power 12 M,1978.0,ATX,gold,750,Full,Black,be quiet!
Thermaltake Toughpower GX2,1399.6,ATX,gold,600,false,Black,Thermaltake
Lian Li EDGE,3645.6,ATX,platinum,1000,Full,White,Lian Li
Apevia Galaxy,1099.8,ATX,gold,650,Semi,Black,Apevia
Thermaltake Toughpower GF1 (2024),2079.79,ATX,gold,850,Full,Black,Thermaltake
MSI MAG A750BN PCIE5,1499.6,ATX,bronze,750,false,Black,MSI
Lian Li SP,2559.79,SFX,gold,750,Full,Black,Lian Li
Cooler Master V850 SFX GOLD,2999.8,SFX,gold,850,Full,Black,Cooler Master
Corsair CX (2023),1299.6,ATX,bronze,550,false,Black,Corsair
be quiet! Dark Power 13,5347.2,ATX,titanium,1000,Full,Black,be quiet!
Corsair HX1500i (2023),5179.8,ATX,platinum,1500,Full,Black,Corsair
Corsair CX650M (2021),1499.6,ATX,bronze,650,Semi,Black,Corsair
SAMA GT,1399.8,ATX,gold,650,Full,Black,SAMA
Asus ROG STRIX 1200P Gaming,5099.8,ATX,platinum,1200,Full,Black / Silver,ASUS
Corsair RM750,2399.0,ATX,gold,750,Full,White / Black,Corsair
Montech CENTURY II,2198.0,ATX,gold,1050,Full,Black,Montech
Corsair RM850e (2023),3799.8,ATX,gold,850,Full,Black,Corsair
Lian Li SP750,2319.79,SFX,gold,750,Full,White,Lian Li
Corsair HX1200i,4399.8,ATX,platinum,1200,Full,Black,Corsair
Corsair RM850x (2021),3979.6,ATX,gold,850,Full,Black,Corsair
Gigabyte P650G,1399.8,ATX,gold,650,false,Black,Gigabyte
Apevia Prestige,1039.8,ATX,gold,600,false,Black,Apevia
Lian Li EDGE,3199.8,ATX,platinum,1000,Full,Black,Lian Li
be quiet! Pure Power 12 M,2798.0,ATX,gold,1000,Full,Black,be quiet!
Asus TUF Gaming 1000G,3338.39,ATX,gold,1000,Full,Black,ASUS
NZXT C850 (2024),2499.79,ATX,gold,850,Full,Black,NZXT
Segotep GN,1199.8,ATX,gold,650,false,Black,Segotep
Lian Li EDGE,4548.8,ATX,platinum,1300,Full,White,Lian Li
Corsair RM750x SHIFT,3099.8,ATX,gold,750,Full / Side,Black,Corsair
Corsair CX (2023),1799.8,ATX,bronze,750,false,Black,Corsair
Gigabyte UD850GM,2000.0,ATX,gold,850,Full,Black,Gigabyte
SeaSonic Focus GX V4 ATX 3 (2024),3199.8,ATX,gold,850,Full,Black,Seasonic
Corsair CX750M (2021),1999.8,ATX,bronze,750,Semi,Black,Corsair
Lian Li EDGE GOLD,2419.79,ATX,gold,850,Full,White,Lian Li
SAMA GT,1299.8,ATX,gold,650,Full,White,SAMA
MSI A1000G PCIE5,3820.0,ATX,gold,1000,Full,Black,MSI
MSI MPG A850G PCIE5,3299.8,ATX,gold,850,Full,Black,MSI
Lian Li EDGE,4119.8,ATX,platinum,1300,Full,Black,Lian Li
Asus TUF Gaming 850G,2679.2,ATX,gold,850,Full,Black,ASUS
Cooler Master MWE GOLD 750 V2 FULL MODULAR,2079.79,ATX,gold,750,Full,Black,Cooler Master
Asus ROG LOKI,6199.8,SFX,titanium,1200,Full,Black / White,ASUS
be quiet! Dark Power Pro 13,8998.0,ATX,titanium,1600,Full,Black,be quiet!
MSI MAG A650BE,1399.6,ATX,bronze,650,Semi,Black,MSI
SeaSonic Focus GX V4 ATX 3 (2024),2598.0,ATX,gold,750,Full,Black,Seasonic
Lian Li EDGE GOLD,2199.79,ATX,gold,850,Full,Black,Lian Li
Cooler Master V750 SFX GOLD,2799.8,SFX,gold,750,Full,Black,Cooler Master
Apevia Galaxy,1399.6,ATX,gold,850,Semi,Black,Apevia
SAMA GT,1499.8,ATX,gold,750,Full,White,SAMA
MSI MAG A1000GL PCIE5,3593.8,ATX,gold,1000,Full,Black,MSI
Vetroo 50315153244479,1799.8,ATX,gold,850,Full,Black,Vetroo
Thermaltake Toughpower GF A3 Snow,2599.8,ATX,gold,850,Full,White,Thermaltake
Corsair HX1500i (2025),6979.8,ATX,platinum,1500,Full,Black,Corsair
NZXT C1000 (2024),3299.8,ATX,gold,1000,Full,Black,NZXT
SeaSonic Focus GX V4 ATX 3 (2024),3739.6,ATX,gold,1000,Full,Black,Seasonic
Vetroo 50315153277247,1799.8,ATX,gold,850,Full,White,Vetroo
NZXT C1200 (2024),3999.8,ATX,gold,1200,Full,Black,NZXT
Thermaltake Smart BM3,1399.6,ATX,bronze,650,Semi,Black,Thermaltake
be quiet! Power Zone 2,3268.2,ATX,platinum,850,Full,Black,be quiet!
be quiet! Pure Power 12 M,1898.0,ATX,gold,650,Full,Black,be quiet!
be quiet! Pure Power 11,2735.2,ATX,gold,400,false,Black,be quiet!
Lian Li SP850,2779.8,SFX,gold,850,Full,Black,Lian Li
ASRock Challenger CL-750G,1399.8,ATX,gold,750,false,Black,ASRock
Asus ROG Strix,4599.8,ATX,platinum,1000,Full,Black,ASUS
SeaSonic PRIME TX-1600 ATX 3.1,11019.8,ATX,titanium,1600,Full,Black / Silver,Seasonic
MSI MEG Ai1300P PCIE5,7739.8,ATX,platinum,1300,Full,Black / Copper,MSI
EVGA SuperNOVA 1000 P5,3508.2,ATX,platinum,1000,Full,Blue / Black,EVGA
be quiet! Straight Power 12,3998.0,ATX,platinum,1000,Full,Black,be quiet!
Montech APX,996.0,ATX,plus,650,false,Black,Montech
Apevia Prestige,1339.6,ATX,gold,800,false,Black,Apevia
Corsair HX1000i (2023),5199.8,ATX,platinum,1000,Full,Black,Corsair
Corsair RM1200x SHIFT,4599.8,ATX,gold,1200,Full / Side,Black,Corsair
Cooler Master MWE Gold 750 V3,1999.8,ATX,gold,750,Full,Black,Cooler Master
Super Flower Leadex Titanium,16999.8,ATX,titanium,2800,Full,Black,Super Flower
EVGA SuperNOVA 850 GT,2599.6,ATX,gold,850,Full,Black,EVGA
Corsair HX1200i (2025),6899.8,ATX,platinum,1200,Full,Black,Corsair
Cooler Master MWE Gold 850 V3,2150.0,ATX,gold,850,Full,Black,Cooler Master
Asus TUF Gaming 750G,2529.79,ATX,gold,750,Full,Black,ASUS
MSI MEG Ai-T PCIE5,13759.8,ATX,titanium,1600,Full,Black / Gold,MSI
Thermaltake Smart BM3,1599.6,ATX,bronze,750,Semi,Black,Thermaltake
Montech CENTURY II,2598.0,ATX,gold,1200,Full,Black,Montech
Thermaltake Toughpower GF A3 Snow,3399.8,ATX,gold,1050,Full,White,Thermaltake
Corsair RM1200e,3999.8,ATX,gold,1200,Full,Black,Corsair
be quiet! Straight Power 12,4524.2,ATX,platinum,1200,Full,Black,be quiet!
Corsair RM750x (2018),3677.6,ATX,gold,750,Full,Black,Corsair
Apevia Premier,1099.8,ATX,gold,650,Semi,Black,Apevia
Corsair RM1000x SHIFT,3999.8,ATX,gold,1000,Full / Side,White,Corsair
SeaSonic PRIME TX-1600 Noctua Edition,13080.0,ATX,titanium,1600,Full,Brown / Black,Seasonic
Asus Prime AP-750G,2399.79,ATX,gold,750,Full,White / Black,ASUS
Corsair RM850x SHIFT,3599.8,ATX,gold,850,Full / Side,Black,Corsair
be quiet! Pure Power 12 M,3398.0,ATX,gold,1200,Full,Black,be quiet!
Thermaltake Toughpower GF1 (2024),1999.8,ATX,gold,750,Full,Black,Thermaltake
ASRock Steel Legend SL-750G,1799.8,ATX,gold,750,Full,Black,ASRock
Corsair RM850x SHIFT,3399.8,ATX,gold,850,Full / Side,White,Corsair
Cooler Master V SFX Platinum,4149.8,SFX,platinum,1100,Full,Black,Cooler Master
Segotep GM,1899.8,ATX,gold,850,Full,Black,Segotep
Silverstone SFX,2545.0,SFX,gold,500,Full,Black,SilverStone
Gigabyte AORUS ELITE P850,3299.8,ATX,platinum,850,Full,Black,Gigabyte
Asus Prime AP-850G,2799.8,ATX,gold,850,Full,White / Black,ASUS
Lian Li SP850,2899.8,SFX,gold,850,Full,White,Lian Li
MSI MPG A1000GS PCIE5,2999.8,ATX,gold,1000,Full,Black,MSI
EVGA SuperNOVA 750 GT,2319.6,ATX,gold,750,Full,Black,EVGA
MSI MAG A1250GL PCIE5,4199.8,ATX,gold,1250,Full,Black,MSI
be quiet! Dark Power Pro 13,7998.0,ATX,titanium,1300,Full,Black,be quiet!
Gigabyte UD-GM PG5,2934.4,ATX,gold,750,Full,Black,Gigabyte
SeaSonic VERTEX GX-1000,3999.8,ATX,gold,1000,Full,Black / Silver,Seasonic
Corsair RM650 (2019),4599.8,ATX,gold,650,Full,Black,Corsair
Montech APX,1098.0,ATX,plus,750,false,Black,Montech
SeaSonic CORE GX ATX 3 (2024),1999.6,ATX,gold,650,Full,Black,Seasonic
SeaSonic VERTEX PX-1200,6399.8,ATX,platinum,1200,Full,Black / Silver,Seasonic
Thermaltake Toughpower GF A3 - TT Premium Edition,2734.4,ATX,gold,1050,Full,Black,Thermaltake
Asus ROG LOKI,4799.8,SFX,platinum,850,Full,White / Silver,ASUS
Lian Li EDGE GOLD,9503.6,ATX,gold,1000,Full,White,Lian Li
Corsair RM1000x SHIFT,4299.8,ATX,gold,1000,Full / Side,Black,Corsair
Apevia Galaxy,1599.6,ATX,gold,1000,Semi,Black,Apevia
be quiet! SFX L Power,2841.0,SFX,gold,500,Full,Black,be quiet!
be quiet! Pure Power 13 M,2698.0,ATX,gold,850,Full,Black,be quiet!
Rosewill CMG850,1599.8,ATX,gold,850,Full,Black,Rosewill
MSI MPG A850GS PCIE5,2599.8,ATX,gold,850,Full,Black,MSI
be quiet! Power Zone 2,3899.8,ATX,platinum,1000,Full,Black,be quiet!
be quiet! Power Zone 2,2598.0,ATX,platinum,750,Full,Black,be quiet!
be quiet! Dark Power 13,4798.0,ATX,titanium,850,Full,Black,be quiet!
ASRock Taichi TC-1650T,10379.79,ATX,titanium,1650,Full,Black / Silver,ASRock
be quiet! Straight Power 12,4751.2,ATX,platinum,1500,Full,Black,be quiet!
SeaSonic FOCUS GX,3505.2,ATX,gold,750,Full,Black,Seasonic
ADATA XPG CYBERCORE,2599.8,ATX,platinum,1000,Full,Black / Silver,XPG
ASRock Steel Legend SL-850G,1999.8,ATX,gold,850,Full,Black,ASRock
ADATA XPG PYLON,1638.6,ATX,bronze,650,false,Black,XPG
be quiet! SFX Power 3 450,2488.19,SFX,bronze,450,false,Black,be quiet!
Corsair RM850,2319.6,ATX,gold,850,Full,Black,Corsair
Corsair RM1200x SHIFT,5399.8,ATX,gold,1200,Full / Side,White,Corsair
be quiet! Pure Power 12,2798.0,ATX,gold,1000,false,Black,be quiet!
Corsair RM850x (2018),4190.0,ATX,gold,850,Full,Black,Corsair
SeaSonic VERTEX GX-1200,4959.8,ATX,gold,1200,Full,Black / Silver,Seasonic
Asus ROG LOKI,5299.8,SFX,platinum,1000,Full,Silver / Black,ASUS
MSI MAG A750BE,1599.6,ATX,bronze,750,Semi,Black,MSI
MSI MAG A750GL PCIE5 II,2300.0,ATX,gold,750,Full,Black,MSI
Lian Li EDGE GOLD,9623.4,ATX,gold,1000,Full,Black,Lian Li
Asus TUF Gaming 1000G,3899.8,ATX,gold,1000,Full,White,ASUS
Thermaltake Toughpower GX3,1839.8,ATX,gold,850,false,Black,Thermaltake
Asus ROG THOR P2 Gaming,7199.8,ATX,platinum,1000,Full,Silver / Black,ASUS
Thermaltake Toughpower GF3 TT Premium,3719.8,ATX,gold,1200,Full,Black,Thermaltake
Thermaltake Toughpower GF A3 - TT Premium Edition,2001.8,ATX,gold,850,Full,Black,Thermaltake
Cooler Master V SFX Gold ATX 3.0,2799.8,SFX,gold,850,Full,Black,Cooler Master
Asus TUF Gaming 1200G,4359.8,ATX,gold,1200,Full,Black,ASUS
Silverstone DA850R-GMA,3479.8,ATX,gold,850,Full,Black,SilverStone
Corsair RM750e (2022),3500.0,ATX,gold,750,Full,Black,Corsair
be quiet! Pure Power 13 M,2198.0,ATX,gold,750,Full,Black,be quiet!
Gigabyte UD750GM-A,1799.8,ATX,gold,750,Full,Black,Gigabyte
Silverstone Extreme 500 Bronze,2132.8,SFX,bronze,500,false,Black / White,SilverStone
be quiet! Pure Power 12,2159.6,ATX,gold,750,false,Black,be quiet!
ADATA XPG PYLON,2050.2,ATX,bronze,550,false,Black,XPG
NZXT C1200,5199.8,ATX,gold,1200,Full,Black,NZXT
Lian Li EDGE GOLD,10787.4,ATX,gold,1200,Full,White,Lian Li
MSI MAG A850GL PCIE5 II,2599.8,ATX,gold,850,Full,Black,MSI
Cooler Master V850 SFX GOLD,3399.8,SFX,gold,850,Full,White,Cooler Master
be quiet! SFX L Power,4068.39,SFX,gold,600,Full,Black,be quiet!
Lian Li EDGE GOLD,10681.0,ATX,gold,1200,Full,Black,Lian Li
SeaSonic Focus GX V4 ATX 3 (2024),4159.8,ATX,gold,1000,Full,White,Seasonic
Silverstone FX500-G,3141.6,Flex ATX,gold,500,false,Black,SilverStone
Vetroo GV1000,2599.8,ATX,gold,1000,Full,White,Vetroo
Asus ROG Strix,3399.8,ATX,gold,850,Full,White,ASUS
EVGA SuperNOVA 1300 G+,4799.8,ATX,gold,1300,Full,Black,EVGA
Montech APX,1099.8,ATX,plus,550,false,Black,Montech
Silverstone SFX,4652.6,SFX,titanium,800,Full,Black,SilverStone
be quiet! Straight Power 12,3398.0,ATX,platinum,850,Full,Black,be quiet!
be quiet! Pure Power 13 M,3198.0,ATX,gold,1000,Full,Black,be quiet!
Asus ROG LOKI,3799.8,SFX,platinum,750,Full,Black / Silver,ASUS
Gigabyte UD1000GM PG5 (rev. 2.0),2959.4,ATX,gold,1000,Full,Black,Gigabyte
be quiet! Pure Power 12,3276.2,ATX,gold,650,false,Black,be quiet!
NZXT C1500,7399.8,ATX,platinum,1500,Full,Black,NZXT
SeaSonic VERTEX PX-1000,5399.8,ATX,platinum,1000,Full,Black / Silver,Seasonic
"FSP Group Hydro Ti PRO,Gen 5",5399.8,ATX,titanium,1000,Full,Black,FSP
Thermaltake Toughpower GF3 Snow,3719.8,ATX,gold,1200,Full,White,Thermaltake
Thermaltake Smart BM3,1999.8,ATX,bronze,850,Semi,Black,Thermaltake
Asus ROG LOKI,4399.8,SFX,platinum,850,Full,Black / Silver,ASUS
Asus ROG Strix,2450.0,ATX,gold,750,Full,Black / Red,ASUS
SeaSonic S12III,1760.0,ATX,bronze,650,false,Black,Seasonic
SeaSonic Focus GX V4 ATX 3 (2024),3379.8,ATX,gold,850,Full,White,Seasonic
Vetroo GV1000,2599.8,ATX,gold,1000,Full,Black,Vetroo
Asus ROG-STRIX-850G,3592.0,ATX,gold,850,Full,Black,ASUS
be quiet! Dark Power 13,4222.79,ATX,titanium,750,Full,Black,be quiet!
Cooler Master V Platinum V2,6199.8,ATX,platinum,1600,Full,Black / Purple,Cooler Master
Thermaltake Smart BX1 650,1268.59,ATX,bronze,650,false,Black,Thermaltake
SeaSonic CORE GX ATX 3 (2024),2238.19,ATX,gold,850,Full,Black,Seasonic
SAMA GT,1499.8,ATX,gold,750,Full,Black,SAMA
Thermaltake Toughpower SFX,3899.8,SFX,platinum,1000,Full,Black,Thermaltake
FSP Group Dagger Pro,2748.6,SFX,gold,650,Full,Black,FSP
Super Flower Leadex III Gold UP,2599.8,ATX,gold,850,Full,Black,Super Flower
SAMA GT,1599.8,ATX,gold,850,Full,Black,SAMA
MSI MPG A1250GS PCIE5,4599.8,ATX,gold,1250,Full,Black,MSI
Lian Li EDGE GOLD,1999.8,ATX,gold,750,Full,Black,Lian Li
SAMA GT,1599.8,ATX,gold,850,Full,White,SAMA
be quiet! Pure Power 12,2398.0,ATX,gold,850,false,Black,be quiet!
Super Flower LEADEX VII Platinum PRO,3999.8,ATX,platinum,1000,Full,Black,Super Flower
NZXT C1200 (2024),3939.8,ATX,gold,1200,Full,White,NZXT
Silverstone SFX,1746.2,SFX,bronze,300,false,Black,SilverStone
Asus ROG THOR P2 Gaming,4182.39,ATX,platinum,850,Full,Black / Silver,ASUS
Asus ROG STRIX 1000G,5819.0,ATX,gold,1000,Full,Black,ASUS
ASRock Steel Legend SL-1000G,2599.8,ATX,gold,1000,Full,Black,ASRock
ASRock Phantom Gaming PG-850G,2199.79,ATX,gold,850,Full,Black,ASRock
SeaSonic FOCUS SGX (2021),4219.8,SFX,gold,750,Full,Black,Seasonic
Rosewill CMG1000G5,1999.8,ATX,gold,1000,Full,Black,Rosewill
be quiet! Pure Power 9 CM,4992.39,ATX,bronze,600,Semi,Black,be quiet!
Thermaltake Toughpower SFX,3199.8,SFX,platinum,850,Full,Black,Thermaltake
Gigabyte P850GM,3498.0,ATX,gold,850,Full,Black,Gigabyte
Corsair RM750x SHIFT,2799.8,ATX,gold,750,Full / Side,White,Corsair
Super Flower LEADEX VII XG,3199.8,ATX,gold,850,Full,Black,Super Flower
MSI MAG A850GN PCIE5,2099.79,ATX,gold,850,false,Black,MSI
Silverstone HELA 1200R,6414.4,ATX,platinum,1200,Full,Black,SilverStone
Super Flower LEADEX VII Platinum PRO,4799.8,ATX,platinum,1200,Full,Black,Super Flower
EVGA 700 GD,1780.0,ATX,gold,700,false,Black,EVGA
Gigabyte AORUS ELITE P1000,4422.6,ATX,platinum,1000,Full,Black,Gigabyte
EVGA SuperNOVA 1300 P+,4188.6,ATX,platinum,1300,Full,Black,EVGA
Super Flower Leadex III Gold UP,3199.8,ATX,gold,1000,Full,Black,Super Flower
Vetroo GV1000,2599.8,ATX,gold,1000,Full,Pink,Vetroo
be quiet! System Power 10,4100.0,ATX,bronze,550,false,Black,be quiet!
ASRock Steel Legend SL-850GW,2699.8,ATX,gold,850,Full,White,ASRock
MSI MPG A1000G,5146.0,ATX,gold,1000,Full,Black,MSI
Thermaltake TR2 S,1412.2,ATX,plus,600,false,Black,Thermaltake
Corsair RM850e (2022),4000.0,ATX,gold,850,Full,Black,Corsair
SeaSonic VERTEX GX-850,2999.8,ATX,gold,850,Full,Black / Silver,Seasonic
Silverstone FX350-G,2242.8,Flex ATX,gold,350,false,Black,SilverStone
SeaSonic Focus GX V4 ATX 3 (2024),2294.79,ATX,gold,750,Full,White,Seasonic
Corsair RM1000e (2022),5300.0,ATX,gold,1000,Full,Black,Corsair
Apevia ATX-PR850W PCIE5.0,1499.6,ATX,gold,850,false,Black,Apevia
Gigabyte UD850GM-A PG5,2399.79,ATX,gold,850,Full,Black,Gigabyte
GameMax GX Pro Rampage,3199.8,ATX,platinum,1050,Full,White,GameMax
SeaSonic FOCUS GX-750 ATX 3.0,3080.0,ATX,gold,750,Full,Black,Seasonic
ASRock Challenger CL-650B,1259.8,ATX,bronze,650,false,Black,ASRock
Thermaltake Toughpower GF A3 - TT Premium Edition,3199.8,ATX,gold,1200,Full,Black,Thermaltake
Thermaltake Toughpower GF3 TT Premium,3359.8,ATX,gold,1350,Full,Black,Thermaltake
Super Flower LEADEX VII XG,4599.8,ATX,gold,1300,Full,Black,Super Flower
Asus ROG Strix Aura Edition,4084.8,ATX,gold,1000,Full,Black,ASUS
SeaSonic FOCUS GX,3008.2,ATX,gold,650,Full,Black,Seasonic
Azza PSAZ-650W,1199.8,ATX,bronze,650,false,Black,Azza
Cooler Master V1300 Platinum,7838.0,ATX,platinum,1300,Full,Black,Cooler Master
be quiet! Straight Power 12,3459.8,ATX,platinum,750,Full,Black,be quiet!
Thermaltake Toughpower GF A3 - TT Premium Edition,2199.79,ATX,gold,750,Full,Black,Thermaltake
ASRock Phantom Gaming PG-1000G,2999.8,ATX,gold,1000,Full,Black,ASRock
Razer Katana Chroma,2399.79,ATX,platinum,850,Full,Black,Razer
Azza PSAZ-750W,1499.6,ATX,bronze,750,false,Black,Azza
ASRock Steel Legend SL-650G,1959.8,ATX,gold,650,Full,Black,ASRock
ENDORFY Vero L5,1996.4,ATX,bronze,600,false,Black,Desconocida
GAMDIAS KRATOS M1 B,1299.6,ATX,bronze,750,false,Black,Desconocida
Asus TUF Gaming B,1699.8,ATX,bronze,550,false,Black,ASUS
Corsair RM850x (2018),8140.0,ATX,gold,850,Full,White / Black,Corsair
Super Flower Leadex III Gold UP,3599.8,ATX,gold,1300,Full,Black,Super Flower
be quiet! System Power 9 CM,4088.39,ATX,bronze,400,Semi,Black,be quiet!
Super Flower LEADEX VII Platinum PRO,4799.8,ATX,platinum,1200,Full,White,Super Flower
GameMax RGB Pro,2199.79,ATX,gold,850,Full,White,GameMax
Silverstone Essential,1485.0,ATX,gold,550,false,Black / Yellow,SilverStone
Fractal Design Ion Gold,4520.8,ATX,gold,850,Full,Black,Fractal Design
Cooler Master MWE Bronze V2,3586.8,ATX,bronze,750,false,Black,Cooler Master
Thermaltake Toughpower GF3 TT Premium,5999.8,ATX,gold,1650,Full,Black,Thermaltake
ASRock Phantom Gaming PG-750G,1999.8,ATX,gold,750,Full,Black,ASRock
ASRock Phantom Gaming PG-1300G,3799.8,ATX,gold,1300,Full,Black,ASRock
be quiet! System Power 10,5156.79,ATX,gold,850,false,Black,be quiet!
Super Flower Leadex III Gold UP,2399.79,ATX,gold,750,Full,Black,Super Flower
ASRock Challenger CL-550B,1159.8,ATX,bronze,550,false,Black,ASRock
Asus ROG Strix Aura Edition,2799.8,ATX,gold,750,Full,Black,ASUS
EVGA SuperNOVA 650 P6,3110.8,ATX,platinum,650,Full,Black / Silver,EVGA
ASRock Phantom Gaming PG-1600G,4999.8,ATX,gold,1600,Full,Black,ASRock
EVGA SuperNOVA 650 GA,4599.8,ATX,gold,650,Full,Black,EVGA
Super Flower Zillion FG,2199.79,ATX,gold,850,Full,Black,Super Flower
Thermaltake Toughpower PF3-L,2999.8,ATX,platinum,850,Full,Black,Thermaltake
ASRock Steel Legend SL-1000GW,3199.8,ATX,gold,1000,Full,White,ASRock
ADATA XPG CYBERCORE,3399.8,ATX,platinum,1300,Full,Black / Silver,XPG
FSP Group FSP400-60FGGBA,1999.8,Flex ATX,gold,400,false,Silver,FSP
Cooler Master V750 SFX GOLD,2999.8,SFX,gold,750,Full,White,Cooler Master
Thermaltake Smart BX1 550,1249.8,ATX,bronze,550,false,Black,Thermaltake
Cooler Master V SFX Platinum,13540.0,SFX,platinum,1300,Full,Black,Cooler Master
Silverstone SX500-G,2264.4,SFX,gold,500,Full,Black,SilverStone
Asus ROG Strix,5740.4,ATX,platinum,850,Full,Black,ASUS
MSI MPG A850GF,4749.8,ATX,gold,850,Full,Black,MSI
SeaSonic PRIME PX-1600 ATX 3.0,9399.79,ATX,platinum,1600,Full,Black / Silver,Seasonic
Montech TITAN PLA,4780.0,ATX,platinum,1200,Full,White,Montech
ASRock Challenger CL-750B,1499.8,ATX,bronze,750,false,Black,ASRock
Thermaltake TR2 S,2051.0,ATX,plus,700,false,Black,Thermaltake
be quiet! System Power 9 700 CM,3907.2,ATX,bronze,700,Semi,Black,be quiet!
NZXT C550,1799.6,ATX,bronze,550,Semi,Black,NZXT
NZXT C650 (2022),2799.6,ATX,gold,650,Full,Black,NZXT
Thermaltake Toughpower SFX,2787.6,SFX,platinum,750,Full,Black,Thermaltake
Corsair RM650,4599.8,ATX,gold,650,Full,Black,Corsair
SeaSonic SSP-300SFG,2172.0,SFX,gold,300,false,Silver,Seasonic
SeaSonic PRIME Fanless,7305.6,ATX,titanium,700,Full,Black,Seasonic
Corsair HX1500i (2022),9579.79,ATX,platinum,1500,Full,Black,Corsair
Asus ROG Strix Aura Edition,4199.8,ATX,gold,1000,Full,White,ASUS
ASRock Challenger CL-850G,1799.8,ATX,gold,850,false,Black,ASRock
Super Flower LEADEX VII XG,3699.8,ATX,gold,1000,Full,White,Super Flower
Silverstone SX700-PT,3740.6,SFX,platinum,700,Full,Black,SilverStone
be quiet! System Power 10,5420.0,ATX,bronze,750,false,Black,be quiet!
SeaSonic G12 GC,6914.4,ATX,gold,650,false,Black / Blue,Seasonic
EVGA 610 BP,2447.6,ATX,bronze,610,false,Black,EVGA
RAIJINTEK AMPERE,2300.0,ATX,platinum,850,Full,Black,Desconocida
Asus ROG Strix Aura Edition,3699.8,ATX,gold,850,Full,Black,ASUS
EVGA 650 B5,3799.8,ATX,bronze,650,Full,Black,EVGA
Silverstone SX1000-LPT,6399.8,SFX,platinum,1000,Full,Black,SilverStone
EVGA SuperNOVA 1000 G5,4748.39,ATX,gold,1000,Full,Black / Green,EVGA
Silverstone SST-TX300,1180.0,TFX,bronze,300,false,Black,SilverStone
Thermaltake Toughpower GF2 ARGB,1999.6,ATX,gold,650,Full,Black,Thermaltake
SHARKOON SilentStorm,3732.4,SFX,gold,500,Full,Black,Desconocida
Silverstone SFX,3379.0,SFX,platinum,700,Full,Black,SilverStone
Thermaltake Toughpower PF3-L,4399.8,ATX,platinum,1200,Full,Black,Thermaltake
Antec NE1000G M ATX3.0,3599.8,ATX,gold,1000,Full,Black,Antec
ASRock Taichi TC-1300T,8999.79,ATX,titanium,1300,Full,Black / Silver,ASRock
Silverstone TX500-G,3195.8,TFX,gold,500,false,Black,SilverStone
Thermaltake Smart RGB 230V,2720.0,ATX,plus,500,false,Black,Thermaltake
"FSP Group Hydro PTM X PRO,Gen5",3599.8,ATX,platinum,1000,Full,Black,FSP
Super Flower LEADEX VII XG,3799.8,ATX,gold,1000,Full,Black,Super Flower
Athena Power AP-MFATX40P8,1499.6,Flex ATX,bronze,400,false,Silver,Desconocida
Super Flower LEADEX VII Platinum PRO,3399.8,ATX,platinum,850,Full,Black,Super Flower
GAMDIAS HELIOS P2-850G,1799.8,ATX,gold,850,false,Black,Desconocida
Montech TITAN PLA,3780.0,ATX,platinum,850,Full,White,Montech
Thermaltake Toughpower GF1 PE,4319.8,ATX,gold,850,Full,Black,Thermaltake
Silverstone Strider Titanium,7799.8,ATX,titanium,1300,Full,Black / Blue,SilverStone
ENDORFY Supremo FM5,3583.8,ATX,gold,750,Full,Black,Desconocida
SeaSonic G12 GM,5852.79,ATX,gold,850,Semi,Black / Blue,Seasonic
Rosewill CMG1200G5,2599.8,ATX,gold,1200,Full,Black,Rosewill
EVGA 850 B5,3380.0,ATX,bronze,850,Full,Black,EVGA
Silverstone SFX,2221.6,SFX,bronze,450,false,Black,SilverStone
EVGA SuperNOVA 1600 P+,9186.6,ATX,platinum,1600,Full,Black,EVGA
Thermaltake Toughpower PF3-L,3699.8,ATX,platinum,1050,Full,Black,Thermaltake
SeaSonic VERTEX PX-850,6187.0,ATX,platinum,850,Full,Black / Silver,Seasonic
Silverstone DA1000R,4911.6,ATX,gold,1000,Full,Black,SilverStone
FSP Group FSP300-57FCB,2599.8,Flex ATX,gold,300,Full,Black,FSP
Fractal Design Ion Gold,4162.2,ATX,gold,750,Full,Black,Fractal Design
Enermax Revolution D.F. X,2999.8,ATX,gold,1350,Full,Black,Enermax
"FSP Group Hydro PTM X PRO,Gen5",4199.8,ATX,platinum,1200,Full,Black,FSP
SeaSonic Prime Fanless PX-500,5101.39,ATX,platinum,500,Full,Black,Seasonic
Corsair HX1000i (2022),5200.0,ATX,platinum,1000,Full,Black,Corsair
SeaSonic VERTEX GX-750,2999.8,ATX,gold,750,Full,Black / Silver,Seasonic
Montech TITAN PLA,4392.39,ATX,platinum,1000,Full,White,Montech
Azza PSAZ-550W,1099.8,ATX,bronze,550,false,Black,Azza
Silverstone SX-G,3059.8,SFX,gold,700,Full,Black,SilverStone
ENDORFY Vero L5,1798.4,ATX,bronze,500,false,Black,Desconocida
Cooler Master MWE White V2 230V,2525.8,ATX,plus,700,false,Black,Cooler Master
Silverstone HELA 850R,4417.0,ATX,platinum,850,Full,Black / Silver,SilverStone
NZXT C650,1999.6,ATX,bronze,650,Semi,Black,NZXT
SeaSonic PRIME 1300 Gold,5799.6,ATX,gold,1300,Full,Black,Seasonic
Gigabyte UD1300GM PG5,4399.8,ATX,gold,1300,Full,Black,Gigabyte
GameMax RGB,3999.8,ATX,platinum,1300,Full,Black,GameMax
Silverstone Essential,1364.0,ATX,bronze,550,false,Black,SilverStone
EVGA SuperNOVA 1200 P3,7263.4,ATX,platinum,1200,Full,Black / Silver,EVGA
Antec NE1000G M White ATX 3.0,5663.6,ATX,gold,1000,Full,White,Antec
Montech TITAN PLA,2780.0,ATX,platinum,750,Full,White,Montech
Enermax PlatiGemini,5199.8,ATX,platinum,1200,Full,Black,Enermax
Silverstone TX700-G,4209.0,TFX,gold,700,false,Black,SilverStone
Thermaltake Smart RGB 230V,1489.6,ATX,plus,600,false,Black,Thermaltake
Cougar VTE,1530.8,ATX,bronze,600,false,Black,Cougar
Antec GSK ATX3.1,3461.39,ATX,gold,750,Full,Black,Antec
"FSP Group Hydro PTM X PRO,Gen5",3211.2,ATX,platinum,850,Full,Black,FSP
FSP Group FSP300-60LG,2671.8,Mini ITX,bronze,300,false,Black,FSP
Cooler Master V750 Gold V2,3878.0,ATX,gold,750,Full,Black,Cooler Master
Inter-Tech Argus RGB II,2131.39,ATX,bronze,500,false,Black,Desconocida
Montech CENTURY G5,1994.19,ATX,gold,750,Full,Black,Montech
Antec CSK,2538.0,ATX,bronze,550,false,Black / Yellow,Antec
SeaSonic PRIME TX,13467.2,ATX,titanium,1600,Full,Black / Silver,Seasonic
NOX URANO VX,1477.4,ATX,bronze,750,false,Black / Orange,Desconocida
Silverstone Strider Platinum S,5859.8,ATX,platinum,1200,Full,Black,SilverStone
Thermaltake Toughpower iRGB PLUS 750,2370.0,ATX,gold,750,Full,Black,Thermaltake
GameMax RGB Rainbow,3219.8,ATX,gold,1050,Full,Black,GameMax
GameMax RGB Pro,2799.8,ATX,gold,1050,Full,White,GameMax
Super Flower Zillion FG,2799.8,ATX,gold,1050,Full,Black,Super Flower
NZXT E850,2698.8,ATX,gold,850,Full,Black,NZXT
Cooler Master XG850 Plus,2919.8,ATX,platinum,850,Full,Black,Cooler Master
SHARKOON SilentStorm Cool Zero 650,3392.8,ATX,gold,650,Full,Black,Desconocida
Gigabyte AORUS P GM,3606.2,ATX,gold,750,Full,Black / Silver,Gigabyte
Cooler Master MWE Gold V2 ATX3.0,6260.0,ATX,gold,1250,Full,Black,Cooler Master
EVGA 500 BA,2199.79,ATX,bronze,500,false,Black,EVGA
SeaSonic VERTEX PX-750,6489.2,ATX,platinum,750,Full,Black / Silver,Seasonic
FSP Group Hydro PTM PRO,2799.8,ATX,platinum,850,Full,Black,FSP
Silverstone Strider Platinum S,4304.2,ATX,platinum,1000,Full,Black,SilverStone
SeaSonic FOCUS GX,9737.4,ATX,gold,1000,Full,Black,Seasonic
RAIJINTEK AMPERE,3258.0,ATX,platinum,1200,Full,Black,Desconocida
NZXT C (2019),4300.2,ATX,gold,850,Full,Black,NZXT
SeaSonic SSP-300SUG,2380.0,Flex ATX,gold,300,false,Silver,Seasonic
Razer Katana Chroma,7799.8,ATX,platinum,1200,Full,Black,Razer
RAIJINTEK AMPERE,2798.0,ATX,platinum,1000,Full,Black,Desconocida
Silverstone Essential,1839.6,ATX,gold,550,Semi,Black,SilverStone
Xilence XP750R6.2,1895.0,ATX,plus,750,false,Black,Desconocida
Antec NE1300G M ATX3.0,4733.39,ATX,gold,1300,Full,Black,Antec
RAIJINTEK AMPERE,3398.0,ATX,platinum,1200,Full,White,Desconocida
Thermaltake Toughpower GF1 PE,3399.8,ATX,gold,750,Full,Black,Thermaltake
Inter-Tech Argus RGB CM II,4276.6,ATX,gold,650,Semi,Black,Desconocida
Silverstone Essential,2150.2,ATX,gold,750,Semi,Black / Blue,SilverStone
MSI MAG A-GL PCIE5 II,3101.8,ATX,gold,1000,Full,Black,MSI
Silverstone Strider,9749.79,ATX,silver,1500,Full,Black,SilverStone
FSP Group Hydro PTM PRO,2599.8,ATX,platinum,750,Full,Black,FSP
Enermax MAXREVO SLI,2799.8,ATX,gold,1350,Full,Black / Gold,Enermax
Silverstone DA750 Gold,2974.4,ATX,gold,750,Full,Black / White,SilverStone
Antec High Current Gamer PRO ATX3.1,5854.0,ATX,platinum,1000,Full,Black,Antec
Inter-Tech Argus RGB CM II,4782.79,ATX,gold,750,Semi,Black,Desconocida
Chieftec ATMOS,4154.0,ATX,gold,850,Full,Black,Desconocida
Silverstone ST75F-GS-V3,2519.79,ATX,gold,750,Full,Black,SilverStone
Gigabyte UD850GM-A,2199.79,ATX,gold,850,Full,Black,Gigabyte
SHARKOON Rebel P20 SFX,9818.0,SFX,platinum,1000,Full,Black,Desconocida
Azza ARGB,1299.6,ATX,bronze,650,false,Black,Azza
FSP Group Hydro GE,1699.8,ATX,gold,650,Full,Black,FSP
PC Cooler YS850,2599.8,ATX,gold,850,Full,Black,Desconocida
Silverstone SX1000R-PL,6539.8,SFX,platinum,1000,Full,Black / White,SilverStone
Silverstone Essential,1906.4,ATX,gold,750,false,Black / Yellow,SilverStone
In Win P130II,4980.0,ATX,platinum,1300,Full,Black,In Win
EVGA 710 BP,4005.8,ATX,bronze,710,false,Black,EVGA
FSP Group FSP500-50FSPT,3979.8,Flex ATX,platinum,500,false,Silver,FSP
Chieftec ATMOS,3631.6,ATX,gold,750,Full,Black,Desconocida
Silverstone Strider Titanium,7279.8,ATX,titanium,1100,Full,Black / Blue,SilverStone
FSP Group FSP220-60LE(80),1599.6,Mini ITX,plus,220,false,Silver,FSP
Thermaltake Smart BM2,6549.8,ATX,bronze,750,Semi,Black,Thermaltake
Antec Signature Platinum,7698.0,ATX,platinum,1300,Full,Black,Antec
ADATA XPG FUSION 1600,11999.8,ATX,titanium,1600,Full,Black / Silver,XPG
be quiet! TFX Power 3 300,2879.4,TFX,gold,300,false,Black,be quiet!
PC Cooler YS1000,3599.8,ATX,gold,1000,Full,Black,Desconocida
Silverstone TX300,1819.4,TFX,bronze,300,false,Black,SilverStone
In Win P105II,3980.0,ATX,platinum,1050,Full,Black,In Win
In Win P85,4234.8,ATX,gold,850,Full,Black,In Win
Fractal Design Ion Gold,4760.0,ATX,gold,550,Full,Black,Fractal Design
Rosewill CFZ,1999.8,ATX,bronze,750,Semi,Black,Rosewill
Cougar GEX,3180.0,ATX,gold,1050,Full,Black,Cougar
Inter-Tech Argus RGB II,3844.4,ATX,bronze,600,false,Black,Desconocida
Cougar POLAR,3999.8,ATX,platinum,1200,Full,White,Cougar
FSP Group Hydro PTM PRO,4999.8,ATX,platinum,1000,Full,Black,FSP
Thermaltake Toughpower PF1 - TT Premium Edition,7244.4,ATX,platinum,1050,Full,Black,Thermaltake
Inter-Tech Argus RGB II,3476.0,ATX,bronze,700,false,Black,Desconocida
Cougar POLAR,4180.0,ATX,platinum,1050,Full,White,Cougar
Xilence XP1250MR9.2,9501.0,ATX,gold,1250,Full,Black / Red,Desconocida
In Win P65,2620.0,ATX,gold,650,Full,Black,In Win
Athena Power APOLLO 600,4616.8,SFX,bronze,600,false,Black,Desconocida
SHARKOON SilentStorm,3139.4,SFX,bronze,450,false,Black,Desconocida
Xilence XP550R9,3160.0,ATX,gold,550,false,Black / Red,Desconocida
Rosewill PMG750,2299.79,ATX,gold,750,Full,Black,Rosewill
Chieftec Polaris 3.0,4401.8,ATX,gold,1050,Full,Black,Desconocida
Xilence XP750R12.ARGB,4171.39,ATX,gold,750,false,Black,Desconocida
In Win IP-S300FF1-0,1318.8,TFX,plus,300,false,Silver,In Win
Chieftec Polaris 3.0,5636.6,ATX,gold,850,Full,Black,Desconocida
SeaSonic SS-600ES,2580.19,ATX,bronze,600,false,Gray,Seasonic
SeaSonic SSP-300TBS,1769.4,TFX,bronze,300,false,Silver,Seasonic
SeaSonic SS-300TFX Bronze,1799.8,TFX,bronze,300,false,Silver,Seasonic
FSP Group FSP300-60LG-5K,2274.79,Flex ATX,bronze,300,false,Silver,FSP
Athena Power AP-MFATX50P8,3407.6,Flex ATX,silver,500,false,Silver,Desconocida
