name,price,core_count,core_clock,boost_clock,microarchitecture,tdp,graphics
AMD Ryzen 7 9800X3D,9030.0,8,4.7,5.2,Zen 5,120,Radeon
AMD Ryzen 7 7800X3D,6801.0,8,4.2,5.0,Zen 4,120,Radeon
AMD Ryzen 5 7600X,3409.8,6,4.7,5.3,Zen 4,105,Radeon
AMD Ryzen 5 9600X,4099.8,6,3.9,5.4,Zen 5,65,Radeon
AMD Ryzen 7 7700X,4859.59,8,4.5,5.4,Zen 4,105,Radeon
AMD Ryzen 9 9950X3D,12999.8,16,4.3,5.7,Zen 5,170,Radeon
AMD Ryzen 5 5500,1484.4,6,3.6,4.2,Zen 3,65,
AMD Ryzen 7 9700X,6117.79,8,3.8,5.5,Zen 5,65,Radeon
AMD Ryzen 5 5600X,3179.8,6,3.7,4.6,Zen 3,65,
AMD Ryzen 5 5600,2512.19,6,3.5,4.4,Zen 3,65,
AMD Ryzen 7 5800X,3599.0,8,3.8,4.7,Zen 3,105,
Intel Core i7-14700K,5943.4,20,3.4,5.6,Raptor Lake Refresh,125,Intel UHD Graphics 770
Intel Core i9-14900K,8780.0,24,3.2,6.0,Raptor Lake Refresh,125,Intel UHD Graphics 770
Intel Core i5-12400F,2179.79,6,2.5,4.4,Alder Lake,65,
AMD Ryzen 5 3600,1595.0,6,3.6,4.2,Zen 2,65,
AMD Ryzen 5 7600,3939.4,6,3.8,5.1,Zen 4,65,Radeon
AMD Ryzen 7 5700X,3099.8,8,3.4,4.6,Zen 3,65,
AMD Ryzen 9 7900X,6282.2,12,4.7,5.6,Zen 4,170,Radeon
AMD Ryzen 9 9900X,7180.0,12,4.4,5.6,Zen 5,120,Radeon
Intel Core i5-14600K,3799.8,14,3.5,5.3,Raptor Lake Refresh,125,Intel UHD Graphics 770
Intel Core Ultra 7 265K,5399.8,20,3.9,5.5,Arrow Lake,125,Intel Xe
AMD Ryzen 7 5700X3D,6266.0,8,3.0,4.1,Zen 3,105,
Intel Core i5-14400F,2519.79,10,2.5,4.7,Raptor Lake Refresh,65,
AMD Ryzen 9 9950X,10676.6,16,4.3,5.7,Zen 5,170,Radeon
AMD Ryzen 5 7500F,,6,3.7,5.0,Zen 4,65,
AMD Ryzen 7 5800XT,2800.0,8,3.8,4.8,Zen 3,105,
Intel Core Ultra 9 285K,11199.8,24,3.7,5.7,Arrow Lake,125,Intel Xe
Intel Core i7-12700K,4283.0,12,3.6,5.0,Alder Lake,125,Intel UHD Graphics 770
AMD Ryzen 5 7600X3D,8670.0,6,4.1,4.7,Zen 4,65,Radeon
AMD Ryzen 5 5600G,2699.8,6,3.9,4.4,Zen 3,65,Radeon Vega 7
AMD Ryzen 7 7700,5879.4,8,3.6,5.3,Zen 4,65,Radeon
Intel Core i5-13400F,3029.4,10,2.5,4.6,Raptor Lake,65,
AMD Ryzen 5 7500F,,6,3.7,5.0,Zen 4,65,
Intel Core i7-12700KF,3499.8,12,3.6,5.0,Alder Lake,125,
AMD Ryzen 9 5900X,5099.8,12,3.7,4.8,Zen 3,105,
AMD Ryzen 7 3700X,2858.8,8,3.6,4.4,Zen 2,65,
Intel Core i5-12600KF,2599.8,10,3.7,4.9,Alder Lake,125,
AMD Ryzen 5 8400F,2751.39,6,4.2,4.7,Zen 4,65,
AMD Ryzen 5 8500G,3050.0,6,4.1,5.0,Zen 4,65,Radeon 740M
AMD Threadripper 3990X,53999.8,64,2.9,4.3,Zen 2,280,
Intel Core i5-12600K,2963.8,10,3.7,4.9,Alder Lake,125,Intel UHD Graphics 770
AMD Ryzen 7 5700G,3499.4,8,3.8,4.6,Zen 3,65,Radeon Vega 8
AMD Ryzen 9 5950X,5499.8,16,3.4,4.9,Zen 3,105,
AMD Ryzen 7 5800X3D,14097.2,8,3.4,4.5,Zen 3,105,
Intel Core i3-12100F,1589.0,4,3.3,4.3,Alder Lake,58,
AMD Ryzen 9 7950X,8999.19,16,4.5,5.7,Zen 4,170,Radeon
Intel Core i5-14600KF,3959.6,14,3.5,5.3,Raptor Lake Refresh,125,
AMD Ryzen 5 4500,1567.6,6,3.6,4.1,Zen 2,65,
AMD Ryzen 5 8600G,4496.6,6,4.3,5.0,Zen 4,65,Radeon 760M
AMD Ryzen 7 5700,2699.2,8,3.7,4.6,Zen 3,65,
Intel Core i7-14700KF,6279.0,20,3.4,5.6,Raptor Lake Refresh,125,
Intel Core i9-12900K,5719.8,16,3.2,5.2,Alder Lake,125,Intel UHD Graphics 770
Intel Core Ultra 7 265KF,5548.8,20,3.9,5.5,Arrow Lake,125,
AMD Ryzen 9 9900X3D,10799.6,12,4.4,5.5,Zen 5,120,Radeon
AMD Ryzen 9 7950X3D,15385.4,16,4.2,5.7,Zen 4,120,Radeon
AMD Ryzen 7 8700G,5580.0,8,4.2,5.1,Zen 4,65,Radeon 780M
Intel Core i9-14900KF,8399.4,24,3.2,6.0,Raptor Lake Refresh,125,
Intel Core i7-13700K,7806.6,16,3.4,5.4,Raptor Lake,125,Intel UHD Graphics 770
Intel Core i5-10400F,2748.8,6,2.9,4.3,Comet Lake,65,
AMD Ryzen 7 8700F,4799.8,8,4.1,5.0,Zen 4,65,
AMD Ryzen 5 2600,2999.8,6,3.4,3.9,Zen+,65,
Intel Core i9-14900KS,12799.4,24,3.2,6.2,Raptor Lake Refresh,150,Intel UHD Graphics 770
AMD Ryzen 5 5600GT,2700.0,6,3.6,4.6,Zen 3,65,Radeon Vega 7
Intel Core i5-13600KF,3918.0,14,3.5,5.1,Raptor Lake,125,
AMD Ryzen 9 5900XT,4999.8,16,3.3,4.8,Zen 3,105,
Intel Core i7-14700F,5891.6,20,2.1,5.4,Raptor Lake Refresh,65,
AMD Ryzen 9 7900,6858.8,12,3.7,5.4,Zen 4,65,Radeon
Intel Core i7-9700K,4788.6,8,3.6,4.9,Coffee Lake Refresh,95,Intel UHD Graphics 630
Intel Core i7-8700K,3580.0,6,3.7,4.7,Coffee Lake,95,Intel UHD Graphics 630
AMD Ryzen 3 3200G,1469.0,4,3.6,4.0,Zen+,65,Radeon Vega 8
AMD Ryzen 5 3400G,1701.6,4,3.7,4.2,Zen+,65,Radeon Vega 11
Intel Core i9-13900K,8680.0,24,3.0,5.8,Raptor Lake,125,Intel UHD Graphics 770
Intel Core i5-12400,2871.0,6,2.5,4.4,Alder Lake,65,Intel UHD Graphics 730
AMD Ryzen 5 3600X,3439.4,6,3.8,4.4,Zen 2,95,
Intel Core i9-9900K,7980.0,8,3.6,5.0,Coffee Lake Refresh,95,Intel UHD Graphics 630
AMD Ryzen 7 2700X,3419.8,8,3.7,4.3,Zen+,105,
Intel Core i3-14100F,1801.0,4,3.5,4.7,Raptor Lake Refresh,58,
Intel Core i9-12900KF,5313.6,16,3.2,5.2,Alder Lake,125,
AMD Ryzen 5 5600XT,2899.8,6,3.7,4.7,Zen 3,65,
Intel Core i5-13600K,5999.8,14,3.5,5.1,Raptor Lake,125,Intel UHD Graphics 770
Intel Core i7-7700K,3033.8,4,4.2,4.5,Kaby Lake,91,Intel HD Graphics 630
AMD Ryzen 3 4100,1505.8,4,3.8,4.0,Zen 2,65,
Intel Core Ultra 5 245K,5199.8,14,4.2,5.2,Arrow Lake,125,Intel Xe
AMD Ryzen 3 3100,1928.6,4,3.6,3.9,Zen 2,65,
Intel Core i5-9400F,1860.0,6,2.9,4.1,Coffee Lake Refresh,65,
Intel Core i7-13700KF,5980.0,16,3.4,5.4,Raptor Lake,125,
Intel Core i7-10700K,6980.0,8,3.8,5.1,Comet Lake,125,Intel UHD Graphics 630
Intel Core i5-14400,3519.6,10,2.5,4.7,Raptor Lake Refresh,65,Intel UHD Graphics 730
AMD Ryzen 9 3900X,,12,3.8,4.6,Zen 2,105,
AMD Ryzen 7 7700,7861.6,8,3.6,5.3,Zen 4,65,Radeon
Intel Core i7-6700K,4579.2,4,4.0,4.2,Skylake,91,Intel HD Graphics 530
AMD Ryzen 7 7800X3D,8633.2,8,4.2,5.0,Zen 4,120,Radeon
AMD Ryzen 9 7900X3D,,12,4.4,5.6,Zen 4,120,Radeon
Intel Core i5-11400F,3840.0,6,2.6,4.4,Rocket Lake,65,
AMD Threadripper 3970X,34299.8,32,3.7,4.5,Zen 2,280,
AMD Ryzen 7 3800X,5396.0,8,3.9,4.5,Zen 2,105,
AMD Ryzen 5 2600X,2300.0,6,3.6,4.2,Zen+,95,
Intel Core i7-12700F,4940.0,12,2.1,4.9,Alder Lake,65,
Intel Core i5-9600K,3320.0,6,3.7,4.6,Coffee Lake Refresh,95,Intel UHD Graphics 630
Intel Core Ultra 5 225F,3816.6,10,3.3,4.9,Arrow Lake,65,
Intel Core i7-11700K,5879.8,8,3.6,5.0,Rocket Lake,125,Intel UHD Graphics 750
Intel Core i3-12100,2271.6,4,3.3,4.3,Alder Lake,60,Intel UHD Graphics 730
Intel Core i5-10400,2799.8,6,2.9,4.3,Comet Lake,65,Intel UHD Graphics 630
Intel Core i7-8700,3769.4,6,3.2,4.6,Coffee Lake,65,Intel UHD Graphics 630
Intel Core i3-14100,2399.0,4,3.5,4.7,Raptor Lake Refresh,60,Intel UHD Graphics 730
Intel Core i3-13100F,1706.8,4,3.4,4.5,Raptor Lake,58,
Intel Pentium E5700,299.8,2,3.0,,Wolfdale,65,
Intel Core i9-10900K,10979.8,10,3.7,5.3,Comet Lake,125,Intel UHD Graphics 630
Intel Core i5-13400,3281.0,10,2.5,4.6,Raptor Lake,65,Intel UHD Graphics 730
Intel Core i7-7700,2050.0,4,3.6,4.2,Kaby Lake,65,Intel HD Graphics 630
Intel Core i7-13700F,5100.0,16,2.1,5.2,Raptor Lake,65,
Intel Core i5-6500,1742.6,4,3.2,3.6,Skylake,65,Intel HD Graphics 530
AMD Ryzen 5 5500GT,2838.39,6,3.6,4.4,Zen 3,65,Radeon Vega 7
Intel Core i9-13900KF,8700.0,24,3.0,5.8,Raptor Lake,125,
AMD Ryzen 5 4600G,,6,3.7,4.2,Zen 2,65,Radeon Vega 7
AMD Ryzen 5 9600,9351.0,6,3.8,5.2,Zen 5,65,Radeon
Intel Core Ultra 5 235,5299.8,14,3.4,5.0,Arrow Lake,65,Intel Xe
Intel Core i7-4790K,,4,4.0,4.4,Haswell Refresh,88,Intel HD Graphics 4600
Intel Core i5-8400,3577.8,6,2.8,4.0,Coffee Lake,65,Intel UHD Graphics 630
Intel Core i7-6700,2460.0,4,3.4,4.0,Skylake,65,Intel HD Graphics 530
Intel Core Ultra 5 225,4260.2,10,3.3,4.9,Arrow Lake,65,Intel Xe
AMD Ryzen 5 3500X,,6,3.6,4.1,Zen 2,65,
Intel Core i7-14700,6131.0,20,2.1,5.4,Raptor Lake Refresh,65,Intel UHD Graphics 770
AMD Ryzen 5 1600 (14nm),2300.0,6,3.2,3.6,Zen,65,
Intel Core i9-11900K,8980.0,8,3.5,5.3,Rocket Lake,125,Intel UHD Graphics 750
Intel Core i7-10700F,6505.2,8,2.9,4.8,Comet Lake,65,
Intel Core i3-10100F,2000.0,4,3.6,4.3,Comet Lake,65,
Intel Core i7-11700F,4599.8,8,2.5,4.9,Rocket Lake,65,
Intel Core i5-13500,4699.8,14,2.5,4.8,Raptor Lake,65,Intel UHD Graphics 770
Intel Pentium E2220,259.8,2,2.4,,Core,65,
Intel Core i7-12700,5799.4,12,2.1,4.9,Alder Lake,65,Intel UHD Graphics 770
AMD Ryzen 5 3600,,6,3.6,4.2,Zen 2,65,
Intel Core i5-10600K,3499.8,6,4.1,4.8,Comet Lake,125,Intel UHD Graphics 630
Intel Core i5-6600K,1799.8,4,3.5,3.9,Skylake,91,Intel HD Graphics 530
Intel Core Ultra 9 285,11599.8,24,2.5,5.6,Arrow Lake,65,Intel Xe
Intel Core i7-4770K,1980.0,4,3.5,3.9,Haswell,84,Intel HD Graphics 4600
Intel Core i7-3770,1973.8,4,3.4,,Ivy Bridge,77,Intel HD Graphics 4000
Intel Core i7-10700,7993.8,8,2.9,4.8,Comet Lake,65,Intel UHD Graphics 630
AMD Ryzen 9 3950X,9119.0,16,3.5,4.7,Zen 2,105,
Intel Core i3-6100,599.79,2,3.7,,Skylake,51,Intel HD Graphics 530
AMD Threadripper 3960X,25340.0,24,3.8,4.5,Zen 2,280,
AMD Ryzen 7 2700,3233.8,8,3.2,4.1,Zen+,65,
Intel Core i5-7500,1260.0,4,3.4,3.8,Kaby Lake,65,Intel HD Graphics 630
Intel Core i5-14500,4761.8,14,2.6,5.0,Raptor Lake Refresh,65,Intel UHD Graphics 770
Intel Core i7-9700,5973.6,8,3.0,4.7,Coffee Lake Refresh,65,Intel HD Graphics 630
Intel Core Ultra 7 265,7499.8,20,2.4,5.3,Arrow Lake,65,Intel Xe
Intel Core i5-11400,3199.8,6,2.6,4.4,Rocket Lake,65,Intel UHD Graphics 730
Intel Core i9-10850K,,10,3.6,5.2,Comet Lake,125,Intel UHD Graphics 630
Intel Core i5-7400,,4,3.0,3.5,Kaby Lake,65,Intel HD Graphics 630
Intel Core i9-13900KS,8580.0,24,3.0,6.0,Raptor Lake,150,Intel UHD Graphics 770
Intel Core Ultra 7 265F,5399.8,20,2.4,5.3,Arrow Lake,65,
Intel Core i3-8100,1215.59,4,3.6,,Coffee Lake,65,Intel UHD Graphics 630
Intel Core i7-4790,2998.8,4,3.6,4.0,Haswell Refresh,84,Intel HD Graphics 4600
Intel Xeon E5-2699 V4,6654.4,22,2.2,3.6,Broadwell,145,
Intel Core i5-4690K,1080.0,4,3.5,3.9,Haswell Refresh,88,Intel HD Graphics 4600
Intel Xeon E5-2680 V4,39500.0,14,2.4,3.3,Broadwell,120,
Intel Core i9-12900KS,7599.8,16,3.4,5.5,Alder Lake,150,Intel UHD Graphics 770
AMD Ryzen 7 1700,3300.0,8,3.0,3.7,Zen,65,
Intel Core i5-8600K,6544.6,6,3.6,4.3,Coffee Lake,95,Intel UHD Graphics 630
Intel Core i3-10100,1999.8,4,3.6,4.3,Comet Lake,65,Intel UHD Graphics 630
Intel Pentium G640,380.0,2,2.8,,Sandy Bridge,65,Intel HD Graphics
Intel Core i9-9900KF,6580.0,8,3.6,5.0,Coffee Lake Refresh,95,
Intel Core i7-9700F,5180.0,8,3.0,4.7,Coffee Lake Refresh,65,
AMD EPYC 4564P,13999.8,16,4.5,5.7,Zen 4,170,Radeon
AMD Ryzen 3 2200G,,4,3.5,3.7,Zen,65,Radeon Vega 8
AMD Ryzen 5 2400G,2300.0,4,3.6,3.9,Zen,65,Radeon Vega 11
Intel Core i5-12500,3598.39,6,3.0,4.6,Alder Lake,65,Intel UHD Graphics 770
AMD Ryzen 5 5600X3D,,6,3.3,4.4,Zen 3,105,
Intel Core i3-9100F,1500.0,4,3.6,4.2,Coffee Lake Refresh,65,
Intel Core i5-8500,3400.0,6,3.0,4.1,Coffee Lake,65,Intel UHD Graphics 630
Intel Core i5-11600K,,6,3.9,4.9,Rocket Lake,125,Intel UHD Graphics 750
Intel Core i5-7500T,1100.0,4,2.7,3.3,Kaby Lake,35,Intel HD Graphics 630
Intel Core i5-4590,,4,3.3,3.7,Haswell Refresh,84,Intel HD Graphics 4600
AMD Ryzen 5 1600 (12nm),1980.0,6,3.2,3.6,Zen+,65,
AMD Athlon 3000G (14nm),1975.8,2,3.5,,Zen,35,Radeon Vega 3
Intel Core i7-10700KF,4900.0,8,3.8,5.1,Comet Lake,125,
Intel Core i7-3770K,,4,3.5,,Ivy Bridge,77,Intel HD Graphics 4000
AMD Ryzen 9 3900XT,,12,3.8,4.7,Zen 2,105,
Intel Core i3-10105F,2870.6,4,3.7,4.4,Comet Lake,65,
Intel Core i5-7600,1116.0,4,3.5,4.1,Kaby Lake,65,Intel HD Graphics 630
Intel Core i7-9700KF,7900.4,8,3.6,4.9,Coffee Lake Refresh,95,
Intel Core i7-4770,3540.0,4,3.4,3.9,Haswell,84,Intel HD Graphics 4600
Intel Core i5-3470,1909.19,4,3.2,,Ivy Bridge,77,Intel HD Graphics 2500
AMD FX-8350,,8,4.0,,Piledriver,125,
AMD Ryzen 7 3700X,,8,3.6,4.4,Zen 2,65,
AMD Ryzen 5 1600X,1980.0,6,3.6,4.0,Zen,95,
AMD 2650,,2,1.45,,Jaguar,25,Radeon HD 8240
Intel Core i7-11700KF,7091.4,8,3.6,5.0,Rocket Lake,125,
Intel Core i3-4150,700.0,2,3.5,,Haswell Refresh,54,Intel HD Graphics 4400
Intel Core i7-11700,7559.8,8,2.5,4.9,Rocket Lake,65,Intel UHD Graphics 750
Intel Core Ultra 5 245KF,5699.8,14,4.2,5.2,Arrow Lake,125,
Intel Core i7-6950X,,10,3.0,3.5,Broadwell,140,
Intel Core i5-7600K,3657.8,4,3.8,4.2,Kaby Lake,91,Intel HD Graphics 630
AMD Ryzen 5 3500,,6,3.6,4.1,Zen 2,65,
Intel Core i3-13100,2505.0,4,3.4,4.5,Raptor Lake,60,Intel UHD Graphics 730
Intel Core i9-11900KF,7980.0,8,3.5,5.3,Rocket Lake,125,
AMD Ryzen 7 1700X,8577.6,8,3.4,3.8,Zen,95,
AMD Ryzen 7 3800XT,,8,3.9,4.7,Zen 2,105,
Intel Core i5-9400F,,6,2.9,4.1,Coffee Lake Refresh,65,
Intel Core i7-13700,6398.6,16,2.1,5.2,Raptor Lake,65,Intel UHD Graphics 770
AMD Ryzen 3 3300X,2219.79,4,3.8,4.3,Zen 2,65,
Intel Core i9-14900F,9980.0,24,2.0,5.8,Raptor Lake Refresh,65,
AMD Ryzen 7 1800X,2700.0,8,3.6,4.0,Zen,95,
AMD Ryzen 5 3600XT,12198.0,6,3.8,4.5,Zen 2,95,
Intel Core i5-4570,1960.0,4,3.2,,Haswell,84,Intel HD Graphics 4600
AMD Ryzen 5 7600X3D,,6,4.1,4.7,Zen 4,65,Radeon
Intel Core i5-11600KF,3397.8,6,3.9,4.9,Rocket Lake,125,
Intel Core i5-2400,999.8,4,3.1,,Sandy Bridge,95,Intel HD Graphics 2000
Intel Core i5-9600KF,3393.8,6,3.7,4.6,Coffee Lake Refresh,95,
Intel Core i5-9400,2998.8,6,2.9,4.1,Coffee Lake Refresh,65,Intel UHD Graphics 630
Intel Core i3-10105,1980.0,4,3.7,4.4,Comet Lake,65,Intel UHD Graphics 630
Intel Core i5-4460,1371.2,4,3.2,3.4,Haswell Refresh,84,Intel HD Graphics 4600
AMD Ryzen 3 1200 (14nm),1400.0,4,3.1,3.4,Zen,65,
AMD Ryzen 5 3600,,6,3.6,4.2,Zen 2,65,
Intel Core i5-10600KF,4738.39,6,4.1,4.8,Comet Lake,125,
AMD Ryzen 5 1400,1599.6,4,3.2,3.4,Zen,65,
Intel Core i5-6400,,4,2.7,3.3,Skylake,65,Intel HD Graphics 530
Intel Core i7-6800K,1459.6,6,3.4,3.6,Broadwell,140,
Intel Core i5-4570T,980.0,2,2.9,,Haswell,35,Intel HD Graphics 4600
AMD Ryzen 5 5600T,3203.8,6,3.5,4.5,Zen 3,65,
Intel Core i7-8700K,5100.8,6,3.7,4.7,Coffee Lake,95,Intel UHD Graphics 630
AMD Threadripper 2920X,3982.0,12,3.5,4.3,Zen+,180,
Intel Core i3-9100,2177.8,4,3.6,4.2,Coffee Lake Refresh,65,Intel UHD Graphics 630
Intel Core i3-7100,739.8,2,3.9,,Kaby Lake,51,Intel HD Graphics 630
Intel Core i9-10900KF,,10,3.7,5.3,Comet Lake,125,
Intel Xeon E5-2687W V4,45640.2,12,3.0,3.5,Broadwell,160,
AMD FX-6300,,6,3.5,,Piledriver,95,
Intel Core i9-14900,11437.2,24,2.0,5.8,Raptor Lake Refresh,65,Intel UHD Graphics 770
Intel Core i9-9900KS,27780.0,8,4.0,5.0,Coffee Lake Refresh,127,Intel UHD Graphics 630
Intel Core i5-9500,3973.8,6,3.0,4.4,Coffee Lake Refresh,65,Intel UHD Graphics 630
Intel Core i7-2600,3793.8,4,3.4,,Sandy Bridge,95,Intel HD Graphics 2000
AMD Ryzen 5 1500X,2999.8,4,3.5,3.7,Zen,65,
Intel Core i5-10500,4599.0,6,3.1,4.5,Comet Lake,65,Intel UHD Graphics 630
Intel Core i9-10980XE,20080.8,18,3.0,4.8,Cascade Lake,165,
Intel Core i9-7900X,5299.8,10,3.3,4.5,Skylake,140,
Intel Core i5-3570K,2579.8,4,3.4,,Ivy Bridge,77,Intel HD Graphics 4000
AMD Ryzen 9 PRO 7945,,12,3.7,5.4,Zen 4,65,Radeon
Intel Core i7-4790K,2610.19,4,4.0,4.4,Haswell Refresh,88,Intel HD Graphics 4600
Intel Core i3-4130,820.0,2,3.4,,Haswell,54,Intel HD Graphics 4400
Intel Core i5-4690,1040.0,4,3.5,3.9,Haswell Refresh,84,Intel HD Graphics 4600
Intel Core i5-8400,3979.0,6,2.8,4.0,Coffee Lake,65,Intel UHD Graphics 630
AMD Threadripper 1950X,17000.0,16,3.4,4.0,Zen,180,
Intel Core i7-5820K,,6,3.3,3.6,Haswell,140,
Intel Core i5-6600,,4,3.3,3.9,Skylake,65,Intel HD Graphics 530
Intel Core i7-8700,,6,3.2,4.6,Coffee Lake,65,Intel UHD Graphics 630
Intel Celeron G6900,1874.19,2,3.4,,Alder Lake,46,Intel UHD Graphics 710
AMD EPYC 4244P,3786.6,6,3.8,5.1,Zen 4,65,Radeon
Intel Core i9-13900,8299.79,24,2.0,5.6,Raptor Lake,65,Intel UHD Graphics 770
Intel Pentium Gold G7400,1800.0,2,3.7,,Alder Lake,46,Intel UHD Graphics 710
Intel Core i9-9940X,39000.0,14,3.3,4.4,Skylake,165,
AMD Athlon 200GE,1399.6,2,3.2,,Zen,35,Radeon Vega 3
Intel Core i7-4790,,4,3.6,4.0,Haswell Refresh,84,Intel HD Graphics 4600
Intel Core i5-2500K,2000.0,4,3.3,,Sandy Bridge,95,Intel HD Graphics 3000
AMD Threadripper 1920X,3900.0,12,3.5,4.0,Zen,180,
Intel Core i5-8500T,2500.0,6,2.1,3.5,Coffee Lake,35,Intel UHD Graphics 630
Intel Core 2 Duo E8400,551.0,2,3.0,,Wolfdale,65,
Intel Xeon E3-1220 V6,500.0,4,3.0,3.5,Kaby Lake,72,
Intel Core i5-3570,,4,3.4,,Ivy Bridge,77,Intel HD Graphics 2500
Intel Pentium Gold G5420,580.0,2,3.8,,Coffee Lake,54,Intel UHD Graphics 610
Intel Pentium G4400,1000.0,2,3.3,,Skylake,54,Intel HD Graphics 510
Intel Core i5-12600,4999.8,6,3.3,4.8,Alder Lake,65,Intel UHD Graphics 770
Intel Celeron 420,1399.0,1,1.6,,Core,35,
Intel Core i9-10900F,,10,2.8,5.2,Comet Lake,65,
AMD A6-6400K,,2,3.9,,Piledriver,65,Radeon HD 8470D
Intel Core i9-10900,7815.4,10,2.8,5.2,Comet Lake,65,Intel UHD Graphics 630
Intel Celeron G5900,904.0,2,3.4,,Comet Lake,58,Intel UHD Graphics 610
Intel Core i9-10900X,9599.79,10,3.7,4.7,Cascade Lake,165,
Intel Core i5-4670K,2117.19,4,3.4,,Haswell,84,Intel HD Graphics 4600
Intel Core i5-6500,2998.8,4,3.2,3.6,Skylake,65,Intel HD Graphics 530
Intel Core i9-9900K,19096.19,8,3.6,5.0,Coffee Lake Refresh,95,Intel UHD Graphics 630
AMD Threadripper 2970WX,17977.59,24,3.0,4.2,Zen+,250,
Intel Core i9-9820X,,10,3.3,4.1,Skylake,165,
AMD Ryzen 9 3900X,,12,3.8,4.6,Zen 2,105,
Intel Core i5-13500T,,14,1.6,4.6,Raptor Lake,35,Intel UHD Graphics 770
Intel Core i9-13900F,10328.59,24,2.0,5.6,Raptor Lake,65,
Intel Xeon E5-1650 V4,2298.8,6,3.6,4.0,Broadwell,140,
Intel Core i5-11600,2800.0,6,2.8,4.8,Rocket Lake,65,Intel UHD Graphics 750
Intel Core i7-8086K,6862.4,6,4.0,5.0,Coffee Lake,95,Intel UHD Graphics 630
AMD EPYC 4464P,8599.79,12,3.7,5.4,Zen 4,65,Radeon
Intel Xeon E5-2690 V2,,10,3.0,3.6,Ivy Bridge,130,
Intel Core i7-2600K,5111.0,4,3.4,,Sandy Bridge,95,Intel HD Graphics 3000
Intel Core i7-9700K,,8,3.6,4.9,Coffee Lake Refresh,95,Intel UHD Graphics 630
Intel Core i5-11500,3200.0,6,2.7,4.6,Rocket Lake,65,Intel UHD Graphics 750
AMD Ryzen 5 2600,,6,3.4,3.9,Zen+,65,
Intel Core i7-7700K,,4,4.2,4.5,Kaby Lake,91,Intel HD Graphics 630
AMD FX-6350,,6,3.9,,Piledriver,125,
Intel Core i9-9900,8393.79,8,3.1,5.0,Coffee Lake Refresh,65,Intel UHD Graphics 630
AMD Ryzen 5 5600XT,,6,3.7,4.7,Zen 3,65,
Intel Core i9-11900F,6580.0,8,2.5,5.2,Rocket Lake,65,
Intel Core i7-6850K,1700.0,6,3.6,3.8,Broadwell,140,
AMD FX-9590,5851.6,8,4.7,5.0,Piledriver,220,
Intel Core i9-12900F,7197.79,16,2.4,5.1,Alder Lake,65,
Intel Celeron G5905,1035.8,2,3.5,,Comet Lake,58,Intel UHD Graphics 610
Intel Core i9-12900,7828.0,16,2.4,5.1,Alder Lake,65,Intel UHD Graphics 770
Intel Core i5-14500T,,14,1.7,4.8,Raptor Lake Refresh,35,Intel UHD Graphics 770
Intel Core i7-4770S,1980.0,4,3.1,,Haswell,65,Intel HD Graphics 4600
Intel Core i7-4930K,1960.0,6,3.4,3.9,Ivy Bridge,130,
Intel Core i5-8600,3780.0,6,3.1,4.3,Coffee Lake,65,Intel UHD Graphics 630
Intel Core i5-4440,2000.0,4,3.1,3.3,Haswell,84,Intel HD Graphics 4600
Intel Core i7-6700K,,4,4.0,4.2,Skylake,91,Intel HD Graphics 530
AMD Athlon X2 340,,2,3.2,,Piledriver,65,
Intel Celeron G3930,570.0,2,2.9,,Kaby Lake,51,Intel HD Graphics 610
Intel Pentium G4560,1180.0,2,3.5,,Kaby Lake,54,Intel HD Graphics 610
AMD Ryzen 3 3200G,,4,3.6,4.0,Zen+,65,Radeon Vega 8
AMD FX-8320,,8,3.5,,Piledriver,125,
AMD Ryzen 5 3400G,,4,3.7,4.2,Zen+,65,Radeon Vega 11
Intel Core i3-530,900.0,2,2.93,,Westmere,73,Intel HD Graphics
Intel Core i3-12100T,,4,2.2,4.1,Alder Lake,35,Intel UHD Graphics 730
Intel Xeon E5-2650 V4,,12,2.2,2.9,Broadwell,105,
AMD Ryzen 3 1300X,,4,3.5,3.7,Zen,65,
Intel Core i5-9600,4273.8,6,3.1,4.6,Coffee Lake Refresh,65,Intel UHD Graphics 630
Intel Core i7-7700,2800.0,4,3.6,4.2,Kaby Lake,65,Intel HD Graphics 630
Intel Core i3-3220,,2,3.3,,Ivy Bridge,55,Intel HD Graphics 2500
Intel Core i5-10600,10599.0,6,3.3,4.8,Comet Lake,65,Intel UHD Graphics 630
Intel Pentium Gold G6600,3723.8,2,4.2,,Comet Lake,58,Intel UHD Graphics 630
Intel Xeon E5-2698 V4,,20,2.2,3.6,Broadwell,135,
AMD Athlon II X2 240,589.6,2,2.8,,K10,65,
Intel Core i9-10920X,15397.4,12,3.5,4.8,Cascade Lake,165,
Intel Core i7-2700K,3917.2,4,3.5,,Sandy Bridge,95,Intel HD Graphics 3000
Intel Core i3-7100T,580.0,2,3.4,,Kaby Lake,35,Intel HD Graphics 630
Intel Core i9-9900K (Standard Folding Box),11300.0,8,3.6,5.0,Coffee Lake Refresh,95,Intel UHD Graphics 630
Intel Core i7-7820X,24488.2,8,3.6,4.5,Skylake,140,
Intel Xeon E5-2630 V4,5101.2,10,2.2,3.1,Broadwell,85,
Intel Core i9-13900T,,24,1.1,5.3,Raptor Lake,35,Intel UHD Graphics 770
AMD FX-8300,2227.4,8,3.3,,Piledriver,95,
AMD A4-6300,935.8,2,3.7,3.9,Piledriver,65,Radeon HD 8370D
AMD Ryzen 7 3800X,,8,3.9,4.5,Zen 2,105,
Intel Core i7-7800X,9999.79,6,3.5,4.0,Skylake,140,
Intel Core i9-11900,7819.8,8,2.5,5.2,Rocket Lake,65,Intel UHD Graphics 750
Intel Pentium Gold G6400,1339.0,2,4.0,,Comet Lake,58,Intel UHD Graphics 610
Intel Xeon E5-2667 V3,5979.0,8,3.2,3.6,Haswell,135,
Intel 300,2107.19,2,3.9,,Raptor Lake Refresh,46,Intel UHD Graphics 710
Intel Xeon E5-4620,1175.4,8,2.2,2.6,Sandy Bridge,95,
AMD Ryzen 5 2600X,,6,3.6,4.2,Zen+,95,
Intel Core i7-5960X,,8,3.0,3.5,Haswell,140,
AMD Threadripper 2990WX,,32,3.0,4.2,Zen+,250,
Intel Core i3-2100,980.0,2,3.1,,Sandy Bridge,65,Intel HD Graphics 2000
AMD Threadripper 2950X,,16,3.5,4.4,Zen+,180,
AMD Ryzen 5 3600X,,6,3.8,4.4,Zen 2,95,
Intel Core i5-2500,,4,3.3,,Sandy Bridge,95,Intel HD Graphics 2000
Intel Celeron E3400,379.6,2,2.6,,Wolfdale,65,
AMD Ryzen 5 3600,,6,3.6,4.2,Zen 2,65,
Intel Core i7-6700,7901.0,4,3.4,4.0,Skylake,65,Intel HD Graphics 530
Intel Core i3-2120,3400.0,2,3.3,,Sandy Bridge,65,Intel HD Graphics 2000
Intel Core i3-4170,,2,3.7,,Haswell Refresh,54,Intel HD Graphics 4400
AMD EPYC 4344P,6919.8,8,3.8,5.3,Zen 4,65,Radeon
Intel Core i9-7920X,3413.2,12,2.9,4.4,Skylake,140,
Intel Xeon E5-2620,735.0,6,2.0,,Sandy Bridge,95,
Intel Core i9-9980XE,29979.0,18,3.0,4.4,Skylake,165,
AMD Ryzen 3 1200 (12nm),1400.0,4,3.1,3.4,Zen+,65,
AMD Ryzen 5 5600T,,6,3.5,4.5,Zen 3,65,
Intel Core i5-4430,1660.0,4,3.0,,Haswell,84,Intel HD Graphics 4600
Intel Core i7-920,1600.0,4,2.66,,Nehalem,130,
Intel Core i7-4960X Extreme Edition,15500.8,6,3.6,4.0,Ivy Bridge,130,
Intel Core i5-4670,2397.6,4,3.4,,Haswell,84,Intel HD Graphics 4600
AMD Threadripper 1900X,4800.0,8,3.8,4.0,Zen,180,
Intel Xeon E5-2630 V3,3399.0,8,2.4,3.2,Haswell,85,
Intel Core i5-9600K,,6,3.7,4.6,Coffee Lake Refresh,95,Intel UHD Graphics 630
Intel Core i7-6950X,6563.8,10,3.0,3.5,Broadwell,140,
AMD A8-9600,,4,3.1,3.4,Excavator,65,Radeon R7 (on-die)
Intel Core i7-5930K,,6,3.5,3.7,Haswell,140,
AMD Ryzen 5 2400G,,4,3.6,3.9,Zen,65,Radeon Vega 11
AMD FX-6100,1456.0,6,3.3,,Bulldozer,95,
Intel Core i7-13700T,,16,1.4,4.9,Raptor Lake,35,
Intel Core i5-750,1380.0,4,2.66,,Nehalem,95,
Intel Xeon E5-2697 V4,,18,2.3,3.6,Broadwell,145,
AMD Athlon II X4 640,1060.2,4,3.0,,K10,95,
AMD Ryzen 9 3900,,12,3.1,,Zen 2,65,
Intel Core i3-8350K,2700.0,4,4.0,,Coffee Lake,91,Intel UHD Graphics 630
Intel Core i5-3330,,4,3.0,,Ivy Bridge,77,Intel HD Graphics 2500
Intel Core i7-3930K,5979.6,6,3.2,,Sandy Bridge,130,
AMD FX-4350,1659.19,4,4.2,,Piledriver,125,
Intel Xeon E5-2697 V2,,12,2.7,3.5,Ivy Bridge,130,
Intel Core i7-6900K,5580.0,8,3.2,3.7,Broadwell,140,
Intel Xeon E5-2683 V4,6599.0,16,2.1,3.0,Broadwell,120,
AMD EPYC 4364P,7799.8,8,4.5,5.4,Zen 4,105,Radeon
Intel Xeon E5-1620 V2,,4,3.7,3.9,Ivy Bridge,130,
AMD Ryzen 5 PRO 7645,,6,3.8,5.1,Zen 4,65,Radeon
Intel Core i9-10940X,13999.8,14,3.3,4.8,Cascade Lake,165,
AMD FX-8370,5140.2,8,4.0,4.3,Piledriver,125,
Intel Core i7-8700T,5599.0,6,2.4,4.0,Coffee Lake,35,Intel UHD Graphics 630
AMD A8-7600,1577.8,4,3.1,3.8,Steamroller,65,Radeon R7 (on-die)
Intel Xeon E5-2690 V4,,14,2.6,3.5,Broadwell,135,
Intel Core i5-8600K,,6,3.6,4.3,Coffee Lake,95,Intel UHD Graphics 630
Intel Core i5-13600,,14,2.7,5.0,Raptor Lake,65,Intel UHD Graphics 770
Intel Celeron G5925,1199.8,2,3.6,,Comet Lake,58,Intel UHD Graphics 610
AMD EPYC 4584PX,,16,4.2,5.7,Zen 4,120,Radeon
Intel Core i7-860,1000.0,4,2.8,,Nehalem,95,
Intel Core i7-6700T,,4,2.8,3.6,Skylake,35,Intel HD Graphics 530
Intel Xeon E5-2670 V3,,12,2.3,3.1,Haswell,120,
Intel Core i3-4160,,2,3.6,,Haswell Refresh,54,Intel HD Graphics 4400
Intel Xeon E5-2699 V3,,18,2.3,3.6,Haswell,145,
Intel Core i7-9700,6700.2,8,3.0,4.7,Coffee Lake Refresh,65,Intel HD Graphics 630
Intel Pentium Gold G5400,2313.8,2,3.7,,Coffee Lake,58,Intel UHD Graphics 610
Intel Xeon E5-2680 V3,,12,2.5,3.3,Haswell,120,
Intel Core i9-9980XE,36299.6,18,3.0,4.4,Skylake,165,
Intel Core i5-7400T,1291.2,4,2.4,3.0,Kaby Lake,35,Intel HD Graphics 630
Intel Core i7-7740X,7577.6,4,4.3,4.5,Kaby Lake,112,
Intel Core i7-9700F,5580.0,8,3.0,4.7,Coffee Lake Refresh,65,
AMD Ryzen 7 PRO 7745,,8,3.8,5.3,Zen 4,65,Radeon
Intel Core i9-7980XE,24999.0,18,2.6,4.4,Skylake,165,
Intel Core i7-990X Extreme Edition,,6,3.467,,Westmere,130,
Intel Core i7-3820,,4,3.6,,Sandy Bridge,130,
Intel Core i5-3450,1900.0,4,3.1,,Ivy Bridge,77,Intel HD Graphics 2500
Intel Xeon E5-2650,1398.8,8,2.0,2.8,Sandy Bridge,95,
AMD FX-4300,,4,3.8,,Piledriver,95,
AMD Ryzen 7 1700X,,8,3.4,3.8,Zen,95,
Intel Core i5-9400,,6,2.9,4.1,Coffee Lake Refresh,65,Intel UHD Graphics 630
AMD FX-4350,1101.0,4,4.2,,Piledriver,125,
Intel Xeon E5-1630 V4,5979.0,4,3.7,4.0,Broadwell,140,
Intel Core 2 Quad Q9300,852.0,4,2.5,,Yorkfield,95,
Intel Xeon E5-2683 V4,39979.0,16,2.1,3.0,Broadwell,120,
Intel Core i3-3240,3980.0,2,3.4,,Ivy Bridge,55,Intel HD Graphics 2500
AMD A10-7700K,2560.4,4,3.4,3.8,Steamroller,95,Radeon R7 (on-die)
Intel Core i5-9600KF,5499.8,6,3.7,4.6,Coffee Lake Refresh,95,
AMD Phenom II X6 1090T Black,5839.6,6,3.2,,K10,125,
Intel Core i7-980X Extreme Edition,,6,3.33,,Westmere,130,
Intel Core 2 Quad Q6600,,4,2.4,,Core,100,
Intel Xeon E5-1620 V3,2220.0,4,3.5,3.6,Haswell,140,
Intel Core i7-4820K,3960.0,4,3.7,3.9,Ivy Bridge,130,
Intel Xeon E5-2660 V3,2998.8,10,2.6,3.3,Haswell,105,
Intel Core i9-7960X,9243.2,16,2.8,4.4,Skylake,165,
AMD FX-6120,1170.59,6,3.5,4.1,Bulldozer,95,
Intel Xeon E3-1230 V2,5480.0,4,3.3,,Ivy Bridge,69,
Intel Core i7-9800X,,8,3.8,4.5,Skylake,165,
Intel Core i5-9500F,3240.0,6,3.0,4.4,Coffee Lake Refresh,65,
Intel Core i5-8400T,2267.4,6,1.7,3.3,Coffee Lake,35,Intel UHD Graphics 630
Intel Xeon E3-1231 V3,,4,3.4,3.8,Haswell Refresh,80,
Intel Core i5-6400,,4,2.7,3.3,Skylake,65,Intel HD Graphics 530
Intel Core i7-3770S,,4,3.1,,Ivy Bridge,65,Intel HD Graphics 4000
Intel Xeon E5-2680,2200.0,8,2.7,3.5,Sandy Bridge,130,
Intel Core i5-9500T,,6,2.2,3.7,Coffee Lake Refresh,35,Intel UHD Graphics 630
Intel Core i3-10100T,,4,3.0,3.8,Comet Lake,35,Intel UHD Graphics 630
Intel Core i7-7700T,9979.0,4,2.9,3.8,Kaby Lake,35,Intel HD Graphics 630
Intel Core i3-13100T,,4,2.5,4.2,Raptor Lake,35,Intel UHD Graphics 730
AMD Ryzen 7 PRO 7745,,8,3.8,5.3,Zen 4,65,Radeon
AMD FX-8350,3849.8,8,4.0,,Piledriver,125,
AMD A8-6600K,1857.2,4,3.9,,Piledriver,100,Radeon HD 8570D
Intel Pentium G3258,2499.79,2,3.2,,Haswell Refresh,53,Intel HD Graphics
Intel Core i5-650,,2,3.2,,Westmere,73,Intel HD Graphics
Intel Core i7-5775C,,4,3.3,3.7,Broadwell,65,Iris Pro Graphics 6200
AMD 5350,,4,2.05,,Jaguar,25,Radeon HD 8400
AMD Ryzen 9 3950X,,16,3.5,4.7,Zen 2,105,
Intel Core 2 Quad Q9650,,4,3.0,,Yorkfield,95,
AMD Phenom II X6 1100T Black,,6,3.3,,K10,125,
Intel Core i7-4790S,,4,3.2,4.0,Haswell Refresh,65,Intel HD Graphics 4000
Intel Core i5-7500,,4,3.4,3.8,Kaby Lake,65,Intel HD Graphics 630
AMD A10-7850K,2796.8,4,3.7,4.0,Steamroller,95,Radeon R7 (on-die)
Intel Celeron G3900,971.2,2,2.8,,Skylake,51,Intel HD Graphics 510
AMD Athlon II 160u,,1,1.8,,K10,20,
Intel Xeon E5-2697 V3,,14,2.6,3.6,Haswell,145,
AMD FX-8320,2131.0,8,3.5,,Piledriver,125,
Intel Core i7-4770K,6000.0,4,3.5,3.9,Haswell,84,Intel HD Graphics 4600
AMD FX-6350,,6,3.9,,Piledriver,125,
Intel Xeon E3-1270 V3,8200.0,4,3.5,3.9,Haswell,80,
Intel Core i5-6402P,2373.19,4,2.8,3.4,Skylake,65,Intel HD Graphics 510
Intel Core i9-10850K,,10,3.6,5.2,Comet Lake,125,Intel UHD Graphics 630
Intel Core 2 Quad Q9550,1051.0,4,2.83,,Yorkfield,95,
Intel Core 2 Duo E7500,2980.0,2,2.93,,Wolfdale,65,
AMD FX-6300,1250.2,6,3.5,,Piledriver,95,
Intel Core i7-950,1683.0,4,3.06,,Nehalem,130,
AMD A10-6800K,,4,4.1,,Piledriver,100,Radeon HD 8670D
Intel Xeon E5-2695 V4,,18,2.1,3.3,Broadwell,120,
Intel Core i7-3970X Extreme Edition,3500.0,6,3.5,,Sandy Bridge,150,
Intel Core i3-8100,2406.39,4,3.6,,Coffee Lake,65,Intel UHD Graphics 630
AMD A10-9700,2554.19,4,3.5,3.8,Excavator,65,Radeon R7 (on-die)
Intel Core i5-4570S,,4,2.9,,Haswell,65,Intel HD Graphics 4600
AMD A8-7680,,4,3.5,3.8,Puma+,65,Radeon R7 (on-die)
Intel Core i3-10300,,4,3.7,4.4,Comet Lake,65,Intel UHD Graphics 630
Intel Core i9-9900X,11599.8,10,3.5,4.4,Skylake,165,
Intel Core i5-10600K,,6,4.1,4.8,Comet Lake,125,Intel UHD Graphics 630
Intel Core i5-4690,,4,3.5,3.9,Haswell Refresh,84,Intel HD Graphics 4600
AMD Phenom II X4 820,1052.8,4,2.8,,K10,95,
Intel Core i7-5820K,8599.0,6,3.3,3.6,Haswell,140,
Intel Core i5-7400,3692.0,4,3.0,3.5,Kaby Lake,65,Intel HD Graphics 630
AMD Phenom II X4 965 Black,,4,3.4,,K10,125,
Intel Core 2 Extreme QX9770,,4,3.2,,Yorkfield,136,
Intel Core i5-6500T,,4,2.5,3.1,Skylake,35,Intel HD Graphics 530
Intel Core i7-870,,4,2.93,,Nehalem,95,
Intel Core i5-6500T,4599.0,4,2.5,3.1,Skylake,35,Intel HD Graphics 530
Intel Core i3-6300,1999.8,2,3.8,,Skylake,51,Intel HD Graphics 530
Intel Xeon E5-2640 V4,,10,2.4,3.4,Broadwell,90,
Intel Core i7-3960X Extreme Edition,6400.0,6,3.3,,Sandy Bridge,130,
Intel Xeon E5-2680 V2,,10,2.8,3.6,Ivy Bridge,115,
AMD A10-7800,,4,3.5,3.9,Steamroller,65,Radeon R7 (on-die)
Intel Core i7-10700K Avengers Collector's Edition,14820.0,8,3.8,5.1,Comet Lake,125,Intel UHD Graphics 630
Intel Core i5-3550,5980.0,4,3.3,,Ivy Bridge,77,Intel HD Graphics 2500
Intel Core i3-7350K,2300.0,2,4.2,,Kaby Lake,60,Intel HD Graphics 630
Intel Xeon E5-2630,953.2,6,2.3,,Sandy Bridge,95,
AMD Athlon X4 860K,,4,3.7,4.0,Steamroller,95,
Intel Pentium G4600,,2,3.6,,Kaby Lake,51,Intel HD Graphics 630
Intel Xeon E-2288G,,8,3.7,5.0,Coffee Lake Refresh,95,Intel HD Graphics P630
Intel Xeon E5-2695 V3,,14,2.3,3.3,Haswell,120,
Intel Core i7-4770K,1980.0,4,3.5,3.9,Haswell,84,Intel HD Graphics 4600
Intel Core i7-7740X,4199.0,4,4.3,4.5,Kaby Lake,112,
Intel Pentium Gold G6405,1899.8,2,4.1,,Comet Lake,58,Intel UHD Graphics 610
Intel Core i5-2320,,4,3.0,,Sandy Bridge,95,Intel HD Graphics 2000
Intel Core i5-4590S,,4,3.0,3.7,Haswell Refresh,65,Intel HD Graphics 4000
Intel Core i3-7100,1535.4,2,3.9,,Kaby Lake,51,Intel HD Graphics 630
Intel Core i3-9100T,,4,3.1,3.7,Coffee Lake Refresh,35,Intel UHD Graphics 630
Intel Core i5-760,,4,2.8,,Nehalem,95,
Intel Pentium G645,819.8,2,2.9,,Sandy Bridge,65,Intel HD Graphics 2500
Intel Xeon E3-1240 V2,8000.0,4,3.4,,Ivy Bridge,69,
Intel Core i3-7320,1180.0,2,4.1,,Kaby Lake,51,Intel HD Graphics 630
Intel Xeon E5-1620 V4,4642.39,4,3.5,3.8,Broadwell,140,
Intel Core i3-10320,2400.0,4,3.8,4.6,Comet Lake,65,Intel UHD Graphics 630
AMD FX-4100,,4,3.6,,Bulldozer,95,
Intel Xeon E3-1240L V5,,4,2.1,3.2,Skylake,25,
Intel Xeon E3-1245 V6,2400.0,4,3.7,4.1,Kaby Lake,73,Intel HD Graphics P630
Intel Xeon E5-1660 V3,4088.8,8,3.0,3.5,Haswell,140,
Intel Celeron G3930,580.0,2,2.9,,Kaby Lake,51,Intel HD Graphics 610
Intel Core i3-2120T,800.0,2,2.6,,Sandy Bridge,35,Intel HD Graphics 2000
Intel Core i7-4771,,4,3.5,3.9,Haswell,84,Intel HD Graphics 4600
AMD A8-7650K,,4,3.3,3.7,Steamroller,95,Radeon R7 (on-die)
Intel Core i5-7600K,,4,3.8,4.2,Kaby Lake,91,Intel HD Graphics 630
Intel Core i9-9900T,,8,2.1,4.4,Coffee Lake Refresh,35,Intel UHD Graphics 630
Intel Core i5-8500,3400.0,6,3.0,4.1,Coffee Lake,65,Intel UHD Graphics 630
Intel Core i5-3470S,,4,2.9,,Ivy Bridge,65,Intel HD Graphics 2500
Intel Core i9-10850KA Avengers Limited Edition,,10,3.6,5.2,Comet Lake,125,Intel UHD Graphics 630
AMD FX-8320E,,8,3.2,4.0,Piledriver,95,
Intel Xeon E5-1650 V3,,6,3.5,3.8,Haswell,140,
Intel Celeron G4900,971.8,2,3.1,,Coffee Lake,65,Intel UHD Graphics 610
Intel Xeon E-2286G,12552.2,6,4.0,4.9,Coffee Lake Refresh,95,Intel HD Graphics P630
Intel Core i7-960,3000.0,4,3.2,,Nehalem,130,
Intel Xeon E3-1230 V3,6180.0,4,3.3,3.7,Haswell,80,
Intel Xeon E3-1241 V3,5960.0,4,3.5,3.9,Haswell Refresh,80,
Intel Core i9-9960X,19999.8,16,3.1,4.4,Skylake,165,
AMD Phenom II X6 1055T,3999.8,6,2.8,,K10,125,
Intel Pentium G3220,,2,3.0,,Haswell,54,Intel HD Graphics
AMD A6-7400K,1799.6,2,3.5,3.9,Steamroller,65,Radeon R5 (on die)
Intel Core i5-6600,,4,3.3,3.9,Skylake,65,Intel HD Graphics 530
AMD Threadripper 2990WX,,32,3.0,4.2,Zen+,250,
Intel Core i7-2600S,1999.8,4,2.8,,Sandy Bridge,65,Intel HD Graphics 2000
Intel Celeron 440,999.8,1,2.0,,Core,35,
Intel Core i3-3250,1800.0,2,3.5,,Ivy Bridge,55,Intel HD Graphics 2500
Intel Core i9-9900,,8,3.1,5.0,Coffee Lake Refresh,65,Intel UHD Graphics 630
Intel Xeon E5-2620 V3,2559.6,6,2.4,3.2,Haswell,85,
Intel Xeon E5-2630 V2,9777.6,6,2.6,3.1,Ivy Bridge,80,
Intel Xeon E5-2660 V4,7980.0,14,2.0,3.2,Broadwell,105,
Intel Core i5-8500,,6,3.0,4.1,Coffee Lake,65,Intel UHD Graphics 630
Intel Pentium G2020,699.8,2,2.9,,Ivy Bridge,55,Intel HD Graphics
Intel Core i5-3350P,,4,3.1,,Ivy Bridge,69,
Intel Xeon E5-2667 V2,,8,3.3,4.0,Ivy Bridge,130,
Intel Core i5-9500,,6,3.0,4.4,Coffee Lake Refresh,65,Intel UHD Graphics 630
Intel Core 2 Extreme QX9775,25960.0,4,3.2,,Yorkfield,150,
AMD A10-6700,2055.2,4,3.7,,Piledriver,65,Radeon HD 8670D
AMD Athlon 220GE,,2,3.4,,Zen,35,Radeon Vega 3
Intel Core i3-9350KF,2721.2,4,4.0,4.6,Coffee Lake Refresh,91,
Intel Core i7-7800X,7799.0,6,3.5,4.0,Skylake,140,
Intel Core i9-7900X,8999.0,10,3.3,4.5,Skylake,140,
Intel Core i5-2400S,4295.2,4,2.5,,Sandy Bridge,65,Intel HD Graphics 2000
Intel Xeon E3-1275 V2,,4,3.5,,Ivy Bridge,77,Intel HD Graphics P4000
Intel Pentium G2030,,2,3.0,,Ivy Bridge,55,Intel HD Graphics
Intel Xeon E5-2670,,8,2.6,3.3,Sandy Bridge,115,
Intel Xeon E5-2650 V3,,10,2.3,3.0,Haswell,105,
Intel Core i9-7980XE,,18,2.6,4.4,Skylake,165,
AMD Phenom II X4 955 Black,,4,3.2,,K10,125,
AMD A10-5800K,,4,3.8,,Piledriver,100,Radeon HD 7660D
AMD FX-9590,,8,4.7,5.0,Piledriver,220,
Intel Xeon E5-2650L V2,,10,1.7,2.1,Ivy Bridge,70,
Intel Xeon E5-2640 V3,,8,2.6,3.4,Haswell,90,
Intel Core i5-7640X,3777.6,4,4.0,4.2,Kaby Lake,112,
AMD A6-9500,,2,3.5,3.8,Excavator,65,Radeon R5 (on die)
Intel Core 2 Quad Q9550,3310.2,4,2.83,,Yorkfield,95,
Intel Xeon E5-1680 V3,8081.79,8,3.2,3.8,Haswell,140,
AMD A12-9800E,2856.39,4,3.1,3.8,Excavator,35,Radeon R7 (on-die)
Intel Core i3-9300,4802.6,4,3.7,4.3,Coffee Lake Refresh,62,Intel UHD Graphics 630
Intel Core i3-540,1979.0,2,3.06,,Westmere,73,Intel HD Graphics
AMD Athlon II X2 250,,2,3.0,,K10,65,
Intel Core i5-2300,,4,2.8,,Sandy Bridge,95,Intel HD Graphics 2000
AMD A6-3670K,,4,2.7,,Lynx,100,Radeon HD 6530D
Intel Xeon E3-1240 V3,,4,3.4,3.8,Haswell,80,
Intel Xeon E5-2695 V2,,12,2.4,3.2,Ivy Bridge,115,
Intel Xeon E3-1270 V5,,4,3.6,4.0,Skylake,80,
AMD A10-7890K,,4,4.1,4.3,Steamroller,95,Radeon R7 (on-die)
Intel Core i5-4460S,,4,2.9,3.4,Haswell Refresh,65,Intel HD Graphics 4000
AMD Ryzen 3 2200G,,4,3.5,3.7,Zen,65,Radeon Vega 8
Intel Core i3-8300,,4,3.7,,Coffee Lake,62,Intel UHD Graphics 630
Intel Core i3-8100T,,4,3.1,,Coffee Lake,35,Intel UHD Graphics 630
Intel Core i7-9700T,,8,2.0,4.3,Coffee Lake Refresh,35,Intel HD Graphics 630
Intel Pentium G630,614.79,2,2.7,,Sandy Bridge,65,Intel HD Graphics
Intel Xeon E5-2650L,2598.8,8,1.8,2.3,Sandy Bridge,70,
Intel Core i7-5930K,10599.0,6,3.5,3.7,Haswell,140,
AMD Athlon II X4 640,1495.8,4,3.0,,K10,95,
Intel Core i5-2310,,4,2.9,,Sandy Bridge,95,Intel HD Graphics 2000
AMD FX-9370,4331.8,8,4.4,4.7,Piledriver,220,
Intel Xeon E5-2650 V2,,8,2.6,3.4,Ivy Bridge,95,
Intel Xeon E-2236,9040.4,6,3.4,4.8,Coffee Lake Refresh,80,
AMD A10-7870K,,4,3.9,4.1,Steamroller,95,Radeon R7 (on-die)
Intel Core i7-4790T,2997.6,4,2.7,3.9,Haswell Refresh,45,
AMD A12-9800,,4,3.8,4.2,Excavator,65,Radeon R7 (on-die)
Intel Core 2 Quad Q8400,1699.0,4,2.66,,Yorkfield,95,
AMD FX-8120,,8,3.1,,Bulldozer,125,
Intel Xeon E3-1270 V2,,4,3.5,,Ivy Bridge,69,
AMD Opteron 6378,,16,2.4,3.3,Piledriver,115,
Intel Celeron G3900,780.0,2,2.8,,Skylake,51,Intel HD Graphics 510
AMD Athlon X4 950,,4,3.5,3.8,Excavator,65,
Intel Celeron 430,1199.0,1,1.8,,Core,35,
Intel Xeon E5-1650 V2,4700.6,6,3.5,3.9,Ivy Bridge,130,
Intel Core i7-880,,4,3.06,,Nehalem,95,
Intel Core i5-3340,5560.4,4,3.1,3.3,Ivy Bridge,77,Intel HD Graphics 2500
Intel Xeon E5-2690 V3,,12,2.6,3.5,Haswell,135,
AMD FX-8350,,8,4.0,,Piledriver,125,
Intel Core i5-7600,,4,3.5,4.1,Kaby Lake,65,Intel HD Graphics 630
Intel Xeon E5-2650L V4,,14,1.7,2.5,Broadwell,65,
AMD Ryzen 7 2700,,8,3.2,4.1,Zen+,65,
Intel Core i5-9600K,,6,3.7,4.6,Coffee Lake Refresh,95,Intel UHD Graphics 630
Intel Core i5-4590T,,4,2.0,,Haswell Refresh,35,Intel HD Graphics 4000
Intel Pentium Gold G5400T,1800.0,2,3.1,,Coffee Lake,35,Intel UHD Graphics 610
Intel Xeon E5-2698 V3,,16,2.3,3.6,Haswell,135,
AMD A6-9500E,,2,3.0,3.4,Excavator,35,Radeon R5 (on die)
Intel Celeron 420,,1,1.6,,Core,35,
Intel Core 2 Duo E4300,1500.0,2,1.8,,Core,65,
Intel Core 2 Duo E8600,,2,3.33,,Wolfdale,65,
AMD Sempron 140,,1,2.7,,K10,45,
AMD FX-8150,,8,3.6,,Bulldozer,125,
Intel Xeon E3-1220 V2,,4,3.1,,Ivy Bridge,69,
Intel Core i3-4330,,2,3.5,,Haswell,54,Intel HD Graphics 4600
Intel Xeon E3-1245 V3,,4,3.4,3.8,Haswell,84,Intel HD Graphics P4600
Intel Xeon E5-2687W V3,,10,3.1,3.5,Haswell,160,
Intel Core i3-6100T,2998.8,2,3.2,,Skylake,35,Intel HD Graphics 530
Intel Xeon E5-2620 V4,,8,2.1,3.0,Broadwell,85,
Intel Core i9-7940X,,14,3.1,4.4,Skylake,165,
Intel Core i9-9900X,,10,3.5,4.4,Skylake,165,
AMD Athlon 3000G (14nm),,2,3.5,,Zen,35,Radeon Vega 3
Intel Xeon E3-1220 V3,2998.8,4,3.1,3.5,Haswell,80,
AMD Athlon II X4 635,1160.4,4,2.9,,K10,95,
Intel Core i7-980,7120.4,6,3.333,,Westmere,130,
AMD FX-8370,6346.6,8,4.0,4.3,Piledriver,125,
Intel Core i7-6800K,3799.0,6,3.4,3.6,Broadwell,140,
Intel Pentium E2160,980.0,2,1.8,,Core,65,
Intel Core i5-3450S,1700.0,4,2.8,,Ivy Bridge,65,Intel HD Graphics 2500
Intel Xeon E3-1245 V6,8703.2,4,3.7,4.1,Kaby Lake,73,Intel HD Graphics P630
AMD Phenom II X4 945,,4,3.0,,K10,125,
Intel Pentium E5300,1724.8,2,2.6,,Wolfdale,65,
Intel Core i7-930,2974.4,4,2.8,,Nehalem,130,
Intel Core 2 Quad Q9300,4380.0,4,2.5,,Yorkfield,95,
AMD A8-5500,,4,3.2,,Piledriver,65,Radeon HD 7560D
AMD Athlon X2 370K,,2,4.2,,Piledriver,65,
Intel Core i7-4790K,,4,4.0,4.4,Haswell Refresh,88,Intel HD Graphics 4600
Intel Core i5-4690K,,4,3.5,3.9,Haswell Refresh,88,Intel HD Graphics 4600
Intel Xeon E3-1271 V3,,4,3.6,4.0,Haswell Refresh,80,
Intel Xeon E5-1650,,6,3.2,3.8,Sandy Bridge,130,
Intel Xeon E5-2637 V3,,4,3.5,3.7,Haswell,135,
Intel Core i5-6400T,,4,2.2,2.8,Skylake,35,Intel HD Graphics 530
Intel Xeon E3-1230 V6,,4,3.5,3.9,Kaby Lake,72,
Intel Core i5-9400,,6,2.9,4.1,Coffee Lake Refresh,65,Intel UHD Graphics 630
Intel Core i5-4690K,,4,3.5,3.9,Haswell Refresh,88,Intel HD Graphics 4600
Intel Core i7-875K,3600.0,4,2.93,,Nehalem,95,
AMD Phenom II X4 955,,4,3.2,,K10,125,
Intel Celeron G440,,1,1.6,,Sandy Bridge,35,Intel HD Graphics
AMD A8-5600K,,4,3.6,,Piledriver,100,Radeon HD 7560D
AMD A6-5400K,,2,3.6,,Piledriver,65,Radeon HD 7540D
Intel Core i3-3210,3180.0,2,3.2,,Ivy Bridge,55,Intel HD Graphics 2500
Intel Xeon E5-2670 V2,,10,2.5,3.3,Ivy Bridge,115,
Intel Core i5-4440S,,4,2.8,3.3,Haswell,65,Intel HD Graphics 4600
AMD 3850,,4,1.3,,Jaguar,25,Radeon HD 8280
Intel Core i3-4160,,2,3.6,,Haswell Refresh,54,Intel HD Graphics 4400
Intel Core i5-7400T,1560.4,4,2.4,3.0,Kaby Lake,35,Intel HD Graphics 630
Intel Core i7-7700T,,4,2.9,3.8,Kaby Lake,35,Intel HD Graphics 630
Intel Xeon E-2278G,,8,3.4,5.0,Coffee Lake Refresh,80,Intel HD Graphics P630
AMD Ryzen 3 1200 (12nm),,4,3.1,3.4,Zen+,65,
AMD A10-5800K,1560.4,4,3.8,,Piledriver,100,Radeon HD 7660D
Intel Core i7-870,3900.4,4,2.93,,Nehalem,95,
Intel Core 2 Quad Q9550S,5192.79,4,2.83,,Yorkfield,65,
Intel Core i3-2100T,1292.59,2,2.5,,Sandy Bridge,35,Intel HD Graphics 2000
Intel Xeon E5-2603 V3,2700.0,6,1.6,,Haswell,85,
Intel Xeon E5-2609 V4,,8,1.7,,Broadwell,85,
Intel Core 2 Quad Q6600,1899.4,4,2.4,,Core,100,
Intel Core i3-550,2598.8,2,3.2,,Westmere,73,Intel HD Graphics
AMD Phenom II X6 1075T,,6,3.0,,K10,95,
AMD Phenom II X4 940 Black,,4,3.0,,K10,125,
Intel Pentium E5800,,2,3.2,,Wolfdale,65,
Intel Core i3-2130,1840.0,2,3.4,,Sandy Bridge,65,Intel HD Graphics 2000
Intel Pentium G3240,,2,3.1,,Haswell Refresh,53,Intel HD Graphics
AMD A4-7300,,2,3.8,4.0,Piledriver,65,Radeon HD 8470D
Intel Xeon E3-1240 V5,,4,3.5,3.9,Skylake,80,
AMD A10-7860k,,4,3.6,4.0,Steamroller,65,Radeon R7 (on-die)
Intel Core i3-6098P,1180.0,2,3.6,,Skylake,54,Intel HD Graphics 510
Intel Xeon E3-1285 V6,19799.0,4,4.1,4.5,Kaby Lake,79,Intel HD Graphics 630
AMD Athlon 200GE,,2,3.2,,Zen,35,Radeon Vega 3
Intel Core i9-9940X,19979.0,14,3.3,4.4,Skylake,165,
Intel Celeron G4900,1460.0,2,3.1,,Coffee Lake,65,Intel UHD Graphics 610
Intel Xeon E5-4650,,8,2.7,3.3,Sandy Bridge,130,
AMD Athlon II X4 620,1071.0,4,2.6,,K10,95,
Intel Xeon E3-1245 V2,6300.0,4,3.4,,Ivy Bridge,77,Intel HD Graphics P4000
Intel Xeon E5-2687W V2,,8,3.4,4.0,Ivy Bridge,150,
Intel Core i5-5675C,,4,3.1,3.6,Broadwell,65,Iris Pro Graphics 6200
Intel Pentium E2140,1980.0,2,1.6,,Core,65,
Intel Core 2 Duo E8400,1979.0,2,3.0,,Wolfdale,65,
Intel Core i5-4690S,,4,3.2,3.9,Haswell Refresh,65,Intel HD Graphics 4600
AMD FX-4300,,4,3.8,,Piledriver,95,
Intel Pentium G3250,,2,3.2,,Haswell Refresh,53,Intel HD Graphics
Intel Core i5-6600T,3599.0,4,2.7,3.5,Skylake,35,Intel HD Graphics 530
Intel Xeon E3-1245 V5,,4,3.5,3.9,Skylake,80,Intel HD Graphics P530
Intel Pentium G3260,,2,3.3,,Haswell Refresh,53,Intel HD Graphics
Intel Xeon E-2176G,11665.8,6,3.7,4.7,Coffee Lake,80,Intel HD Graphics P630
Intel Core 2 Duo E6400,1498.0,2,2.13,,Core,65,
Intel Core i7-940,2998.8,4,2.93,,Nehalem,130,
AMD Athlon II X4 630,1052.0,4,2.8,,K10,95,
Intel Celeron G530,717.6,2,2.4,,Sandy Bridge,65,Intel HD Graphics
Intel Celeron G1610,980.0,2,2.6,,Ivy Bridge,55,Intel HD Graphics
Intel Celeron G4930,2593.8,2,3.2,,Coffee Lake,54,Intel UHD Graphics 610
Intel Core 2 Quad Q8200,,4,2.33,,Yorkfield,95,
AMD Athlon II X2 270,,2,3.4,,K10,65,
AMD FX-8150,,8,3.6,,Bulldozer,125,
Intel Pentium G640T,1780.0,2,2.4,,Sandy Bridge,35,Intel HD Graphics
AMD A4-5300,,2,3.4,,Piledriver,65,Radeon HD 7480D
AMD A8-6500,,4,3.5,,Piledriver,65,Radeon HD 8570D
AMD A10-6700,1664.4,4,3.7,,Piledriver,65,Radeon HD 8670D
Intel Pentium G4560,,2,3.5,,Kaby Lake,54,Intel HD Graphics 610
Intel Core i5-3570,,4,3.4,,Ivy Bridge,77,Intel HD Graphics 2500
AMD Threadripper 2970WX,,24,3.0,4.2,Zen+,250,
Intel Core i9-9960X,,16,3.1,4.4,Skylake,165,
AMD A10-5700,1450.2,4,3.4,,Piledriver,65,Radeon HD 7660D
Intel Core i3-6100,1979.0,2,3.7,,Skylake,51,Intel HD Graphics 530
Intel Celeron G4920,1460.0,2,3.2,,Coffee Lake,65,Intel UHD Graphics 610
Intel Core 2 Duo E8600,,2,3.33,,Wolfdale,65,
Intel Core i5-750,,4,2.66,,Nehalem,95,
Intel Core 2 Quad Q9400,,4,2.66,,Yorkfield,95,
AMD Phenom II X4 970 Black,,4,3.5,,K10,125,
AMD Phenom II X4 980 Black,,4,3.7,,K10,125,
Intel Pentium G620,,2,2.6,,Sandy Bridge,65,Intel HD Graphics
AMD Phenom II X6 1045T,,6,2.7,,K10,95,
AMD A4-4000,,2,3.0,,Piledriver,65,Radeon HD 7480D
AMD Athlon X4 750K,,4,3.4,,Piledriver,100,
Intel Pentium G3420,1434.6,2,3.2,,Haswell,54,Intel HD Graphics
Intel Core i3-4160T,,2,3.1,,Haswell Refresh,35,Intel HD Graphics 4400
Intel Xeon E5-2660 V3,,10,2.6,3.3,Haswell,105,
AMD FX-8310,,8,3.4,4.3,Piledriver,95,
Intel Xeon E3-1230 V5,,4,3.4,3.8,Skylake,80,
Intel Core i7-7820X,9900.59,8,3.6,4.5,Skylake,140,
Intel Core i9-7920X,,12,2.9,4.4,Skylake,140,
Intel Core i5-3570S,,4,3.1,3.8,Ivy Bridge,65,Intel HD Graphics 2500
Intel Core i5-8600T,,6,2.3,3.7,Coffee Lake,35,Intel UHD Graphics 630
AMD Threadripper 2950X,,16,3.5,4.4,Zen+,180,
Intel Xeon E-2136,14640.0,6,3.3,4.5,Coffee Lake,80,
Intel Celeron G3920,9799.0,2,2.6,,Skylake,35,Intel HD Graphics 510
Intel Core i5-8600,5399.0,6,3.1,4.3,Coffee Lake,65,Intel UHD Graphics 630
Intel Core i3-3245,2180.0,2,3.4,,Ivy Bridge,55,Intel HD Graphics 4000
Intel Xeon E5-2630L V3,7838.8,8,1.8,2.9,Haswell,55,
Intel Xeon E3-1230 V6,9109.79,4,3.5,3.9,Kaby Lake,72,
AMD A10-9700E,2654.2,4,3.0,3.5,Excavator,35,Radeon R7 (on-die)
Intel Xeon E-2274G,21979.0,4,4.0,4.9,Coffee Lake Refresh,83,Intel HD Graphics P630
Intel Core 2 Duo E4300,,2,1.8,,Core,65,
Intel Core 2 Duo E4600,,2,2.4,,Core,65,
Intel Core 2 Duo E8400,1988.6,2,3.0,,Wolfdale,65,
Intel Core 2 Duo E8500,,2,3.16,,Wolfdale,65,
Intel Core i7-920,,4,2.66,,Nehalem,130,
Intel Core i7-970,,6,3.2,,Westmere,130,
AMD Phenom II X4 965,,4,3.4,,K10,125,
Intel Pentium G2120,700.0,2,3.1,,Ivy Bridge,55,Intel HD Graphics
Intel Core i3-3225,,2,3.3,,Ivy Bridge,55,Intel HD Graphics 4000
Intel Core i3-4130T,,2,2.9,,Haswell,35,Intel HD Graphics 4400
Intel Xeon E5-2687W,,8,3.1,3.8,Sandy Bridge,150,
AMD FX-8370E,,8,3.3,4.3,Piledriver,95,
Intel Xeon E3-1265L V3,7979.0,4,2.5,3.7,Haswell,45,Intel HD Graphics
Intel Xeon E3-1280 V6,11240.0,4,3.9,4.2,Kaby Lake,72,
Intel Core i3-8300T,,4,3.2,,Coffee Lake,35,Intel UHD Graphics 630
Intel Pentium Gold G5500,,2,3.8,,Coffee Lake,54,Intel UHD Graphics 630
Intel Core i5-3330S,2998.8,4,2.7,3.2,Ivy Bridge,65,Intel HD Graphics 2500
Intel Core i5-9400,,6,2.9,4.1,Coffee Lake Refresh,65,Intel UHD Graphics 630
Intel Core i5-9400T,,6,1.8,3.4,Coffee Lake Refresh,35,Intel UHD Graphics 630
Intel Pentium Gold G6605,,2,4.3,,Comet Lake,58,Intel UHD Graphics 630
Intel Core i9-10900K,,10,3.7,5.3,Comet Lake,125,Intel UHD Graphics 630
Intel Core i3-4340,1847.0,2,3.6,,Haswell,54,Intel HD Graphics 4600
Intel Celeron G3930T,921.4,2,2.7,,Kaby Lake,35,Intel HD Graphics 610
AMD Phenom II X4 925,,4,2.8,,K10,95,
Intel Pentium E6600,,2,3.06,,Wolfdale,65,
Intel Core 2 Duo E6700,2079.0,2,2.66,,Core,65,
Intel Core 2 Duo E7200,3399.0,2,2.53,,Wolfdale,65,
Intel Core 2 Quad Q6700,,4,2.66,,Core,100,
Intel Core 2 Quad Q8300,,4,2.5,,Yorkfield,95,
Intel Core 2 Extreme QX9650,,4,3.0,,Yorkfield,130,
AMD FX-8100,,8,2.8,,Bulldozer,95,
AMD FX-4100,,4,3.6,,Bulldozer,95,
Intel Core i5-2550K,,4,3.4,,Sandy Bridge,95,
AMD FX-6200,,6,3.8,,Bulldozer,125,
Intel Celeron G1840,,2,2.8,,Haswell Refresh,53,Intel HD Graphics
Intel Core i3-4370,,2,3.8,,Haswell Refresh,54,Intel HD Graphics 4600
Intel Xeon E3-1276 V3,,4,3.6,4.0,Haswell Refresh,84,Intel HD Graphics P4600
Intel Xeon E3-1246 V3,,4,3.5,3.9,Haswell Refresh,84,Intel HD Graphics P4600
Intel Xeon E5-1620,,4,3.6,3.8,Sandy Bridge,130,
Intel Xeon E5-1650 V3,,6,3.5,3.8,Haswell,140,
Intel Xeon E5-2643 V3,4599.0,6,3.4,3.7,Haswell,135,
Intel Core i7-4770T,,4,2.5,,Haswell,45,Intel HD Graphics 4600
Intel Core i3-6100T,,2,3.2,,Skylake,35,Intel HD Graphics 530
AMD Opteron 6320,5380.0,8,2.8,3.3,Piledriver,115,
Intel Xeon E5-2603 V4,8999.0,6,1.7,,Broadwell,85,
Intel Core i3-7300,,2,4.0,,Kaby Lake,51,Intel HD Graphics 630
Intel Xeon E5-2643 V4,18599.0,6,3.4,3.7,Broadwell,135,
AMD Athlon X4 970,,4,3.8,4.0,Excavator,65,
AMD Ryzen 7 1800X,,8,3.6,4.0,Zen,95,
AMD Threadripper 2920X,,12,3.5,4.3,Zen+,180,
Intel Core i9-9920X,,12,3.5,4.4,Skylake,165,
Intel Core i3-10325,,4,3.9,4.7,Comet Lake,65,Intel UHD Graphics 630
AMD EPYC 4484PX,,12,4.4,5.6,Zen 4,120,Radeon
Intel Pentium Gold G5600,4593.8,2,3.9,,Coffee Lake,54,Intel UHD Graphics 630
Intel Celeron G5920,,2,3.5,,Comet Lake,58,Intel UHD Graphics 610
Intel Xeon E5-1660 V2,,6,3.7,4.0,Ivy Bridge,130,
Intel Core i7-6900K,5781.6,8,3.2,3.7,Broadwell,140,
Intel Core i5-7500T,3999.0,4,2.7,3.3,Kaby Lake,35,Intel HD Graphics 630
AMD Phenom II X2 555 Black,,2,3.2,,K10,80,
Intel Pentium E2140,,2,1.6,,Core,65,
Intel Pentium E5200,,2,2.5,,Wolfdale,65,
Intel Core 2 Duo E6320,,2,1.86,,Core,65,
Intel Core 2 Duo E7400,,2,2.8,,Wolfdale,65,
Intel Pentium G6950,758.6,2,2.8,,Westmere,73,Intel HD Graphics
Intel Pentium E5500,,2,2.8,,Wolfdale,65,
AMD Phenom II X4 840,,4,3.2,,K10,95,
AMD A8-3850,,4,2.9,,Lynx,100,Radeon HD 6550D
Intel Core i5-2405S,,4,2.5,,Sandy Bridge,65,Intel HD Graphics 3000
AMD A8-3870K,,4,3.0,,Lynx,100,Radeon HD 6550D
AMD A4-3300,1799.0,2,2.5,,Lynx,65,Radeon HD 6410D
AMD Athlon X4 760K,,4,3.8,4.1,Piledriver,100,
Intel Xeon E3-1225 V3,,4,3.2,3.6,Haswell,84,Intel HD Graphics P4600
Intel Xeon E3-1275 V3,,4,3.5,3.9,Haswell,84,Intel HD Graphics P4600
Intel Celeron G1820,,2,2.7,,Haswell,53,Intel HD Graphics
Intel Xeon E5-2690,,8,2.9,3.8,Sandy Bridge,135,
Intel Xeon E5-2640 V2,,8,2.0,2.5,Ivy Bridge,95,
Intel Xeon E5-2660 V2,,10,2.2,3.0,Ivy Bridge,95,
Intel Core i3-4360,,2,3.7,,Haswell Refresh,54,Intel HD Graphics 4600
AMD Sempron 150,,1,2.9,,K10,45,
Intel Core i7-5960X,,8,3.0,3.5,Haswell,140,
Intel Xeon E5-1630 V3,,4,3.7,3.8,Haswell,140,
Intel Xeon E5-2697 V3,,14,2.6,3.6,Haswell,145,
Intel Xeon E5-2695 V3,9979.0,14,2.3,3.3,Haswell,120,
Intel Xeon E5-2670 V3,,12,2.3,3.1,Haswell,120,
Intel Core i7-3770T,,4,2.5,3.7,Ivy Bridge,45,Intel HD Graphics 4000
Intel Core i5-4570S,,4,2.9,,Haswell,65,Intel HD Graphics 4600
Intel Pentium G3470,3062.0,2,3.6,,Haswell Refresh,53,Intel HD Graphics
Intel Xeon E3-1270 V5,,4,3.6,4.0,Skylake,80,
Intel Xeon E3-1220 V5,6999.0,4,3.0,3.5,Skylake,80,
Intel Xeon E3-1260L V5,,4,2.9,3.9,Skylake,45,
Intel Xeon E3-1225 V5,,4,3.3,3.7,Skylake,80,Intel HD Graphics P530
Intel Xeon E3-1235L V5,,4,2.0,3.0,Skylake,25,Intel HD Graphics P530
Intel Xeon E5-1650 V4,,6,3.6,4.0,Broadwell,140,
Intel Xeon E3-1270 V6,14399.0,4,3.8,4.2,Kaby Lake,72,
Intel Core i9-7960X,,16,2.8,4.4,Skylake,165,
Intel Core i3-8350K,,4,4.0,,Coffee Lake,91,Intel UHD Graphics 630
Intel Core i9-9920X,,12,3.5,4.4,Skylake,165,
Intel Core i9-9820X,,10,3.3,4.1,Skylake,165,
Intel Core i5-9500F,,6,3.0,4.4,Coffee Lake Refresh,65,
Intel Xeon E-2174G,12999.0,4,3.8,4.7,Coffee Lake,71,Intel HD Graphics P630
Intel Xeon E-2246G,,6,3.6,4.8,Coffee Lake Refresh,80,Intel HD Graphics P630
AMD Phenom II X4 830,1101.0,4,2.8,,K10,95,
AMD Phenom II X4 975,3360.4,4,3.6,,K10,125,
Intel Pentium G870,1352.8,2,3.1,,Sandy Bridge,65,Intel HD Graphics
AMD A4-6300B,999.0,2,3.7,3.9,Piledriver,65,Radeon HD 8370D
Intel Core i3-6300T,2399.79,2,3.3,,Skylake,35,Intel HD Graphics 530
AMD Athlon II X2 250u,,2,1.6,,K10,25,
AMD Phenom II X4 905e,,4,2.5,,K10,65,
Intel Pentium E2220,,2,2.4,,Core,65,
Intel Pentium E5400,,2,2.7,,Wolfdale,65,
Intel Core 2 Duo E6320,1799.0,2,1.86,,Core,65,
Intel Core 2 Duo E6550,1918.19,2,2.33,,Core,65,
Intel Core i5-680,,2,3.6,,Westmere,73,Intel HD Graphics
Intel Core i7-930,,4,2.8,,Nehalem,130,
Intel Core i7-965 Extreme Edition,,4,3.2,,Nehalem,130,
Intel Core i7-975 Extreme Edition,,4,3.33,,Nehalem,130,
Intel Core 2 Extreme QX6700,,4,2.66,,Core,100,
Intel Pentium G850,,2,2.9,,Sandy Bridge,65,Intel HD Graphics
AMD Athlon II X4 631,,4,2.6,,Lynx,100,
Intel Core i3-3220T,,2,2.8,,Ivy Bridge,35,Intel HD Graphics 2500
AMD FX-8300,,8,3.3,,Piledriver,95,
Intel Xeon E3-1225,,4,3.1,,Sandy Bridge,95,Intel HD Graphics
Intel Xeon E3-1275,7539.8,4,3.4,,Sandy Bridge,95,Intel HD Graphics
Intel Xeon E3-1225 V2,4290.0,4,3.2,,Ivy Bridge,77,Intel HD Graphics P4000
AMD FX-4130,,4,3.8,,Bulldozer,125,
AMD FX-9370,,8,4.4,4.7,Piledriver,220,
AMD 5150,,4,1.6,,Jaguar,25,Radeon HD 8400
Intel Core i3-4350,,2,3.6,,Haswell Refresh,54,Intel HD Graphics 4600
Intel Celeron G470,,1,2.0,,Sandy Bridge,35,Intel HD Graphics
AMD E2-3200,,2,2.4,,Lynx,65,Radeon HD 6370D
Intel Xeon E5-2630L V2,,6,2.4,,Ivy Bridge,60,
Intel Xeon E5-2687W V3,,10,3.1,3.5,Haswell,160,
Intel Xeon E5-2680 V3,,12,2.5,3.3,Haswell,120,
Intel Xeon E5-2609,,4,2.4,,Sandy Bridge,80,
Intel Core i3-6320,,2,3.9,,Skylake,51,Intel HD Graphics 530
Intel Core i3-6320,,2,3.9,,Skylake,51,Intel HD Graphics 530
Intel Pentium G4500,,2,3.5,,Skylake,51,Intel HD Graphics 530
Intel Xeon E3-1275 V5,,4,3.6,4.0,Skylake,80,Intel HD Graphics P530
AMD Opteron 6320,4847.79,8,2.8,3.3,Piledriver,115,
Intel Core i7-6850K,,6,3.6,3.8,Broadwell,140,
Intel Core i7-7700T,,4,2.9,3.8,Kaby Lake,35,Intel HD Graphics 630
Intel Core i9-7900X,,10,3.3,4.5,Skylake,140,
Intel Core i7-7800X,,6,3.5,4.0,Skylake,140,
Intel Celeron G4900T,,2,1.8,,Coffee Lake,35,Intel UHD Graphics 610
Intel Pentium Gold G5400,,2,3.7,,Coffee Lake,58,Intel UHD Graphics 610
Intel Pentium Gold G5600,,2,3.9,,Coffee Lake,54,Intel UHD Graphics 630
Intel Core i5-9600T,,6,2.3,3.9,Coffee Lake Refresh,35,Intel UHD Graphics 630
Intel Xeon E-2244G,,4,3.8,4.8,Coffee Lake Refresh,71,Intel HD Graphics P630
Intel Xeon E-2276G,,6,3.8,4.9,Coffee Lake Refresh,80,Intel HD Graphics P630
Intel Xeon E-2124G,5419.8,4,3.4,4.5,Coffee Lake,71,Intel HD Graphics P630
Intel Xeon E5-2623 V3,4698.8,4,3.0,3.5,Haswell,105,
Intel Celeron E3400,,2,2.6,,Wolfdale,65,
Intel Core i3-560,1799.0,2,3.333,,Westmere,73,Intel HD Graphics
Intel Xeon E5-2640 V3,3799.0,8,2.6,3.4,Haswell,90,
AMD Athlon II X2 220,,2,2.8,,K10,65,
AMD Athlon II X3 445,,3,3.1,,K10,95,
AMD Phenom II X2 550 Black,,2,3.1,,K10,80,
Intel Pentium E6500,1799.8,2,2.93,,Wolfdale,65,
Intel Core 2 Duo E6750,1799.0,2,2.66,,Core,65,
Intel Core 2 Duo E7600,1979.0,2,3.06,,Wolfdale,65,
Intel Core 2 Extreme QX6850,,4,3.0,,Core,130,
AMD Athlon II X4 645,,4,3.1,,K10,95,
Intel Pentium E6700,,2,3.2,,Wolfdale,65,
AMD A6-3650,,4,2.6,,Lynx,100,Radeon HD 6530D
AMD Phenom II X6 1035T,,6,2.6,,K10,95,
Intel Celeron G540,1399.6,2,2.5,,Sandy Bridge,65,Intel HD Graphics
AMD A6-3500,,3,2.1,,Lynx,65,Radeon HD 6530D
Intel Core i3-2125,3040.0,2,3.3,,Sandy Bridge,65,Intel HD Graphics 3000
AMD Phenom II X4 970,,4,3.5,,K10,125,
Intel Xeon E3-1245,,4,3.3,,Sandy Bridge,95,Intel HD Graphics
Intel Xeon E3-1270,,4,3.4,,Sandy Bridge,80,
Intel Xeon E3-1265L V2,,4,2.5,,Ivy Bridge,45,Intel HD Graphics 2500
AMD Athlon X4 740,,4,3.2,,Piledriver,65,
AMD FX-9590,,8,4.7,5.0,Piledriver,220,
Intel Xeon E5-2670,,8,2.6,3.3,Sandy Bridge,115,
Intel Pentium G3258,,2,3.2,,Haswell Refresh,53,Intel HD Graphics
AMD Sempron 145,,1,2.8,,K10,45,
Intel Xeon E3-1226 V3,,4,3.3,3.7,Haswell Refresh,84,Intel HD Graphics P4600
Intel Xeon E5-2630,,6,2.3,,Sandy Bridge,95,
Intel Xeon E5-2643 V2,7979.0,6,3.5,3.8,Ivy Bridge,130,
Intel Xeon E5-1620 V3,,4,3.5,3.6,Haswell,140,
AMD Pro A10-7800B,,4,3.5,3.9,Steamroller,65,Radeon R7 (on-die)
Intel Xeon E5-2622 V3,,8,2.4,,Haswell,85,
Intel Xeon E5-2685 V3,,12,2.6,3.3,Haswell,120,
AMD Opteron 6344,,12,2.6,3.2,Piledriver,115,
AMD Opteron 6378,,16,2.4,3.3,Piledriver,115,
AMD Athlon X4 845,,4,3.5,3.8,Puma+,65,
AMD Athlon 5370,,4,2.2,,Jaguar,25,Radeon R3 (on die)
AMD Athlon X4 870K,,4,3.9,4.1,Steamroller,95,
AMD Athlon X4 860K,,4,3.7,4.0,Steamroller,95,
Intel Core i3-7300T,,2,3.5,,Kaby Lake,35,Intel HD Graphics 630
Intel Core i5-7600T,,4,2.8,3.7,Kaby Lake,35,Intel HD Graphics 630
Intel Core i5-7600T,4599.0,4,2.8,3.7,Kaby Lake,35,Intel HD Graphics 630
Intel Core i5-7640X,4348.0,4,4.0,4.2,Kaby Lake,112,
AMD Ryzen 7 1800X,,8,3.6,4.0,Zen,95,
Intel Xeon E3-1275 V6,10088.79,4,3.8,4.2,Kaby Lake,73,Intel HD Graphics P630
Intel Core i7-9800X,,8,3.8,4.5,Skylake,165,
AMD Athlon 240GE,,2,3.5,,Zen,35,Radeon Vega 3
Intel Core i3-9320,,4,3.7,4.4,Coffee Lake Refresh,62,
Intel Core i3-9350K,,4,4.0,4.6,Coffee Lake Refresh,91,Intel HD Graphics 630
Intel Xeon E-2104G,,4,3.2,,Coffee Lake,65,Intel HD Graphics P630
Intel Celeron G5905T,,2,3.3,,Comet Lake,35,Intel UHD Graphics 610
Intel Core i3-3240T,,2,2.9,,Ivy Bridge,35,Intel HD Graphics 2500
AMD Phenom II X2 B59,,2,3.4,,K10,80,
Intel Xeon E5-2620,1540.0,6,2.0,,Sandy Bridge,95,
AMD Athlon II X2 215,,2,2.7,,K10,65,
AMD Athlon II X2 260,,2,3.2,,K10,65,
AMD Phenom II X2 550,,2,3.1,,K10,80,
AMD Phenom II X4 945,,4,3.0,,K10,125,
AMD Athlon II X2 235e,,2,2.7,,K10,45,
AMD Athlon II X2 240e,,2,2.8,,K10,45,
AMD Phenom II X3 705e,,3,2.5,,K10,65,
Intel Celeron E1200,,2,1.6,,Core,65,
Intel Celeron E1400,,2,2.0,,Core,65,
Intel Pentium E2160,,2,1.8,,Core,65,
Intel Pentium E2180,,2,2.0,,Core,65,
Intel Pentium E2180,,2,2.0,,Core,65,
Intel Pentium E2200,,2,2.2,,Core,65,
Intel Celeron E3300,1235.8,2,2.5,,Wolfdale,65,
Intel Pentium E6300,,2,2.8,,Wolfdale,65,
Intel Core 2 Duo E6400,1799.0,2,2.13,,Core,65,
Intel Core 2 Duo E6420,1399.0,2,2.13,,Core,65,
Intel Core 2 Duo E6550,,2,2.33,,Core,65,
Intel Core i5-655K,,2,3.2,,Westmere,73,Intel HD Graphics
Intel Core i5-660,2998.8,2,3.33,,Westmere,73,Intel HD Graphics
Intel Core i5-670,2181.6,2,3.46,,Westmere,73,Intel HD Graphics
Intel Core 2 Extreme QX6700,,4,2.66,,Core,100,
Intel Core 2 Extreme QX6800,,4,2.93,,Core,100,
Intel Core 2 Extreme X6800,,2,2.93,,Core,75,
AMD Athlon II X3 450,,3,3.2,,K10,95,
AMD Athlon II X3 455,,3,3.3,,K10,95,
AMD Sempron 145,,1,2.8,,K10,45,
Intel Pentium E6800,,2,3.333,,Wolfdale,65,
AMD Phenom II X3 720 Black,,3,2.8,,K10,95,
Intel Pentium G840,,2,2.8,,Sandy Bridge,65,Intel HD Graphics
AMD Phenom II X4 960T Black,,4,3.0,,K10,95,
AMD A4-3400,,2,2.7,,Lynx,65,Radeon HD 6410D
AMD A10-5700,,4,3.4,,Piledriver,65,Radeon HD 7660D
Intel Xeon E3-1240,,4,3.3,,Sandy Bridge,80,
Intel Celeron G1620,,2,2.7,,Ivy Bridge,55,Intel HD Graphics
AMD FX-9370,,8,4.4,4.7,Piledriver,220,
Intel Xeon E5-1660,,6,3.3,3.9,Sandy Bridge,130,
Intel Xeon E5-2665,2998.8,8,2.4,3.1,Sandy Bridge,115,
Intel Xeon E5-2620 V2,,6,2.1,2.6,Ivy Bridge,80,
AMD FX-4130,,4,3.8,,Bulldozer,125,
AMD 5350,,4,2.05,,Jaguar,25,Radeon HD 8400
Intel Pentium G3450,,2,3.4,,Haswell Refresh,53,Intel HD Graphics
AMD A6-7400K,,2,3.5,3.9,Steamroller,65,Radeon R5 (on die)
AMD Athlon II X4 651,,4,3.0,,Lynx,100,
Intel Xeon E3-1230 V3,,4,3.3,3.7,Haswell,80,
Intel Xeon E5-2690,,8,2.9,3.8,Sandy Bridge,135,
Intel Xeon E5-2637 V2,,4,3.5,3.8,Ivy Bridge,130,
AMD Pro A10-7850B,2960.4,4,3.7,4.0,Steamroller,95,Radeon R7 (on-die)
AMD Athlon X4 840,,4,3.1,3.8,Steamroller,65,
Intel Pentium G3250T,,2,2.8,,Haswell Refresh,35,Intel HD Graphics
Intel Xeon E5-2620 V3,2998.8,6,2.4,3.2,Haswell,85,
Intel Xeon E5-2650L V3,,12,1.8,2.5,Haswell,65,
Intel Xeon E3-1270 V3,,4,3.5,3.9,Haswell,80,
Intel Core i5-4670S,,4,3.1,3.8,Haswell,65,Intel HD Graphics 4600
Intel Core i5-5675C,,4,3.1,3.6,Broadwell,65,Iris Pro Graphics 6200
Intel Pentium G4520,,2,3.6,,Skylake,51,Intel HD Graphics 530
Intel Pentium G4400T,,2,2.9,,Skylake,35,Intel HD Graphics 510
AMD Opteron 6328,,8,3.2,3.8,Piledriver,115,
AMD Athlon X4 880K,,4,4.0,4.2,Steamroller,95,
Intel Core i3-7300,,2,4.0,,Kaby Lake,51,Intel HD Graphics 630
Intel Core i3-7350K,,2,4.2,,Kaby Lake,60,Intel HD Graphics 630
Intel Pentium G4620,4482.39,2,3.7,,Kaby Lake,51,Intel HD Graphics 630
Intel Core i3-7300T,,2,3.5,,Kaby Lake,35,Intel HD Graphics 630
Intel Xeon E5-2450V2,,8,2.5,3.3,Ivy Bridge,95,
Intel Xeon E5-2470V2,,10,2.4,3.2,Ivy Bridge,95,
Intel Xeon E3-1240 V6,8599.0,4,3.7,4.1,Kaby Lake,72,
Intel Xeon E3-1220 V6,4999.0,4,3.0,3.5,Kaby Lake,72,
Intel Xeon E3-1225 V6,7105.8,4,3.3,3.7,Kaby Lake,73,Intel HD Graphics P630
Intel Xeon E3-1225 V6,7390.2,4,3.3,3.7,Kaby Lake,73,Intel HD Graphics P630
Intel Core i5-3550S,,4,3.0,3.7,Ivy Bridge,65,Intel HD Graphics 2500
Intel Core i3-4360,,2,3.7,,Haswell Refresh,54,Intel HD Graphics 4600
Intel Xeon E5-2665,,8,2.4,3.1,Sandy Bridge,115,
Intel Core i3-9300,,4,3.7,4.3,Coffee Lake Refresh,62,Intel UHD Graphics 630
Intel Core i5-9600,,6,3.1,4.6,Coffee Lake Refresh,65,Intel UHD Graphics 630
AMD A6-7480,,2,3.5,3.8,Puma+,65,Radeon R5 (on die)
Intel Xeon E-2144G,,4,3.6,4.5,Coffee Lake,71,Intel HD Graphics P630
Intel Xeon E-2126G,,6,3.3,4.5,Coffee Lake,80,Intel HD Graphics P630
Intel Xeon E-2174G,,4,3.8,4.7,Coffee Lake,71,Intel HD Graphics P630
Intel Xeon E-2236,,6,3.4,4.8,Coffee Lake Refresh,80,
Intel Xeon E-2124,,4,3.3,4.3,Coffee Lake,71,
Intel Xeon E-2124,,4,3.3,4.3,Coffee Lake,71,
Intel Pentium Gold G6500,,2,4.1,,Comet Lake,58,Intel UHD Graphics 630
Intel Xeon E-2176G,,6,3.7,4.7,Coffee Lake,80,Intel HD Graphics P630
Intel Xeon E5-2620,2798.8,6,2.0,,Sandy Bridge,95,
AMD Athlon II X2 245,,2,2.9,,K10,65,
AMD Athlon II X2 250,,2,3.0,,K10,65,
AMD Athlon II X4 620,,4,2.6,,K10,95,
AMD Phenom II X3 720,,3,2.8,,K10,95,
AMD Phenom II X4 945,,4,3.0,,K10,125,
AMD Phenom II X6 1055T,,6,2.8,,K10,125,
AMD Athlon II X4 605e,,4,2.3,,K10,45,
AMD Phenom II X4 910e,,4,2.6,,K10,65,
AMD Phenom II X4 955 Black,,4,3.2,,K10,125,
Intel Pentium E2140,,2,1.6,,Core,65,
Intel Core 2 Duo E4500,,2,2.2,,Core,65,
Intel Pentium E5300,1588.0,2,2.6,,Wolfdale,65,
Intel Core 2 Duo E6750,,2,2.66,,Core,65,
Intel Core 2 Duo E6850,1799.0,2,3.0,,Core,65,
Intel Core 2 Duo E7600,,2,3.06,,Wolfdale,65,
Intel Core 2 Duo E8300,1999.0,2,2.83,,Wolfdale,65,
Intel Core i5-661,1600.0,2,3.33,,Westmere,87,Intel HD Graphics
Intel Core i7-860,3799.0,4,2.8,,Nehalem,95,
Intel Core 2 Quad Q8200,,4,2.33,,Yorkfield,95,
Intel Core 2 Quad Q9400S,,4,2.66,,Yorkfield,65,
Intel Core 2 Quad Q9650,,4,3.0,,Yorkfield,95,
Intel Core 2 Extreme QX9775,,4,3.2,,Yorkfield,150,
AMD Phenom II X2 565 Black,,2,3.4,,K10,80,
AMD Phenom II X4 840,,4,3.2,,K10,95,
AMD Sempron 130,,1,2.6,,K10,45,
Intel Pentium G620T,,2,2.2,,Sandy Bridge,35,Intel HD Graphics
Intel Pentium G860,,2,3.0,,Sandy Bridge,65,Intel HD Graphics
AMD FX-8120,,8,3.1,,Bulldozer,125,
AMD Athlon II X4 645,,4,3.1,,K10,95,
AMD Phenom II X6 1100T Black,,6,3.3,,K10,125,
AMD Athlon II X4 641,,4,2.8,,Lynx,100,
Intel Xeon E3-1220,,4,3.1,,Sandy Bridge,80,
Intel Xeon E3-1230,18377.8,4,3.2,,Sandy Bridge,80,
Intel Xeon E3-1235,,4,3.2,,Sandy Bridge,95,Intel HD Graphics
Intel Xeon E3-1270,,4,3.4,,Sandy Bridge,80,
Intel Xeon E3-1280,,4,3.5,,Sandy Bridge,95,
Intel Core i5-3340S,,4,2.8,3.3,Ivy Bridge,65,Intel HD Graphics 2500
Intel Xeon E5-2603,1979.0,4,1.8,,Sandy Bridge,80,
Intel Xeon E5-2609,1799.0,4,2.4,,Sandy Bridge,80,
AMD A6-6420K,,2,4.0,4.2,Piledriver,65,Radeon HD 8000 Series
AMD A4-4020,,2,3.2,3.4,Piledriver,65,Radeon HD 7480D
AMD A10-6800B,,4,4.1,4.4,Piledriver,100,Radeon HD 8670D
AMD A4-3300,,2,2.5,,Lynx,65,Radeon HD 6410D
AMD A4-4000,,2,3.0,,Piledriver,65,Radeon HD 7480D
AMD FX-4200,,4,3.3,,Bulldozer,125,
Intel Xeon E5-1660 V2,,6,3.7,4.0,Ivy Bridge,130,
AMD FX-8370,,8,4.0,4.3,Piledriver,125,
AMD Pro A4-7300B,,2,3.8,4.0,Piledriver,65,Radeon HD 8470D
AMD Athlon X2 450,,2,3.5,3.9,Steamroller,65,
AMD Phenom II X4 B99,,4,3.3,,K10,95,
Intel Xeon E5-2609 V3,,6,1.9,,Haswell,85,
Intel Xeon E5-2603 V3,,6,1.6,,Haswell,85,
Intel Xeon E5-2630 V3,,8,2.4,3.2,Haswell,85,
Intel Xeon E5-2650 V3,,10,2.3,3.0,Haswell,105,
Intel Xeon E3-1230 V2,3799.0,4,3.3,,Ivy Bridge,69,
Intel Xeon E3-1275 V2,7480.0,4,3.5,,Ivy Bridge,77,Intel HD Graphics P4000
Intel Core i3-3240,,2,3.4,,Ivy Bridge,55,Intel HD Graphics 2500
Intel Xeon E3-1245 V3,,4,3.4,3.8,Haswell,84,Intel HD Graphics P4600
Intel Xeon E5-2630 V2,,6,2.6,3.1,Ivy Bridge,80,
AMD A10-7870K,,4,3.9,4.1,Steamroller,95,Radeon R7 (on-die)
Intel Core i3-6300T,,2,3.3,,Skylake,35,Intel HD Graphics 530
Intel Core i5-6400T,,4,2.2,2.8,Skylake,35,Intel HD Graphics 530
Intel Core i7-6700T,,4,2.8,3.6,Skylake,35,Intel HD Graphics 530
Intel Pentium G4500,,2,3.5,,Skylake,51,Intel HD Graphics 530
Intel Pentium G4500T,,2,3.0,,Skylake,35,Intel HD Graphics 530
Intel Xeon E3-1240 V5,,4,3.5,3.9,Skylake,80,
Intel Xeon E5-2658 V3,,12,2.2,2.9,Haswell,105,
Intel Core i7-6900K,,8,3.2,3.7,Broadwell,140,
Intel Core i7-6950X,,10,3.0,3.5,Broadwell,140,
Intel Xeon E5-2683 V3,,14,2.0,3.0,Haswell,120,
Intel Pentium G4620,,2,3.7,,Kaby Lake,51,Intel HD Graphics 630
Intel Core i3-7320,,2,4.1,,Kaby Lake,51,Intel HD Graphics 630
Intel Pentium G4600,3399.0,2,3.6,,Kaby Lake,51,Intel HD Graphics 630
Intel Pentium G4600T,,2,3.0,,Kaby Lake,35,Intel HD Graphics 630
Intel Core i3-7300T,,2,3.5,,Kaby Lake,35,Intel HD Graphics 630
Intel Core i5-7400T,,4,2.4,3.0,Kaby Lake,35,Intel HD Graphics 630
AMD A8-7650K,,4,3.3,3.7,Steamroller,95,Radeon R7 (on-die)
AMD A8-7670K,,4,3.6,3.9,Steamroller,95,Radeon R7 (on-die)
Intel Xeon E5-2420V2,,6,2.2,2.7,Ivy Bridge,80,
AMD A6-9550,,2,3.8,4.0,Excavator,65,Radeon R5 (on die)
AMD A6-9550,,2,3.8,4.0,Excavator,65,Radeon R5 (on die)
Intel Core i7-870S,,4,2.667,,Nehalem,82,
Intel Pentium Gold G5500,,2,3.8,,Coffee Lake,54,Intel UHD Graphics 630
Intel Pentium Gold G5500T,,2,3.2,,Coffee Lake,35,Intel UHD Graphics 630
AMD Athlon 220GE,,2,3.4,,Zen,35,Radeon Vega 3
AMD Athlon 240GE,,2,3.5,,Zen,35,Radeon Vega 3
Intel Xeon E5-2660,,8,2.2,3.0,Sandy Bridge,95,
Intel Core i5-9500F,,6,3.0,4.4,Coffee Lake Refresh,65,
Intel Core i3-9320,,4,3.7,4.4,Coffee Lake Refresh,62,
Intel Core i3-9350K,,4,4.0,4.6,Coffee Lake Refresh,91,Intel HD Graphics 630
Intel Xeon E-2146G,,6,3.5,4.5,Coffee Lake,80,Intel HD Graphics P630
Intel Xeon E-2136,,6,3.3,4.5,Coffee Lake,80,
Intel Xeon E-2134,,4,3.5,4.5,Coffee Lake,71,
Intel Pentium G3240,,2,3.1,,Haswell Refresh,53,Intel HD Graphics
Intel Celeron G5925,,2,3.6,,Comet Lake,58,Intel UHD Graphics 610
Intel Core i3-10305,,4,3.8,4.5,Comet Lake,65,Intel UHD Graphics 630
Intel Core i5-4670T,,4,2.3,,Haswell,45,Intel HD Graphics 4600
Intel Celeron G3950,1299.4,2,3.0,,Kaby Lake,51,Intel HD Graphics 610
AMD Athlon II X2 255,,2,3.1,,K10,65,
Intel Celeron 420,,1,1.6,,Core,35,
Intel Celeron 430,1199.0,1,1.8,,Core,35,
AMD Athlon II X3 435,,3,2.9,,K10,95,
AMD Phenom II X2 545,,2,3.0,,K10,80,
AMD Athlon II X4 635,,4,2.9,,K10,95,
AMD Phenom II X4 925,,4,2.8,,K10,95,
AMD Athlon II X3 400e,,3,2.2,,K10,45,
AMD Athlon II X3 405e,,3,2.3,,K10,45,
AMD Athlon II X3 415e,,3,2.5,,K10,45,
AMD Athlon II X4 600e,,4,2.2,,K10,45,
AMD Phenom II X3 740 Black,,3,3.0,,K10,95,
AMD Phenom II X4 940 Black,,4,3.0,,K10,125,
AMD Phenom II X4 965 Black (140W),,4,3.4,,K10,140,
Intel Celeron E1500,,2,2.2,,Core,65,
Intel Celeron E1600,,2,2.4,,Core,65,
Intel Celeron E3200,,2,2.4,,Wolfdale,65,
Intel Celeron E3300,,2,2.5,,Wolfdale,65,
Intel Core 2 Duo E4400,,2,2.0,,Core,65,
Intel Core 2 Duo E4500,,2,2.2,,Core,65,
Intel Core 2 Duo E4600,1979.0,2,2.4,,Core,65,
Intel Pentium E5300,1588.0,2,2.6,,Wolfdale,65,
Intel Pentium E5400,,2,2.7,,Wolfdale,65,
Intel Core 2 Duo E6550,,2,2.33,,Core,65,
Intel Core 2 Duo E7300,,2,2.66,,Wolfdale,65,
Intel Core 2 Duo E7300,,2,2.66,,Wolfdale,65,
Intel Core 2 Duo E7400,,2,2.8,,Wolfdale,65,
Intel Core 2 Duo E7500,,2,2.93,,Wolfdale,65,
Intel Core 2 Duo E8200,,2,2.66,,Wolfdale,65,
Intel Core 2 Duo E8500,,2,3.16,,Wolfdale,65,
Intel Core 2 Duo E8500,,2,3.16,,Wolfdale,65,
Intel Core i5-750S,,4,2.4,,Nehalem,82,
Intel Core i7-860S,,4,2.53,,Nehalem,82,
Intel Core 2 Quad Q8200S,,4,2.33,,Yorkfield,65,
Intel Core 2 Quad Q8300,,4,2.5,,Yorkfield,95,
Intel Core 2 Quad Q8400,,4,2.66,,Yorkfield,95,
Intel Core 2 Quad Q9400,,4,2.66,,Yorkfield,95,
Intel Core 2 Quad Q9450,,4,2.66,,Yorkfield,95,
Intel Core 2 Quad Q9505,,4,2.83,,Yorkfield,95,
Intel Core 2 Quad Q9550,,4,2.83,,Yorkfield,95,
Intel Core 2 Extreme X6800,,2,2.93,,Core,75,
AMD Phenom II X2 560 Black,,2,3.3,,K10,80,
AMD Phenom II X4 975,,4,3.6,,K10,125,
AMD Phenom II X4 955,,4,3.2,,K10,125,
AMD Phenom II X4 960T Black,,4,3.0,,K10,95,
AMD Athlon II X2 245,,2,2.9,,K10,65,
AMD Athlon II X2 245,,2,2.9,,K10,65,
AMD Athlon II X3 460,,3,3.4,,K10,95,
AMD Sempron 130,,1,2.6,,K10,45,
AMD Athlon II X3 440,,3,3.0,,K10,95,
Intel Core i3-2105,,2,3.1,,Sandy Bridge,65,Intel HD Graphics 3000
AMD FX-8150,,8,3.6,,Bulldozer,125,
AMD FX-6100,,6,3.3,,Bulldozer,95,
Intel Pentium G630T,,2,2.3,,Sandy Bridge,35,Intel HD Graphics
AMD A6-3650,,4,2.6,,Lynx,100,Radeon HD 6530D
Intel Core i5-2380P,,4,3.1,,Sandy Bridge,95,
Intel Core i5-2450P,,4,3.2,,Sandy Bridge,95,
AMD Athlon II X2 260,,2,3.2,,K10,65,
Intel Pentium G550,,2,2.6,,Sandy Bridge,65,Intel HD Graphics
Intel Celeron G555,,2,2.7,,Sandy Bridge,65,Intel HD Graphics
AMD Athlon II X4 651K,,4,3.0,,Lynx,100,
Intel Xeon E3-1280,,4,3.5,,Sandy Bridge,95,
Intel Pentium G2130,,2,3.2,,Ivy Bridge,55,Intel HD Graphics
Intel Pentium G3430,,2,3.3,,Haswell,54,Intel HD Graphics
AMD A10-6790K,,4,4.0,4.3,Piledriver,100,Radeon HD 8670D
Intel Celeron G1630,,2,2.8,,Ivy Bridge,55,Intel HD Graphics
Intel Pentium G2140,,2,3.3,,Ivy Bridge,55,Intel HD Graphics
Intel Xeon E5-2660,,8,2.2,3.0,Sandy Bridge,95,
Intel Xeon E5-2609 V2,,4,2.5,,Ivy Bridge,80,
AMD 5150,,4,1.6,,Jaguar,25,Radeon HD 8400
Intel Celeron G1850,,2,2.9,,Haswell Refresh,53,Intel HD Graphics
AMD Sempron X2 190,,2,2.5,,K10,45,
AMD A10-7800,,4,3.5,3.9,Steamroller,65,Radeon R7 (on-die)
AMD A10-6790K,,4,4.0,4.3,Piledriver,100,Radeon HD 8670D
AMD A10-6800K,,4,4.1,,Piledriver,100,Radeon HD 8670D
AMD A10-7700K,,4,3.4,3.8,Steamroller,95,Radeon R7 (on-die)
AMD A4-6300,,2,3.7,3.9,Piledriver,65,Radeon HD 8370D
Intel Celeron G470,,1,2.0,,Sandy Bridge,35,Intel HD Graphics
AMD FX-4320,,4,4.0,4.2,Piledriver,95,
AMD FX-6350,,6,3.9,,Piledriver,125,
AMD FX-8120,,8,3.1,,Bulldozer,125,
AMD E2-3200,,2,2.4,,Lynx,65,Radeon HD 6370D
AMD Athlon X2 370K,,2,4.2,,Piledriver,65,
Intel Core i3-4370,,2,3.8,,Haswell Refresh,54,Intel HD Graphics 4600
AMD A8-7600,,4,3.1,3.8,Steamroller,65,Radeon R7 (on-die)
AMD Athlon X4 860K,,4,3.7,4.0,Steamroller,95,
AMD FX-8320E,,8,3.2,4.0,Piledriver,95,
AMD Athlon X4 530,,4,2.0,,Jaguar,25,
AMD Athlon X4 550,,4,2.2,,Jaguar,25,
AMD Pro A8-7600B,,4,3.1,3.8,Steamroller,65,Radeon R7 (on-die)
AMD Pro A6-7400B,,2,3.5,3.9,Steamroller,65,Radeon R5 (on die)
AMD Athlon X2 350,,2,3.5,3.9,Piledriver,65,
AMD Sempron X2 250,,2,3.2,3.6,Piledriver,65,
Intel Pentium G3250,,2,3.2,,Haswell Refresh,53,Intel HD Graphics
Intel Pentium G3250,,2,3.2,,Haswell Refresh,53,Intel HD Graphics
Intel Pentium G3460,2500.0,2,3.5,,Haswell Refresh,53,Intel HD Graphics
Intel Pentium G3450,,2,3.4,,Haswell Refresh,53,Intel HD Graphics
Intel Pentium G3460,,2,3.5,,Haswell Refresh,53,Intel HD Graphics
AMD Phenom II X6 1065T,,6,2.7,,K10,95,
Intel Xeon E5-2603 V2,,4,1.8,,Ivy Bridge,80,
Intel Core i5-4570S,,4,2.9,,Haswell,65,Intel HD Graphics 4600
Intel Pentium G3470,,2,3.6,,Haswell Refresh,53,Intel HD Graphics
Intel Core i7-5775C,,4,3.3,3.7,Broadwell,65,Iris Pro Graphics 6200
AMD A8-7670K,,4,3.6,3.9,Steamroller,95,Radeon R7 (on-die)
AMD A8-7670K,,4,3.6,3.9,Steamroller,95,Radeon R7 (on-die)
Intel Core i3-6300,,2,3.8,,Skylake,51,Intel HD Graphics 530
Intel Core i5-6600T,,4,2.7,3.5,Skylake,35,Intel HD Graphics 530
Intel Pentium G4520,,2,3.6,,Skylake,51,Intel HD Graphics 530
Intel Xeon E3-1230 V5,,4,3.4,3.8,Skylake,80,
Intel Xeon E3-1220 V5,,4,3.0,3.5,Skylake,80,
Intel Xeon E3-1225 V5,,4,3.3,3.7,Skylake,80,Intel HD Graphics P530
Intel Xeon E3-1280 V5,,4,3.7,4.0,Skylake,80,
Intel Xeon E3-1275 V5,,4,3.6,4.0,Skylake,80,Intel HD Graphics P530
AMD Opteron 6344,,12,2.6,3.2,Piledriver,115,
Intel Pentium G3260,,2,3.3,,Haswell Refresh,53,Intel HD Graphics
AMD Athlon X4 845,,4,3.5,3.8,Puma+,65,
AMD A6-7470K,,2,3.7,4.0,Steamroller,65,Radeon R5 (on die)
AMD A6-7470K,,2,3.7,4.0,Steamroller,65,Radeon R5 (on die)
AMD A10-7890K,,4,4.1,4.3,Steamroller,95,Radeon R7 (on-die)
AMD Athlon 5370,,4,2.2,,Jaguar,25,Radeon R3 (on die)
Intel Core i7-6800K,,6,3.4,3.6,Broadwell,140,
Intel Core i7-6850K,,6,3.6,3.8,Broadwell,140,
Intel Xeon E5-1620 V4,,4,3.5,3.8,Broadwell,140,
Intel Celeron G3950,,2,3.0,,Kaby Lake,51,Intel HD Graphics 610
Intel Pentium G4560T,,2,2.9,,Kaby Lake,35,Intel HD Graphics 610
Intel Core i3-7101TE,,2,3.4,,Kaby Lake,35,Intel HD Graphics 610
Intel Core i3-7100T,,2,3.4,,Kaby Lake,35,Intel HD Graphics 630
Intel Core i3-7100T,,2,3.4,,Kaby Lake,35,Intel HD Graphics 630
Intel Core i5-7500T,,4,2.7,3.3,Kaby Lake,35,Intel HD Graphics 630
Intel Core i5-7600T,,4,2.8,3.7,Kaby Lake,35,Intel HD Graphics 630
Intel Core i7-7820X,,8,3.6,4.5,Skylake,140,
Intel Core i7-7740X,,4,4.3,4.5,Kaby Lake,112,
Intel Core i5-7640X,,4,4.0,4.2,Kaby Lake,112,
Intel Xeon E5-2430V2,,6,2.5,3.0,Ivy Bridge,80,
Intel Xeon E5-2440V2,,8,1.9,2.4,Ivy Bridge,95,
Intel Xeon E3-1270 V6,,4,3.8,4.2,Kaby Lake,72,
AMD Athlon X4 970,,4,3.8,4.0,Excavator,65,
AMD Athlon X4 940,,4,3.2,3.6,Excavator,65,
Intel Core i7-870S,,4,2.667,,Nehalem,82,
Intel Celeron G4920,,2,3.2,,Coffee Lake,65,Intel UHD Graphics 610
Intel Core i3-8300,,4,3.7,,Coffee Lake,62,Intel UHD Graphics 630
Intel Core i9-7940X,,14,3.1,4.4,Skylake,165,
Intel Xeon E5-2660,,8,2.2,3.0,Sandy Bridge,95,
Intel Xeon E-2134,,4,3.5,4.5,Coffee Lake,71,
Intel Xeon E-2146G,,6,3.5,4.5,Coffee Lake,80,Intel HD Graphics P630
Intel Xeon E-2274G,,4,4.0,4.9,Coffee Lake Refresh,83,Intel HD Graphics P630
Intel Xeon E-2124G,,4,3.4,4.5,Coffee Lake,71,Intel HD Graphics P630
Intel Pentium G3420,,2,3.2,,Haswell,54,Intel HD Graphics
Intel Pentium Gold G6600,,2,4.2,,Comet Lake,58,Intel UHD Graphics 630
AMD Athlon II X2 240,,2,2.8,,K10,65,
AMD Athlon II X3 425,,3,2.7,,K10,95,
Intel Celeron 430,,1,1.8,,Core,35,
AMD Athlon II X3 435,,3,2.9,,K10,95,
AMD Athlon II X3 440,,3,3.0,,K10,95,
AMD Athlon II X3 440,,3,3.0,,K10,95,
Intel Celeron 440,,1,2.0,,Core,35,
Intel Celeron 450,,1,2.2,,Core,35,
AMD Athlon II X4 630,,4,2.8,,K10,95,
AMD Athlon II X4 635,,4,2.9,,K10,95,
AMD Phenom II X3 710,,3,2.6,,K10,95,
AMD Phenom II X4 805,,4,2.5,,K10,95,
AMD Phenom II X4 810,,4,2.6,,K10,95,
AMD Phenom II X4 910,,4,2.6,,K10,95,
AMD Phenom II X4 920,,4,2.8,,K10,125,
AMD Athlon II X2 245e,,2,2.9,,K10,45,
AMD Athlon II X2 260u,,2,1.8,,K10,25,
AMD Athlon II X3 405e,,3,2.3,,K10,45,
AMD Athlon II X4 610e,,4,2.4,,K10,45,
AMD Phenom II X3 720 Black,,3,2.8,,K10,95,
Intel Celeron E1200,,2,1.6,,Core,65,
Intel Celeron E1400,,2,2.0,,Core,65,
Intel Celeron E1500,,2,2.2,,Core,65,
Intel Celeron E1600,,2,2.4,,Core,65,
Intel Pentium E2160,,2,1.8,,Core,65,
Intel Pentium E2180,,2,2.0,,Core,65,
Intel Pentium E2200,,2,2.2,,Core,65,
Intel Celeron E3200,,2,2.4,,Wolfdale,65,
Intel Core 2 Duo E4400,,2,2.0,,Core,65,
Intel Pentium E5400,,2,2.7,,Wolfdale,65,
Intel Pentium E5500,,2,2.8,,Wolfdale,65,
Intel Pentium E6300,,2,2.8,,Wolfdale,65,
Intel Core 2 Duo E6400,,2,2.13,,Core,65,
Intel Core 2 Duo E6420,,2,2.13,,Core,65,
Intel Pentium E6500,,2,2.93,,Wolfdale,65,
Intel Core 2 Duo E6540,,2,2.33,,Core,65,
Intel Pentium E6600,,2,3.06,,Wolfdale,65,
Intel Core 2 Duo E6700,,2,2.66,,Core,65,
Intel Core 2 Duo E6700,,2,2.66,,Core,65,
Intel Core 2 Duo E6850,,2,3.0,,Core,65,
Intel Core 2 Duo E7200,,2,2.53,,Wolfdale,65,
Intel Core 2 Duo E7400,,2,2.8,,Wolfdale,65,
Intel Core 2 Duo E7500,,2,2.93,,Wolfdale,65,
Intel Core 2 Duo E8190,,2,2.66,,Wolfdale,65,
Intel Core 2 Duo E8200,,2,2.66,,Wolfdale,65,
Intel Core 2 Duo E8200,,2,2.66,,Wolfdale,65,
Intel Core 2 Duo E8400,,2,3.0,,Wolfdale,65,
Intel Core 2 Duo E8500,,2,3.16,,Wolfdale,65,
Intel Core i5-750S,,4,2.4,,Nehalem,82,
Intel Core i7-860S,,4,2.53,,Nehalem,82,
Intel Core i7-940,,4,2.93,,Nehalem,130,
Intel Core i7-965 Extreme Edition,,4,3.2,,Nehalem,130,
Intel Core 2 Quad Q6700,,4,2.66,,Core,100,
Intel Core 2 Quad Q8200,,4,2.33,,Yorkfield,95,
Intel Core 2 Quad Q8200S,,4,2.33,,Yorkfield,65,
Intel Core 2 Quad Q8300,,4,2.5,,Yorkfield,95,
Intel Core 2 Quad Q8400S,,4,2.66,,Yorkfield,65,
Intel Core 2 Quad Q8400S,,4,2.66,,Yorkfield,65,
Intel Core 2 Quad Q9400S,,4,2.66,,Yorkfield,65,
Intel Core 2 Quad Q9450,,4,2.66,,Yorkfield,95,
Intel Core 2 Quad Q9505,,4,2.83,,Yorkfield,95,
Intel Core 2 Quad Q9505S,,4,2.83,,Yorkfield,65,
Intel Core 2 Quad Q9550S,,4,2.83,,Yorkfield,65,
Intel Core 2 Extreme QX6800,,4,2.93,,Core,100,
Intel Core 2 Extreme QX6800,,4,2.93,,Core,100,
Intel Core 2 Extreme QX6800,,4,2.93,,Core,100,
Intel Core 2 Extreme QX6850,,4,3.0,,Core,130,
Intel Core 2 Extreme QX9650,,4,3.0,,Yorkfield,130,
Intel Core 2 Extreme QX9770,,4,3.2,,Yorkfield,136,
Intel Core 2 Extreme QX9775,,4,3.2,,Yorkfield,150,
Intel Core 2 Extreme QX9775,,4,3.2,,Yorkfield,150,
AMD Athlon II X4 630,,4,2.8,,K10,95,
AMD Athlon II X2 255,,2,3.1,,K10,65,
AMD Athlon II X2 265,,2,3.2,,K10,65,
AMD Athlon II X4 610e,,4,2.4,,K10,45,
AMD Phenom II X3 715 Black,,3,2.8,,K10,95,
AMD Athlon II X3 425,,3,2.7,,K10,95,
AMD Phenom II X2 545,,2,3.0,,K10,80,
Intel Celeron E3500,,2,2.7,,Wolfdale,65,
AMD Phenom II X4 955,,4,3.2,,K10,125,
AMD Athlon II X4 630,,4,2.8,,K10,95,
AMD Phenom II X4 925,,4,2.8,,K10,95,
AMD A4-3400,,2,2.7,,Lynx,65,Radeon HD 6410D
AMD A8-3850,,4,2.9,,Lynx,100,Radeon HD 6550D
AMD Phenom II X4 980 Black,,4,3.7,,K10,125,
AMD FX-4170,,4,4.2,,Bulldozer,125,
AMD Athlon II X2 250,,2,3.0,,K10,65,
Intel Celeron G465,,2,1.9,,Sandy Bridge,35,Intel HD Graphics
Intel Pentium G2010,,2,2.8,,Ivy Bridge,55,Intel HD Graphics
Intel Celeron G1830,,2,2.8,,Haswell,53,Intel HD Graphics
Intel Xeon E5-2640,,6,2.5,3.0,Sandy Bridge,95,
Intel Xeon E5-2603 V2,,4,1.8,,Ivy Bridge,80,
AMD A6-6420K,,2,4.0,4.2,Piledriver,65,Radeon HD 8000 Series
Intel Pentium G3440,,2,3.3,,Haswell Refresh,53,Intel HD Graphics
AMD Sempron X2 198,,2,2.5,,Lynx,65,
AMD Sempron X2 198,,2,2.5,,Lynx,65,
AMD A10-6700T,,4,2.5,3.5,Piledriver,45,Radeon HD 8650D
AMD A10-6790B,,4,4.0,,Piledriver,100,Radeon HD 8670D
AMD A10-7850K,,4,3.7,4.0,Steamroller,95,Radeon R7 (on-die)
AMD A4-6320,,2,3.8,4.0,Piledriver,65,Radeon HD 8370D
AMD A4-6320,,2,3.8,4.0,Piledriver,65,Radeon HD 8370D
AMD A4-3300,,2,2.5,,Lynx,65,Radeon HD 6410D
AMD A4-3400,,2,2.7,,Lynx,65,Radeon HD 6410D
AMD A4-3400,,2,2.7,,Lynx,65,Radeon HD 6410D
AMD A4-5300,,2,3.4,,Piledriver,65,Radeon HD 7480D
AMD A4-4020,,2,3.2,3.4,Piledriver,65,Radeon HD 7480D
AMD A4-3450,,2,2.9,,Lynx,65,
AMD A4-3420,,2,2.8,,Lynx,65,Radeon HD 6410D
AMD FX-4150,,4,4.0,4.1,Bulldozer,125,
AMD FX-4170,,4,4.2,,Bulldozer,125,
AMD FX-6130,,6,3.6,3.9,Bulldozer,125,
AMD FX-6200,,6,3.8,,Bulldozer,125,
AMD FX-8140,,8,3.2,4.1,Bulldozer,95,
AMD Athlon II X2 221,,2,2.8,,Lynx,65,
AMD Athlon II X2 221,,2,2.8,,Lynx,65,
AMD Athlon II X4 651,,4,3.0,,Lynx,100,
AMD Athlon II X4 638,,4,2.7,,Lynx,65,
AMD Athlon II X4 638,,4,2.7,,Lynx,65,
Intel Core i3-4360T,,2,3.2,,Haswell Refresh,35,Intel HD Graphics 4600
Intel Xeon E5-2687W,,8,3.1,3.8,Sandy Bridge,150,
AMD FX-8370E,,8,3.3,4.3,Piledriver,95,
Intel Xeon E5-2609 V3,,6,1.9,,Haswell,85,
AMD Phenom II X6 1065T,,6,2.7,,K10,95,
AMD FX-8310,,8,3.4,4.3,Piledriver,95,
Intel Pentium G4400,,2,3.3,,Skylake,54,Intel HD Graphics 510
Intel Xeon E3-1245 V5,,4,3.5,3.9,Skylake,80,Intel HD Graphics P530
AMD Opteron 6328,,8,3.2,3.8,Piledriver,115,
AMD A10-7860k,,4,3.6,4.0,Steamroller,65,Radeon R7 (on-die)
AMD Athlon X4 880K,,4,4.0,4.2,Steamroller,95,
Intel Xeon E3-1240 V6,,4,3.7,4.1,Kaby Lake,72,
Intel Xeon E3-1275 V6,9908.0,4,3.8,4.2,Kaby Lake,73,Intel HD Graphics P630
AMD Athlon X4 940,,4,3.2,3.6,Excavator,65,
Intel Xeon E5-2660,,8,2.2,3.0,Sandy Bridge,95,
