name,price,capacity,price_per_gb,type,cache,form_factor,interface
Samsung 990 Pro,2999.8,2000.0,0.075,SSD,2048.0,M.2-2280,M.2 PCIe 4.0 X4
Samsung 990 Pro,5999.8,4000.0,0.075,SSD,4096.0,M.2-2280,M.2 PCIe 4.0 X4
Samsung 990 Pro,1999.8,1000.0,0.1,SSD,1024.0,M.2-2280,M.2 PCIe 4.0 X4
Samsung 9100 PRO,8599.79,4000.0,0.107,SSD,4096.0,M.2-2280,M.2 PCIe 5.0 X4
Seagate Barracuda Compute,1339.8,2000.0,0.033,7200,256.0,3.5,SATA 6.0 Gb/s
Samsung 870 Evo,1858.0,1000.0,0.093,SSD,1024.0,2.5,SATA 6.0 Gb/s
Samsung 9100 PRO,4599.8,2000.0,0.115,SSD,2048.0,M.2-2280,M.2 PCIe 5.0 X4
Seagate IronWolf Pro,9599.79,24000.0,0.02,7200,512.0,3.5,SATA 6.0 Gb/s
Seagate BarraCuda,1499.8,4000.0,0.019,5400,256.0,3.5,SATA 6.0 Gb/s
Samsung 980 Pro,3699.0,2000.0,0.092,SSD,2048.0,M.2-2280,M.2 PCIe 4.0 X4
Samsung 970 Evo Plus,2680.0,1000.0,0.134,SSD,1024.0,M.2-2280,M.2 PCIe 3.0 X4
Western Digital Caviar Blue,859.8,1000.0,0.043,7200,64.0,3.5,SATA 6.0 Gb/s
Samsung 870 Evo,5300.0,4000.0,0.066,SSD,4096.0,2.5,SATA 6.0 Gb/s
Samsung 980 Pro,2800.0,1000.0,0.14,SSD,1024.0,M.2-2280,M.2 PCIe 4.0 X4
Seagate Barracuda Compute,2600.0,8000.0,0.016,5400,256.0,3.5,SATA 6.0 Gb/s
Samsung 870 Evo,3374.8,2000.0,0.084,SSD,2048.0,2.5,SATA 6.0 Gb/s
Samsung 9100 PRO,3099.8,1000.0,0.155,SSD,1024.0,M.2-2280,M.2 PCIe 5.0 X4
Samsung 870 Evo,1099.8,500.0,0.11,SSD,512.0,2.5,SATA 6.0 Gb/s
Samsung 970 Evo Plus,1599.8,500.0,0.16,SSD,512.0,M.2-2280,M.2 PCIe 3.0 X4
Acer Predator GM7000,2499.79,2000.0,0.062,SSD,2048.0,M.2-2280,M.2 PCIe 4.0 X4
Western Digital Blue,1299.6,2000.0,0.032,7200,256.0,3.5,SATA 6.0 Gb/s
Seagate BarraCuda,1091.8,1000.0,0.055,7200,64.0,3.5,SATA 6.0 Gb/s
Western Digital WD_BLACK SN8100,9299.79,4000.0,0.116,SSD,4096.0,M.2-2280,M.2 PCIe 5.0 X4
Samsung 970 Evo Plus,3799.0,2000.0,0.095,SSD,1024.0,M.2-2280,M.2 PCIe 3.0 X4
Samsung 990 Pro w/Heatsink,3199.8,2000.0,0.08,SSD,2048.0,M.2-2280,M.2 PCIe 4.0 X4
Western Digital WD_BLACK SN8100,4499.8,2000.0,0.112,SSD,2048.0,M.2-2280,M.2 PCIe 5.0 X4
MSI SPATIUM M480 PRO,2399.79,2000.0,0.06,SSD,2048.0,M.2-2280,M.2 PCIe 4.0 X4
Samsung 990 Pro w/Heatsink,6301.0,4000.0,0.079,SSD,4096.0,M.2-2280,M.2 PCIe 4.0 X4
Samsung 9100 PRO w/Heatsink,8999.79,4000.0,0.112,SSD,4096.0,M.2-2280,M.2 PCIe 5.0 X4
Seagate IronWolf NAS,3411.8,8000.0,0.021,7200,256.0,3.5,SATA 6.0 Gb/s
Western Digital Gold,9999.79,24000.0,0.021,7200,512.0,3.5,SATA 6.0 Gb/s
Samsung 970 Evo,2922.6,1000.0,0.146,SSD,1024.0,M.2-2280,M.2 PCIe 3.0 X4
Seagate Exos X24,9599.79,24000.0,0.02,7200,512.0,3.5,SATA 6.0 Gb/s
Samsung 860 Evo,2842.6,1000.0,0.142,SSD,1024.0,2.5,SATA 6.0 Gb/s
Western Digital WD Red Pro,9599.79,26000.0,0.018,7200,512.0,3.5,SATA 6.0 Gb/s
Seagate IronWolf NAS,1999.8,4000.0,0.025,5400,256.0,3.5,SATA 6.0 Gb/s
Seagate BarraCuda,764.4,1000.0,0.038,7200,64.0,3.5,SATA 6.0 Gb/s
MSI SPATIUM M480 PRO,2193.4,1000.0,0.11,SSD,1024.0,M.2-2280,M.2 PCIe 4.0 X4
Seagate BarraCuda,1340.0,2000.0,0.034,7200,64.0,3.5,SATA 6.0 Gb/s
Samsung 990 Pro w/Heatsink,2199.79,1000.0,0.11,SSD,1024.0,M.2-2280,M.2 PCIe 4.0 X4
Samsung 970 Evo Plus,1395.8,250.0,0.279,SSD,512.0,M.2-2280,M.2 PCIe 3.0 X4
Crucial P5 Plus,3199.8,1000.0,0.16,SSD,1024.0,M.2-2280,M.2 PCIe 4.0 X4
Western Digital Red Plus,1999.8,4000.0,0.025,5400,256.0,3.5,SATA 6.0 Gb/s
Crucial MX500,2999.8,1000.0,0.15,SSD,1024.0,2.5,SATA 6.0 Gb/s
Western Digital WD_BLACK SN8100,3399.8,1000.0,0.17,SSD,1024.0,M.2-2280,M.2 PCIe 5.0 X4
Western Digital Red Plus,3599.8,10000.0,0.018,7200,256.0,3.5,SATA 6.0 Gb/s
Seagate Exos X24 SED,11431.8,24000.0,0.024,7200,512.0,3.5,SATA 6.0 Gb/s
Gigabyte AORUS Gen4 7300,1839.8,1000.0,0.092,SSD,1024.0,M.2-2280,M.2 PCIe 4.0 X4
Seagate Barracuda Compute,2499.79,8000.0,0.016,5400,256.0,3.5,SATA 6.0 Gb/s
Samsung 860 Evo,2180.0,500.0,0.218,SSD,512.0,2.5,SATA 6.0 Gb/s
Acer Predator GM7000,1559.6,1000.0,0.078,SSD,1024.0,M.2-2280,M.2 PCIe 4.0 X4
Seagate Surveillance HDD,1980.0,2000.0,0.05,5400,64.0,3.5,SATA 6.0 Gb/s
Seagate IronWolf Pro,3000.0,4000.0,0.037,7200,256.0,3.5,SATA 6.0 Gb/s
Seagate IronWolf Pro NAS,4999.8,12000.0,0.021,7200,256.0,3.5,SATA 6.0 Gb/s
Samsung 9100 PRO w/Heatsink,4999.8,2000.0,0.125,SSD,2048.0,M.2-2280,M.2 PCIe 5.0 X4
Toshiba HDKBB96,599.0,1000.0,0.03,5400,8.0,2.5,SATA 6.0 Gb/s
Western Digital Red Plus,3177.0,8000.0,0.02,5640,256.0,3.5,SATA 6.0 Gb/s
Western Digital Blue,1459.8,4000.0,0.018,5400,256.0,3.5,SATA 6.0 Gb/s
Samsung 970 Evo,2122.6,500.0,0.212,SSD,512.0,M.2-2280,M.2 PCIe 3.0 X4
Crucial P5 Plus,4576.0,2000.0,0.114,SSD,2048.0,M.2-2280,M.2 PCIe 4.0 X4
Western Digital Caviar Blue,599.79,500.0,0.06,7200,16.0,3.5,SATA 6.0 Gb/s
Seagate IronWolf Pro NAS,8399.79,20000.0,0.021,7200,256.0,3.5,SATA 6.0 Gb/s
Seagate Barracuda Compute,1299.6,2000.0,0.032,7200,256.0,3.5,SATA 6.0 Gb/s
Crucial MX500,2640.0,500.0,0.264,SSD,512.0,2.5,SATA 6.0 Gb/s
Samsung 980 Pro w/Heatsink,3019.8,1000.0,0.151,SSD,1024.0,M.2-2280,M.2 PCIe 4.0 X4
Western Digital WD_BLACK,3597.8,4000.0,0.045,7200,256.0,3.5,SATA 6.0 Gb/s
Gigabyte AORUS Gen4 7300,2959.8,2000.0,0.074,SSD,2048.0,M.2-2280,M.2 PCIe 4.0 X4
Seagate IronWolf Pro,6306.2,16000.0,0.02,7200,256.0,3.5,SATA 6.0 Gb/s
Toshiba MG04ACA600E,3000.0,6000.0,0.025,7200,128.0,3.5,SATA 6.0 Gb/s
Western Digital WD_BLACK,5300.0,10000.0,0.026,7200,512.0,3.5,SATA 6.0 Gb/s
Seagate Exos X20,6999.8,20000.0,0.017,7200,256.0,3.5,SATA 6.0 Gb/s
Western Digital Red Plus,5399.8,12000.0,0.022,7200,256.0,3.5,SATA 6.0 Gb/s
Western Digital WD_BLACK,3977.6,8000.0,0.025,7200,256.0,3.5,SATA 6.0 Gb/s
Western Digital Red Plus,2099.79,6000.0,0.017,5400,256.0,3.5,SATA 6.0 Gb/s
Western Digital WD Red Pro,8999.79,24000.0,0.019,7200,512.0,3.5,SATA 6.0 Gb/s
Western Digital WD_BLACK,1560.2,2000.0,0.039,7200,64.0,3.5,SATA 6.0 Gb/s
Western Digital Blue,1199.8,3000.0,0.02,5400,256.0,3.5,SATA 6.0 Gb/s
MSI SPATIUM M480 PRO,5799.8,4000.0,0.072,SSD,2048.0,M.2-2280,M.2 PCIe 4.0 X4
Seagate IronWolf Pro NAS,2599.8,4000.0,0.032,7200,256.0,3.5,SATA 6.0 Gb/s
Samsung 860 Evo,1322.6,250.0,0.265,SSD,512.0,2.5,SATA 6.0 Gb/s
Western Digital WD Blue,2630.2,8000.0,0.016,5640,256.0,3.5,SATA 6.0 Gb/s
Seagate IronWolf Pro NAS,3999.8,8000.0,0.025,7200,256.0,3.5,SATA 6.0 Gb/s
Samsung 9100 PRO w/Heatsink,3299.8,1000.0,0.165,SSD,1024.0,M.2-2280,M.2 PCIe 5.0 X4
Seagate Barracuda Compute,1499.6,4000.0,0.019,5400,256.0,3.5,SATA 6.0 Gb/s
Seagate Exos X18,8588.4,18000.0,0.024,7200,256.0,3.5,SATA 6.0 Gb/s
Toshiba MG10 512e,6999.8,20000.0,0.017,7200,512.0,3.5,SATA 6.0 Gb/s
Western Digital WD Red Pro,8395.8,20000.0,0.021,7200,512.0,3.5,SATA 6.0 Gb/s
Seagate IronWolf NAS,4955.8,8000.0,0.031,7200,256.0,3.5,SATA 6.0 Gb/s
Samsung 870 Evo,1099.8,250.0,0.22,SSD,512.0,2.5,SATA 6.0 Gb/s
Toshiba MG09 512e,5500.0,18000.0,0.015,7200,512.0,3.5,SATA 6.0 Gb/s
Seagate BarraCuda,1719.8,2000.0,0.043,5400,128.0,2.5,SATA 6.0 Gb/s
Western Digital Blue,1399.6,1000.0,0.07,5400,64.0,3.5,SATA 6.0 Gb/s
Samsung 960 Evo,1759.0,250.0,0.352,SSD,512.0,M.2-2280,M.2 PCIe 3.0 X4
Western Digital Purple Pro,9999.79,24000.0,0.021,7200,512.0,3.5,SATA 6.0 Gb/s
Seagate IronWolf Pro,4749.0,14000.0,0.017,7200,256.0,3.5,SATA 6.0 Gb/s
Seagate IronWolf Pro NAS,11907.4,22000.0,0.027,7200,512.0,3.5,SATA 6.0 Gb/s
Samsung 970 Pro,4799.8,512.0,0.469,SSD,512.0,M.2-2280,M.2 PCIe 3.0 X4
Acer Predator GM7000,1059.8,512.0,0.103,SSD,512.0,M.2-2280,M.2 PCIe 4.0 X4
Samsung 980 Pro w/Heatsink,4700.0,2000.0,0.117,SSD,2048.0,M.2-2280,M.2 PCIe 4.0 X4
Western Digital AV-GP,811.8,2000.0,0.02,5400,64.0,3.5,SATA 6.0 Gb/s
Seagate Exos X18,4599.8,14000.0,0.016,7200,256.0,3.5,SATA 6.0 Gb/s
Seagate BarraCuda Pro,4735.6,10000.0,0.024,7200,256.0,3.5,SATA 6.0 Gb/s
Gigabyte AORUS Gen5 14000,7210.8,2000.0,0.18,SSD,2048.0,M.2-2280,M.2 PCIe 5.0 X4
Seagate IronWolf Pro NAS,6599.8,16000.0,0.021,7200,256.0,3.5,SATA 6.0 Gb/s
Seagate BarraCuda,3500.0,5000.0,0.035,5400,128.0,2.5,SATA 6.0 Gb/s
Seagate ST500LM021,400.0,500.0,0.04,7200,32.0,2.5,SATA 6.0 Gb/s
Western Digital WD_BLACK,2599.8,6000.0,0.022,7200,256.0,3.5,SATA 6.0 Gb/s
Western Digital WD Blue,1614.6,4000.0,0.02,5400,256.0,3.5,SATA 3.0 Gb/s
Seagate Enterprise Capacity,2680.0,8000.0,0.017,7200,256.0,3.5,SATA 6.0 Gb/s
Seagate Exos X14,5000.0,12000.0,0.021,7200,256.0,3.5,SATA 6.0 Gb/s
Toshiba MQ01ABD050,363.8,500.0,0.036,5400,8.0,2.5,SATA 3.0 Gb/s
Western Digital WD Red Pro,6268.2,16000.0,0.02,7200,256.0,3.5,SATA 6.0 Gb/s
Western Digital Blue,799.8,1000.0,0.04,7200,64.0,3.5,SATA 6.0 Gb/s
Western Digital WD Red Pro,2779.8,4000.0,0.035,7200,256.0,3.5,SATA 6.0 Gb/s
Gigabyte AORUS Gen5 14000,3329.4,1000.0,0.166,SSD,2048.0,M.2-2280,M.2 PCIe 5.0 X4
Western Digital DC HC530,4399.8,14000.0,0.016,7200,512.0,3.5,SATA 6.0 Gb/s
Samsung Spinpoint M8,589.79,1000.0,0.029,5400,8.0,2.5,SATA 3.0 Gb/s
Samsung 860 Pro,18499.8,4000.0,0.231,SSD,4096.0,2.5,SATA 6.0 Gb/s
Western Digital WD Blue,1199.8,2000.0,0.03,5400,64.0,3.5,SATA 6.0 Gb/s
Toshiba MQ01ABD032,279.8,320.0,0.044,5400,8.0,2.5,SATA 3.0 Gb/s
Western Digital WD Red Pro,6399.8,18000.0,0.018,7200,512.0,3.5,SATA 6.0 Gb/s
Seagate Exos X18,5980.0,16000.0,0.019,7200,256.0,3.5,SATA 6.0 Gb/s
Samsung 860 Evo,4980.0,2000.0,0.124,SSD,2048.0,2.5,SATA 6.0 Gb/s
Western Digital Black,2259.79,4000.0,0.028,7200,64.0,3.5,SATA 6.0 Gb/s
Samsung 970 Pro,7999.8,1000.0,0.4,SSD,1024.0,M.2-2280,M.2 PCIe 3.0 X4
Samsung 960 Pro,13799.0,2000.0,0.345,SSD,2048.0,M.2-2280,M.2 PCIe 3.0 X4
Western Digital WD Blue,899.8,1000.0,0.045,5400,64.0,3.5,SATA 6.0 Gb/s
Seagate Surveillance HDD,5812.0,8000.0,0.036,7200,256.0,3.5,SATA 6.0 Gb/s
Seagate SkyHawk AI,8799.79,24000.0,0.018,7200,512.0,3.5,SATA 6.0 Gb/s
Samsung 970 Evo,5180.0,2000.0,0.13,SSD,2048.0,M.2-2280,M.2 PCIe 3.0 X4
Crucial P5 Plus,2078.4,500.0,0.208,SSD,1024.0,M.2-2280,M.2 PCIe 4.0 X4
Western Digital VelociRaptor,979.4,1000.0,0.049,10000,64.0,2.5,SATA 6.0 Gb/s
Seagate BarraCuda,600.0,500.0,0.06,7200,16.0,3.5,SATA 6.0 Gb/s
Gigabyte AORUS Gen4,2999.8,1000.0,0.15,SSD,2048.0,M.2-2280,M.2 PCIe 4.0 X4
Toshiba MG08,5980.0,16000.0,0.019,7200,512.0,3.5,SATA 6.0 Gb/s
Western Digital Blue,719.8,1000.0,0.036,5400,16.0,2.5,SATA 6.0 Gb/s
Samsung 960 Evo,2920.6,500.0,0.292,SSD,512.0,M.2-2280,M.2 PCIe 3.0 X4
Seagate BarraCuda,1343.6,1000.0,0.067,5400,128.0,2.5,SATA 6.0 Gb/s
Seagate BarraCuda,2399.79,6000.0,0.02,5400,256.0,3.5,SATA 6.0 Gb/s
Seagate IronWolf NAS,5479.8,10000.0,0.027,7200,256.0,3.5,SATA 6.0 Gb/s
Seagate EXOS Enterprise,1820.0,4000.0,0.023,7200,128.0,3.5,SATA 6.0 Gb/s
Western Digital WD Blue,2099.79,6000.0,0.017,5400,256.0,3.5,SATA 3.0 Gb/s
Seagate Exos X16,7780.0,16000.0,0.024,7200,256.0,3.5,SATA 6.0 Gb/s
Seagate Exos X22,20694.2,22000.0,0.047,7200,512.0,3.5,SATA 6.0 Gb/s
Seagate IronWolf NAS,4706.2,12000.0,0.02,7200,256.0,3.5,SATA 6.0 Gb/s
Western Digital Red Plus,1599.6,2000.0,0.04,5400,64.0,3.5,SATA 6.0 Gb/s
Toshiba S300,2311.39,4000.0,0.029,5400,256.0,3.5,SATA 6.0 Gb/s
Western Digital Gold,8999.79,22000.0,0.02,7200,512.0,3.5,SATA 6.0 Gb/s
Western Digital Blue,2999.8,8000.0,0.019,5640,128.0,3.5,SATA 6.0 Gb/s
Western Digital Purple,1739.8,4000.0,0.022,5400,256.0,3.5,SATA 6.0 Gb/s
Western Digital Ultrastar DC HC560,9593.0,22000.0,0.022,7200,512.0,3.5,SATA 6.0 Gb/s
Seagate IronWolf NAS,4999.8,14000.0,0.018,7200,256.0,3.5,SATA 6.0 Gb/s
Seagate BarraCuda,800.0,500.0,0.08,5400,32.0,3.5,SATA 6.0 Gb/s
MSI SPATIUM M570 HS,8105.0,2000.0,0.203,SSD,4096.0,M.2-2280,M.2 PCIe 5.0 X4
Seagate Exos X24,7999.8,20000.0,0.02,7200,512.0,3.5,SATA 6.0 Gb/s
Western Digital Caviar Green,1099.8,1000.0,0.055,5400,64.0,3.5,SATA 6.0 Gb/s
Samsung 960 Evo,4122.2,1000.0,0.206,SSD,1024.0,M.2-2280,M.2 PCIe 3.0 X4
Western Digital WD_BLACK,6011.2,10000.0,0.03,7200,256.0,3.5,SATA 6.0 Gb/s
Seagate Barracuda Compute,1850.0,2000.0,0.046,5400,128.0,2.5,SATA 6.0 Gb/s
Seagate ST1000LM035,880.0,1000.0,0.044,5400,128.0,2.5,SATA 6.0 Gb/s
Seagate BarraCuda,2540.0,4000.0,0.032,5400,128.0,2.5,SATA 6.0 Gb/s
Toshiba MK3276GSX,279.6,320.0,0.044,5400,8.0,2.5,SATA 3.0 Gb/s
Seagate IronWolf NAS,2999.8,6000.0,0.025,5400,256.0,3.5,SATA 6.0 Gb/s
Western Digital Gold,11599.8,20000.0,0.029,7200,512.0,3.5,SATA 6.0 Gb/s
Western Digital WD Red Pro,4999.8,10000.0,0.025,7200,512.0,3.5,SATA 6.0 Gb/s
MSI SPATIUM M570 FROZR,4799.8,2000.0,0.12,SSD,4096.0,M.2-2280,M.2 PCIe 5.0 X4
Western Digital WD Red Pro,5384.6,12000.0,0.022,7200,512.0,3.5,SATA 6.0 Gb/s
Seagate BarraCuda Pro Compute,1295.8,1000.0,0.065,7200,128.0,2.5,SATA 6.0 Gb/s
Samsung 860 Evo,4322.6,1000.0,0.216,SSD,1024.0,M.2-2280,M.2 SATA
Western Digital SE,849.59,2000.0,0.021,7200,64.0,3.5,SATA 6.0 Gb/s
Western Digital WD Red Pro,3999.8,8000.0,0.025,7200,256.0,3.5,SATA 6.0 Gb/s
Western Digital WD_BLACK,2599.8,4000.0,0.032,7200,256.0,3.5,SATA 6.0 Gb/s
Western Digital Red,2838.8,4000.0,0.035,5400,256.0,3.5,SATA 6.0 Gb/s
Western Digital Ultrastar DC HC550,6209.8,16000.0,0.019,7200,512.0,3.5,SATA 6.0 Gb/s
Western Digital Blue,2059.79,2000.0,0.051,5400,256.0,3.5,SATA 6.0 Gb/s
Hitachi Ultrastar 7K6000,1512.6,4000.0,0.019,7200,128.0,3.5,SATA 6.0 Gb/s
Seagate IronWolf Pro,5100.0,8000.0,0.032,7200,256.0,3.5,SATA 6.0 Gb/s
Seagate IronWolf NAS,4600.0,6000.0,0.038,7200,256.0,3.5,SATA 6.0 Gb/s
Hitachi 0F23663,20900.0,6000.0,0.174,7200,128.0,3.5,SATA 6.0 Gb/s
Seagate Exos X14,4999.8,14000.0,0.018,7200,256.0,3.5,SATA 6.0 Gb/s
Samsung 960 Pro,3917.2,512.0,0.383,SSD,512.0,M.2-2280,M.2 PCIe 3.0 X4
Mushkin Vortex Redline,1859.8,1000.0,0.093,SSD,1024.0,M.2-2280,M.2 PCIe 4.0 X4
Western Digital Blue,1699.8,4000.0,0.021,5400,64.0,3.5,SATA 6.0 Gb/s
MSI SPATIUM M580 FROZR,6459.8,2000.0,0.161,SSD,4096.0,M.2-2280,M.2 PCIe 5.0 X4
Samsung 860 Evo,7446.4,4000.0,0.093,SSD,4096.0,2.5,SATA 6.0 Gb/s
HP EX920,1359.6,512.0,0.133,SSD,512.0,M.2-2280,M.2 PCIe 3.0 X4
Western Digital Blue,759.8,1000.0,0.038,5400,8.0,2.5,SATA 6.0 Gb/s
Seagate Archive HDD v2,2792.6,5000.0,0.028,5900,128.0,3.5,SATA 6.0 Gb/s
Western Digital Red,2080.0,3000.0,0.035,5400,64.0,3.5,SATA 6.0 Gb/s
Toshiba DT01ACA050,679.4,500.0,0.068,7200,32.0,3.5,SATA 6.0 Gb/s
Toshiba X300 Pro,7179.8,18000.0,0.02,7200,512.0,3.5,SATA 6.0 Gb/s
Seagate IronWolf Pro,4999.8,12000.0,0.021,7200,256.0,3.5,SATA 6.0 Gb/s
Seagate IronWolf Pro NAS,1899.8,2000.0,0.047,7200,256.0,3.5,SATA 6.0 Gb/s
Western Digital AV-GP,284.2,320.0,0.044,5400,8.0,3.5,SATA 3.0 Gb/s
Western Digital Blue,2020.0,4000.0,0.025,5400,64.0,3.5,SATA 6.0 Gb/s
Seagate Exos 7E10 512e/4Kn,4368.2,8000.0,0.027,7200,256.0,3.5,SATA 6.0 Gb/s
Seagate IronWolf NAS,4999.8,12000.0,0.021,7200,256.0,3.5,SATA 6.0 Gb/s
Seagate Barracuda Compute,1898.8,3000.0,0.032,5400,256.0,3.5,SATA 6.0 Gb/s
Samsung 860 Evo,3799.8,500.0,0.38,SSD,512.0,M.2-2280,M.2 SATA
Seagate Momentus Thin,1128.0,500.0,0.113,5400,16.0,2.5,SATA 3.0 Gb/s
Seagate IronWolf NAS,3100.0,4000.0,0.039,5900,64.0,3.5,SATA 6.0 Gb/s
Western Digital WD Red Pro,8980.0,22000.0,0.02,7200,512.0,3.5,SATA 6.0 Gb/s
Seagate Exos X22,8999.79,22000.0,0.02,7200,512.0,3.5,SATA 6.0 Gb/s
Seagate Enterprise Capacity,1399.6,3000.0,0.023,7200,128.0,3.5,SATA 6.0 Gb/s
Toshiba N300,2854.2,4000.0,0.036,7200,256.0,3.5,SATA 6.0 Gb/s
Western Digital Black,999.8,1000.0,0.05,7200,64.0,2.5,SATA 6.0 Gb/s
Seagate BarraCuda,1160.0,1000.0,0.058,7200,32.0,3.5,SATA 3.0 Gb/s
Seagate IronWolf Pro NAS,5399.8,14000.0,0.019,7200,256.0,3.5,SATA 6.0 Gb/s
Western Digital Red Plus,1799.8,3000.0,0.03,5400,256.0,3.5,SATA 6.0 Gb/s
Western Digital Gold,7999.8,20000.0,0.02,7200,512.0,3.5,SATA 6.0 Gb/s
Western Digital Gold,4999.8,10000.0,0.025,7200,256.0,3.5,SATA 6.0 Gb/s
Western Digital Blue Mobile,1424.6,2000.0,0.036,5400,128.0,2.5,SATA 6.0 Gb/s
Seagate SkyHawk Surveillance +Rescue,2424.0,4000.0,0.03,5400,256.0,3.5,SATA 6.0 Gb/s
Western Digital Ultrastar DC HC550,9399.79,18000.0,0.026,7200,512.0,3.5,SATA 6.0 Gb/s
Seagate IronWolf Pro,4689.0,10000.0,0.023,7200,256.0,3.5,SATA 6.0 Gb/s
Western Digital WD Red Pro,1999.8,2000.0,0.05,7200,64.0,3.5,SATA 6.0 Gb/s
Western Digital Gold,6399.8,18000.0,0.018,7200,512.0,3.5,SATA 6.0 Gb/s
Western Digital AV-GP,699.8,1000.0,0.035,5400,64.0,3.5,SATA 6.0 Gb/s
Seagate IronWolf NAS,2536.8,2000.0,0.063,5400,256.0,3.5,SATA 6.0 Gb/s
Seagate EXOS Enterprise,3180.0,4000.0,0.04,7200,256.0,3.5,SATA 6.0 Gb/s
Seagate SkyHawk AI,6999.8,20000.0,0.017,7200,256.0,3.5,SATA 6.0 Gb/s
Samsung 860 Evo,2123.4,250.0,0.425,SSD,512.0,M.2-2280,M.2 SATA
Seagate IronWolf Pro NAS,4999.8,10000.0,0.025,7200,256.0,3.5,SATA 6.0 Gb/s
Seagate IronWolf NAS,8662.0,16000.0,0.027,7200,256.0,3.5,SATA 6.0 Gb/s
Western Digital WD_BLACK,6889.0,8000.0,0.043,7200,128.0,3.5,SATA 6.0 Gb/s
Western Digital WD Red Pro,6299.8,14000.0,0.022,7200,512.0,3.5,SATA 6.0 Gb/s
Hitachi HDS723030ALA640,1399.6,3000.0,0.023,7200,64.0,3.5,SATA 6.0 Gb/s
Western Digital WD_BLACK,4399.8,6000.0,0.037,7200,256.0,3.5,SATA 6.0 Gb/s
Toshiba X300,2980.0,4000.0,0.037,7200,128.0,3.5,SATA 6.0 Gb/s
Western Digital Blue,2199.79,2000.0,0.055,5400,64.0,3.5,SATA 6.0 Gb/s
HP EX920,2226.39,1000.0,0.111,SSD,1024.0,M.2-2280,M.2 PCIe 3.0 X4
Samsung 960 Pro,7999.8,1000.0,0.4,SSD,1024.0,M.2-2280,M.2 PCIe 3.0 X4
Western Digital Gold,6999.8,16000.0,0.022,7200,512.0,3.5,SATA 6.0 Gb/s
Seagate Exos X24,6589.0,16000.0,0.021,7200,512.0,3.5,SATA 6.0 Gb/s
Seagate Exos X24,10199.79,24000.0,0.021,7200,512.0,3.5,SAS 12.0 Gb/s
Western Digital WD Red Pro,3999.8,6000.0,0.033,7200,256.0,3.5,SATA 6.0 Gb/s
Seagate BarraCuda Pro,6489.0,12000.0,0.027,7200,256.0,3.5,SATA 6.0 Gb/s
Seagate Constellation ES.3,960.0,1000.0,0.048,7200,128.0,3.5,SATA 6.0 Gb/s
Western Digital Blue Mobile,570.0,500.0,0.057,5400,16.0,2.5,SATA 6.0 Gb/s
Seagate Barracuda Compute,1139.8,1000.0,0.057,5400,64.0,3.5,SATA 6.0 Gb/s
Toshiba MG08ADA800E,4973.2,8000.0,0.031,7200,256.0,3.5,SATA 6.0 Gb/s
Toshiba MG03SCA,600.0,1000.0,0.03,7200,64.0,3.5,SAS 6.0 Gb/s
Western Digital Blue Mobile,990.0,1000.0,0.05,5400,128.0,2.5,SATA 6.0 Gb/s
Western Digital Blue,699.8,500.0,0.07,7200,32.0,3.5,SATA 6.0 Gb/s
Seagate BarraCuda Pro,5759.8,10000.0,0.029,7200,256.0,3.5,SATA 6.0 Gb/s
Western Digital Purple Surveillance,2556.6,6000.0,0.021,5400,256.0,3.5,SATA 6.0 Gb/s
Seagate Constellation ES.2,940.0,3000.0,0.016,7200,64.0,3.5,SAS 6.0 Gb/s
Western Digital WD_BLACK,2999.8,6000.0,0.025,7200,128.0,3.5,SATA 6.0 Gb/s
Seagate IronWolf Pro NAS,3840.0,6000.0,0.032,7200,256.0,3.5,SATA 6.0 Gb/s
Western Digital Caviar Blue,460.0,500.0,0.046,5400,8.0,2.5,SATA 6.0 Gb/s
Western Digital Red,5980.0,12000.0,0.025,5400,256.0,3.5,SATA 6.0 Gb/s
Seagate Momentus 5400.6,573.8,500.0,0.057,5400,8.0,2.5,SATA 3.0 Gb/s
Western Digital WD_BLACK,939.8,500.0,0.094,7200,64.0,3.5,SATA 6.0 Gb/s
Seagate ST6000NM0024,2960.0,6000.0,0.025,7200,128.0,3.5,SATA 6.0 Gb/s
Seagate IronWolf Pro,4589.0,6000.0,0.038,7200,256.0,3.5,SATA 6.0 Gb/s
Seagate Exos X16,5900.0,14000.0,0.021,7200,256.0,3.5,SATA 6.0 Gb/s
Western Digital Blue,709.59,500.0,0.071,5400,64.0,3.5,SATA 6.0 Gb/s
Western Digital Ultrastar DC HC330,5399.8,10000.0,0.027,7200,256.0,3.5,SATA 6.0 Gb/s
Western Digital Caviar Blue,700.0,250.0,0.14,7200,16.0,3.5,SATA 6.0 Gb/s
Seagate SkyHawk Surveillance,3719.8,2000.0,0.093,7200,256.0,3.5,SATA 6.0 Gb/s
Seagate IronWolf NAS,4589.8,8000.0,0.029,7200,256.0,3.5,SATA 6.0 Gb/s
Seagate SkyHawk Surveillance +Rescue,1381.2,2000.0,0.035,5400,256.0,3.5,SATA 6.0 Gb/s
Western Digital Blue,2860.0,6000.0,0.024,5400,256.0,3.5,SATA 6.0 Gb/s
Toshiba P300,2406.0,4000.0,0.03,5400,128.0,3.5,SATA 6.0 Gb/s
Samsung 860 Pro,5999.8,1000.0,0.3,SSD,1024.0,2.5,SATA 6.0 Gb/s
Toshiba X300,3999.8,4000.0,0.05,7200,256.0,3.5,SATA 6.0 Gb/s
Samsung 860 Pro,8600.0,2000.0,0.215,SSD,2048.0,2.5,SATA 6.0 Gb/s
Western Digital Red,5370.0,8000.0,0.034,5400,128.0,3.5,SATA 6.0 Gb/s
Western Digital Purple,1538.8,2000.0,0.038,5400,256.0,3.5,SATA 6.0 Gb/s
Seagate SkyHawk AI,5999.8,16000.0,0.019,7200,256.0,3.5,SATA 6.0 Gb/s
MSI SPATIUM M480 PRO PLAY,2878.8,2000.0,0.072,SSD,2048.0,M.2-2280,M.2 PCIe 4.0 X4
Seagate Exos X20,7596.6,18000.0,0.021,7200,256.0,3.5,SATA 6.0 Gb/s
Toshiba P300,3155.0,3000.0,0.053,7200,64.0,3.5,SATA 6.0 Gb/s
Western Digital Blue,2259.79,3000.0,0.038,5400,64.0,3.5,SATA 6.0 Gb/s
Hitachi Ultrastar He12,5100.0,12000.0,0.021,7200,256.0,3.5,SATA 6.0 Gb/s
Seagate Barracuda Compute,2399.79,6000.0,0.02,5400,256.0,3.5,SATA 6.0 Gb/s
Western Digital Gold,5599.8,12000.0,0.023,7200,256.0,3.5,SATA 6.0 Gb/s
Seagate Barracuda Compute,1780.0,2000.0,0.045,5400,256.0,3.5,SATA 6.0 Gb/s
Toshiba HDKCC00,500.0,500.0,0.05,7200,16.0,2.5,SATA 6.0 Gb/s
Western Digital VelociRaptor,3999.8,600.0,0.333,10000,32.0,3.5,SATA 6.0 Gb/s
Western Digital Gold,5799.8,8000.0,0.036,7200,256.0,3.5,SATA 6.0 Gb/s
Seagate Exos 7E10 512e/4Kn,4679.8,10000.0,0.023,7200,256.0,3.5,SATA 6.0 Gb/s
Seagate IronWolf Pro,5479.8,10000.0,0.027,7200,256.0,3.5,SATA 6.0 Gb/s
Seagate IronWolf Pro,3100.0,4000.0,0.039,7200,128.0,3.5,SATA 6.0 Gb/s
Toshiba MG04ACA400N,2200.0,4000.0,0.028,7200,128.0,3.5,SATA 6.0 Gb/s
Seagate ST2000NX0253,2928.8,2000.0,0.073,7200,128.0,2.5,SATA 6.0 Gb/s
Samsung 860 Pro,4759.8,512.0,0.465,SSD,512.0,2.5,SATA 6.0 Gb/s
Western Digital Red,5488.2,10000.0,0.027,5400,256.0,3.5,SATA 6.0 Gb/s
Seagate EXOS Enterprise,4331.8,8000.0,0.027,7200,256.0,3.5,SATA 6.0 Gb/s
Toshiba N300 NAS,2499.79,4000.0,0.031,7200,512.0,3.5,SATA 6.0 Gb/s
Western Digital Caviar Blue,1579.0,500.0,0.158,7200,16.0,3.5,SATA 3.0 Gb/s
Seagate EE25.2,440.0,40.0,0.55,5400,8.0,2.5,SATA 3.0 Gb/s
Western Digital Red,2380.0,2000.0,0.06,5400,64.0,3.5,SATA 6.0 Gb/s
Toshiba S300,1670.2,2000.0,0.042,5400,128.0,3.5,SATA 6.0 Gb/s
Toshiba MQ04ABF100,980.0,1000.0,0.049,5400,128.0,2.5,SATA 6.0 Gb/s
Western Digital Ultrastar DC HC550,7713.0,14000.0,0.028,7200,512.0,3.5,SATA 6.0 Gb/s
Toshiba S300,3365.2,6000.0,0.028,5400,256.0,3.5,SATA 6.0 Gb/s
Western Digital Black,1199.8,500.0,0.12,7200,32.0,2.5,SATA 6.0 Gb/s
Western Digital Purple,4499.8,8000.0,0.028,7200,256.0,3.5,SATA 6.0 Gb/s
Western Digital Purple,1193.59,1000.0,0.06,5400,64.0,3.5,SATA 6.0 Gb/s
Western Digital Gold,5149.0,4000.0,0.064,7200,256.0,3.5,SATA 6.0 Gb/s
Western Digital AV-25,699.8,1000.0,0.035,5400,16.0,2.5,SATA 3.0 Gb/s
Western Digital Gold,1953.8,2000.0,0.049,7200,128.0,3.5,SATA 6.0 Gb/s
Seagate Exos X18,7271.2,12000.0,0.03,7200,256.0,3.5,SATA 6.0 Gb/s
Western Digital Red Plus,9199.79,14000.0,0.033,7200,512.0,3.5,SATA 6.0 Gb/s
Samsung MZ-75E4T0B,9999.79,4000.0,0.125,SSD,4096.0,2.5,SATA 6.0 Gb/s
Seagate IronWolf,1822.6,1000.0,0.091,5400,256.0,3.5,SATA 6.0 Gb/s
Samsung 860 Pro,4500.0,256.0,0.879,SSD,512.0,2.5,SATA 6.0 Gb/s
Western Digital Caviar Black,3029.2,2000.0,0.076,7200,64.0,3.5,SATA 6.0 Gb/s
Samsung 860 Evo,8122.2,2000.0,0.203,SSD,2048.0,M.2-2280,M.2 SATA
Seagate SkyHawk,1519.6,2000.0,0.038,5900,64.0,3.5,SATA 6.0 Gb/s
Seagate SkyHawk AI,3939.8,8000.0,0.025,7200,256.0,3.5,SATA 6.0 Gb/s
Western Digital Red Plus,5200.0,8000.0,0.033,7200,256.0,3.5,SATA 6.0 Gb/s
Western Digital Purple Surveillance,1799.8,3000.0,0.03,5400,256.0,3.5,SATA 6.0 Gb/s
Western Digital WD Red Pro,6200.0,10000.0,0.031,7200,256.0,3.5,SATA 6.0 Gb/s
Seagate EXOS Enterprise,3199.8,4000.0,0.04,7200,256.0,3.5,SATA 6.0 Gb/s
Western Digital Red Plus,2700.0,4000.0,0.034,5400,128.0,3.5,SATA 6.0 Gb/s
Seagate Barracuda Green,1813.4,2000.0,0.045,5900,64.0,3.5,SATA 6.0 Gb/s
Seagate IronWolf NAS,5149.0,10000.0,0.026,7200,256.0,3.5,SATA 6.0 Gb/s
Toshiba P300,1703.6,2000.0,0.043,5400,128.0,3.5,SATA 6.0 Gb/s
Western Digital Black,5739.8,6000.0,0.048,7200,128.0,3.5,SATA 6.0 Gb/s
Western Digital Red,5140.0,8000.0,0.032,5400,256.0,3.5,SATA 6.0 Gb/s
Toshiba P300,1716.4,2000.0,0.043,5400,256.0,3.5,SATA 6.0 Gb/s
Western Digital VelociRaptor,3799.0,300.0,0.633,10000,16.0,3.5,SATA 3.0 Gb/s
Western Digital Black,1299.8,1000.0,0.065,7200,32.0,2.5,SATA 6.0 Gb/s
Western Digital Caviar Blue,1179.8,640.0,0.092,7200,16.0,3.5,SATA 3.0 Gb/s
Seagate SkyHawk Surveillance +Rescue,3839.6,8000.0,0.024,5400,256.0,3.5,SATA 6.0 Gb/s
Seagate Exos 7E8 512e,5345.8,8000.0,0.033,7200,256.0,3.5,SATA 6.0 Gb/s
Hitachi Ultrastar He10,5361.2,10000.0,0.027,7200,256.0,3.5,SATA 6.0 Gb/s
Seagate Enterprise,4959.8,8000.0,0.031,7200,256.0,3.5,SATA 6.0 Gb/s
Western Digital Gold,5817.79,6000.0,0.048,7200,256.0,3.5,SATA 6.0 Gb/s
Western Digital VelociRaptor,3940.0,150.0,1.313,10000,16.0,3.5,SATA 3.0 Gb/s
Toshiba N300 Pro,6979.8,18000.0,0.019,7200,512.0,3.5,SATA 6.0 Gb/s
Hitachi Ultrastar 7K3000,3028.8,2000.0,0.076,7200,64.0,3.5,SATA 6.0 Gb/s
Seagate Momentus 5400.6,899.8,250.0,0.18,5400,8.0,2.5,SATA 3.0 Gb/s
Toshiba N300 Pro,5899.8,16000.0,0.018,7200,512.0,3.5,SATA 6.0 Gb/s
Western Digital RE4,1300.0,1000.0,0.065,7200,64.0,3.5,SATA 3.0 Gb/s
Toshiba N300 NAS,3459.8,8000.0,0.022,7200,512.0,3.5,SATA 6.0 Gb/s
Western Digital Gold,1835.8,1000.0,0.092,7200,128.0,3.5,SATA 6.0 Gb/s
Toshiba N300 NAS,3899.8,10000.0,0.019,7200,512.0,3.5,SATA 6.0 Gb/s
Seagate Exos X14,4900.0,10000.0,0.025,7200,256.0,3.5,SATA 6.0 Gb/s
Western Digital Red Plus,5380.0,8000.0,0.034,5640,128.0,3.5,SATA 6.0 Gb/s
Seagate Constellation ES.3,1540.0,4000.0,0.019,7200,128.0,3.5,SAS 6.0 Gb/s
Toshiba P300,1366.2,500.0,0.137,7200,64.0,3.5,SATA 6.0 Gb/s
Western Digital AV-GP,980.0,1500.0,0.033,5400,32.0,3.5,SATA 3.0 Gb/s
Toshiba MG07ACA12TE,5980.0,12000.0,0.025,7200,256.0,3.5,SATA 6.0 Gb/s
Seagate Exos X18,5429.0,10000.0,0.027,7200,256.0,3.5,SATA 6.0 Gb/s
Western Digital VelociRaptor,1571.2,500.0,0.157,10000,64.0,3.5,SATA 6.0 Gb/s
Western Digital Purple Pro,5880.0,12000.0,0.025,7200,256.0,3.5,SATA 6.0 Gb/s
Western Digital Scorpio Blue,1780.0,80.0,1.113,5400,8.0,2.5,SATA 1.5 Gb/s
Western Digital Caviar Blue,1580.0,750.0,0.105,7200,32.0,3.5,SATA 6.0 Gb/s
Seagate Constellation ES,808.0,1000.0,0.04,7200,64.0,3.5,SATA 6.0 Gb/s
Mushkin Vortex Redline,3399.8,2000.0,0.085,SSD,1024.0,M.2-2280,M.2 PCIe 4.0 X4
Seagate IronWolf NAS,3351.39,3000.0,0.056,5400,256.0,3.5,SATA 6.0 Gb/s
Western Digital WDBSLA0040HNC-NRSN,2380.0,4000.0,0.03,7200,64.0,3.5,SATA 6.0 Gb/s
Western Digital Red,2540.0,2000.0,0.064,5400,256.0,3.5,SATA 6.0 Gb/s
Western Digital Caviar Blue,1974.4,1000.0,0.099,7200,32.0,3.5,SATA 6.0 Gb/s
Western Digital Caviar Blue,1512.0,250.0,0.302,7200,8.0,3.5,SATA 3.0 Gb/s
Western Digital Caviar Black,3110.8,500.0,0.311,7200,32.0,3.5,SATA 6.0 Gb/s
Seagate Enterprise Capacity,5495.0,10000.0,0.027,7200,256.0,3.5,SATA 6.0 Gb/s
Western Digital Purple,1500.0,2000.0,0.037,5400,64.0,3.5,SATA 6.0 Gb/s
Western Digital Caviar Green,2120.0,1000.0,0.106,5400,32.0,3.5,SATA 3.0 Gb/s
Western Digital Blue,1299.8,2000.0,0.032,5400,64.0,3.5,SATA 6.0 Gb/s
Toshiba MG09 512e,6339.8,16000.0,0.02,7200,512.0,3.5,SATA 6.0 Gb/s
Western Digital RE,1149.8,1000.0,0.057,7200,64.0,3.5,SATA 6.0 Gb/s
Western Digital Blue,3170.0,6000.0,0.026,5400,64.0,3.5,SATA 6.0 Gb/s
Western Digital Red,6689.0,10000.0,0.033,5400,256.0,3.5,SATA 6.0 Gb/s
Western Digital Black,3779.8,4000.0,0.047,7200,64.0,3.5,SATA 6.0 Gb/s
Seagate BarraCuda,2919.8,4000.0,0.036,5900,64.0,3.5,SATA 6.0 Gb/s
Toshiba X300 Pro,6488.8,16000.0,0.02,7200,512.0,3.5,SATA 6.0 Gb/s
Western Digital Purple,1919.8,4000.0,0.024,5400,64.0,3.5,SATA 6.0 Gb/s
Western Digital Blue,2099.79,6000.0,0.017,5400,64.0,3.5,SATA 6.0 Gb/s
Western Digital Caviar Green,1939.4,2000.0,0.048,5400,64.0,3.5,SATA 3.0 Gb/s
Hitachi 7K1000.C,1755.2,1000.0,0.088,7200,32.0,3.5,SATA 3.0 Gb/s
Hitachi A7K2000,579.79,500.0,0.058,7200,32.0,3.5,SATA 3.0 Gb/s
Seagate BarraCuda,1080.0,320.0,0.169,7200,16.0,3.5,SATA 6.0 Gb/s
Hitachi Travelstar Z5K500,3000.0,500.0,0.3,5400,8.0,2.5,SATA 3.0 Gb/s
Seagate BarraCuda,4991.6,3000.0,0.083,5400,128.0,2.5,SATA 6.0 Gb/s
Seagate ST4000NM0024,2569.8,4000.0,0.032,7200,128.0,3.5,SATA 6.0 Gb/s
Toshiba MG04ACA200E,2955.0,2000.0,0.074,7200,128.0,3.5,SATA 6.0 Gb/s
Western Digital Gold,2959.8,4000.0,0.037,7200,128.0,3.5,SATA 6.0 Gb/s
Western Digital Red,2900.0,3000.0,0.048,5400,256.0,3.5,SATA 6.0 Gb/s
Western Digital Caviar Green,1699.8,2000.0,0.042,5400,64.0,3.5,SATA 6.0 Gb/s
Western Digital Red,2495.8,1000.0,0.125,5400,16.0,2.5,SATA 6.0 Gb/s
Seagate BarraCuda,2571.6,500.0,0.257,7200,32.0,3.5,SATA 3.0 Gb/s
Seagate Enterprise Capacity,2500.0,2000.0,0.062,7200,128.0,3.5,SATA 6.0 Gb/s
Toshiba MQ04ABD200,1499.8,2000.0,0.037,5400,128.0,2.5,SATA 6.0 Gb/s
Toshiba X300,5107.79,8000.0,0.032,7200,128.0,3.5,SATA 6.0 Gb/s
Seagate SkyHawk Surveillance,4999.8,10000.0,0.025,7200,256.0,3.5,SATA 6.0 Gb/s
Seagate BarraCuda,2520.0,750.0,0.168,7200,32.0,3.5,SATA 3.0 Gb/s
Western Digital Black,1300.0,750.0,0.087,7200,16.0,2.5,SATA 6.0 Gb/s
Western Digital WD Red Pro,5389.8,12000.0,0.022,7200,256.0,3.5,SATA 6.0 Gb/s
Western Digital Purple Pro,5078.8,10000.0,0.025,7200,256.0,3.5,SATA 6.0 Gb/s
Western Digital Red,3580.0,6000.0,0.03,5400,256.0,3.5,SATA 6.0 Gb/s
Western Digital Red Plus,3365.8,6000.0,0.028,5400,64.0,3.5,SATA 6.0 Gb/s
Seagate IronWolf NAS,3999.8,6000.0,0.033,5400,256.0,3.5,SATA 6.0 Gb/s
Hitachi Deskstar 7K2000,1422.8,2000.0,0.036,7200,32.0,3.5,SATA 3.0 Gb/s
Western Digital Purple Pro,7559.8,18000.0,0.021,7200,512.0,3.5,SATA 6.0 Gb/s
Western Digital WDBMMA0030HNC-NRSN,1399.6,3000.0,0.023,5400,64.0,3.5,SATA 6.0 Gb/s
Seagate Exos X18,8041.4,16000.0,0.025,7200,256.0,3.5,SAS 12.0 Gb/s
Western Digital Gold,5999.8,14000.0,0.021,7200,512.0,3.5,SATA 6.0 Gb/s
Toshiba MG07ACA14TE,5980.0,14000.0,0.021,7200,256.0,3.5,SATA 6.0 Gb/s
Western Digital Caviar Blue,2262.4,1000.0,0.113,7200,32.0,3.5,SATA 3.0 Gb/s
Western Digital AV-GP,999.0,160.0,0.312,5400,8.0,3.5,SATA 3.0 Gb/s
Seagate BarraCuda,1480.0,500.0,0.148,7200,16.0,3.5,SATA 3.0 Gb/s
Seagate IronWolf Pro,5100.0,8000.0,0.032,7200,256.0,3.5,SATA 6.0 Gb/s
Toshiba N300,9799.79,16000.0,0.031,7200,512.0,3.5,SATA 6.0 Gb/s
Toshiba N300 NAS,6980.0,20000.0,0.017,7200,512.0,3.5,SATA 6.0 Gb/s
Seagate SkyHawk AI,4799.8,10000.0,0.024,7200,256.0,3.5,SATA 6.0 Gb/s
Toshiba L200,1703.8,2000.0,0.043,5400,128.0,2.5,SATA 6.0 Gb/s
Nextorage NN5PRO,7999.8,2000.0,0.2,SSD,4096.0,M.2-2280,M.2 PCIe 4.0 X8
Hitachi Ultrastar 7K6000,12930.8,6000.0,0.108,7200,128.0,3.5,SATA 6.0 Gb/s
Seagate Exos 7E8,3392.8,4000.0,0.042,7200,256.0,3.5,SATA 6.0 Gb/s
Toshiba N300,3499.8,8000.0,0.022,7200,256.0,3.5,SATA 6.0 Gb/s
Seagate Enterprise,3859.4,6000.0,0.032,7200,128.0,3.5,SAS 12.0 Gb/s
Seagate Enterprise Capacity,3435.0,8000.0,0.021,7200,256.0,3.5,SAS 6.0 Gb/s
Seagate Exos 7E8,1819.19,3000.0,0.03,7200,256.0,3.5,SATA 6.0 Gb/s
Western Digital Red Plus,3340.0,6000.0,0.028,5640,128.0,3.5,SATA 6.0 Gb/s
Seagate BarraCuda Pro,3700.0,6000.0,0.031,7200,128.0,3.5,SATA 6.0 Gb/s
Seagate Enterprise,7980.0,12000.0,0.033,7200,256.0,3.5,SATA 6.0 Gb/s
Western Digital Caviar Blue,1699.0,320.0,0.265,7200,8.0,3.5,PATA 100
Seagate SkyHawk Surveillance,4311.8,8000.0,0.027,7200,256.0,3.5,SATA 6.0 Gb/s
Seagate BarraCuda,1700.0,320.0,0.266,7200,16.0,3.5,SATA 3.0 Gb/s
Western Digital Purple,1799.8,3000.0,0.03,5400,64.0,3.5,SATA 6.0 Gb/s
Hitachi Ultrastar He8,6500.0,8000.0,0.041,7200,128.0,3.5,SATA 6.0 Gb/s
Seagate Momentus 7200.4,900.0,500.0,0.09,7200,16.0,2.5,SATA 3.0 Gb/s
Western Digital Green,2304.79,2000.0,0.058,5900,8.0,2.5,SATA 6.0 Gb/s
Western Digital Purple,1980.0,4000.0,0.025,5400,64.0,3.5,SATA 6.0 Gb/s
Seagate IronWolf Pro,5479.8,10000.0,0.027,7200,256.0,3.5,SATA 6.0 Gb/s
Seagate Exos X10,20180.0,10000.0,0.101,7200,256.0,3.5,SAS 12.0 Gb/s
Western Digital Purple Pro,8999.79,22000.0,0.02,7200,512.0,3.5,SATA 6.0 Gb/s
Hitachi 0F27406,2780.0,8000.0,0.017,7200,256.0,3.5,SAS 12.0 Gb/s
Western Digital Purple,5980.0,12000.0,0.025,7200,256.0,3.5,SATA 6.0 Gb/s
Western Digital WD Red Pro,2799.8,4000.0,0.035,7200,256.0,3.5,SATA 6.0 Gb/s
Toshiba L200,1276.0,1000.0,0.064,5400,128.0,2.5,SATA 6.0 Gb/s
Seagate SkyHawk Surveillance +Rescue,2999.8,6000.0,0.025,5400,256.0,3.5,SATA 6.0 Gb/s
Seagate BarraCuda,1139.8,500.0,0.114,5400,128.0,2.5,SATA 6.0 Gb/s
Seagate Barracuda LP,2179.6,2000.0,0.054,5900,32.0,3.5,SATA 3.0 Gb/s
Seagate Momentus 7200.4,459.0,160.0,0.143,7200,16.0,2.5,SATA 3.0 Gb/s
Seagate ST1000NX0313,1168.8,1000.0,0.058,7200,128.0,2.5,SATA 6.0 Gb/s
Seagate ST4000LM016,3100.0,4000.0,0.039,5400,128.0,2.5,SATA 6.0 Gb/s
Toshiba N300 NAS,4379.8,12000.0,0.018,7200,512.0,3.5,SATA 6.0 Gb/s
Hitachi Travelstar,1700.0,1000.0,0.085,7200,32.0,2.5,SATA 6.0 Gb/s
Western Digital Blue,1599.6,3000.0,0.027,5400,256.0,3.5,SATA 6.0 Gb/s
Seagate BarraCuda Pro,4829.8,8000.0,0.03,7200,256.0,3.5,SATA 6.0 Gb/s
Western Digital Purple,4118.0,8000.0,0.026,5640,128.0,3.5,SATA 6.0 Gb/s
Western Digital WD Red Pro,5089.0,8000.0,0.032,7200,256.0,3.5,SATA 6.0 Gb/s
Seagate Exos X18,9114.19,18000.0,0.025,7200,256.0,3.5,SATA 6.0 Gb/s
Western Digital Caviar Black,1579.0,1000.0,0.079,7200,32.0,3.5,SATA 3.0 Gb/s
Western Digital Red Plus,2120.0,2000.0,0.053,5400,128.0,3.5,SATA 6.0 Gb/s
Western Digital WD Red Pro,9999.79,24000.0,0.021,7200,512.0,3.5,SATA 6.0 Gb/s
Seagate Momentus 5400.6,660.0,320.0,0.103,5400,8.0,2.5,SATA 3.0 Gb/s
Toshiba MK5061GSYN,1160.0,500.0,0.116,7200,16.0,2.5,SATA 3.0 Gb/s
Toshiba PH3500U-1I72,3580.0,5000.0,0.036,7200,128.0,3.5,SATA 6.0 Gb/s
Patriot VPN100,6344.0,1000.0,0.317,SSD,512.0,M.2-2280,M.2 PCIe 3.0 X4
Patriot VPN100,6923.8,2000.0,0.173,SSD,512.0,M.2-2280,M.2 PCIe 3.0 X4
Western Digital Purple,1379.6,2000.0,0.034,5400,64.0,3.5,SATA 6.0 Gb/s
Western Digital Scorpio Blue,386.4,250.0,0.077,5400,8.0,2.5,SATA 3.0 Gb/s
Seagate Enterprise Capacity,2199.79,4000.0,0.027,7200,128.0,3.5,SATA 6.0 Gb/s
Toshiba N300 NAS,5699.8,16000.0,0.018,7200,512.0,3.5,SATA 6.0 Gb/s
Western Digital RE,2099.79,3000.0,0.035,7200,64.0,3.5,SATA 6.0 Gb/s
Toshiba P300,3438.0,6000.0,0.029,5400,128.0,3.5,SATA 6.0 Gb/s
Seagate Constellation ES,1159.8,1000.0,0.058,7200,32.0,3.5,SATA 3.0 Gb/s
Seagate SkyHawk,2699.8,4000.0,0.034,5900,64.0,3.5,SATA 6.0 Gb/s
Seagate Exos X14,6181.4,12000.0,0.026,7200,256.0,3.5,SATA 6.0 Gb/s
Western Digital VelociRaptor,2978.8,300.0,0.496,10000,16.0,3.5,SATA 3.0 Gb/s
Hitachi 7K1000.C,5247.2,250.0,1.049,7200,8.0,3.5,SATA 3.0 Gb/s
Western Digital AV-GP,379.6,250.0,0.076,5400,16.0,3.5,SATA 3.0 Gb/s
Western Digital RE,800.0,250.0,0.16,7200,64.0,3.5,SATA 6.0 Gb/s
Western Digital SE,2060.0,1000.0,0.103,7200,128.0,3.5,SATA 6.0 Gb/s
Seagate Enterprise Capacity,4402.2,6000.0,0.037,7200,256.0,3.5,SATA 6.0 Gb/s
Seagate Enterprise Capacity,15980.0,8000.0,0.1,7200,256.0,3.5,SATA 6.0 Gb/s
Seagate Exos 7E10 512e/4Kn,3520.4,4000.0,0.044,7200,256.0,3.5,SATA 6.0 Gb/s
Hitachi 0B36040,3056.39,4000.0,0.038,7200,256.0,3.5,SATA 6.0 Gb/s
Hitachi 0F14683,2713.8,4000.0,0.034,7200,64.0,3.5,SATA 6.0 Gb/s
Toshiba X300,4769.39,6000.0,0.04,7200,256.0,3.5,SATA 6.0 Gb/s
Western Digital RE4,687.8,500.0,0.069,7200,64.0,3.5,SATA 3.0 Gb/s
Western Digital Black,5399.8,6000.0,0.045,7200,128.0,3.5,SATA 6.0 Gb/s
Seagate SkyHawk,4437.0,6000.0,0.037,5900,256.0,3.5,SATA 6.0 Gb/s
Western Digital RE3,499.79,250.0,0.1,7200,16.0,3.5,SATA 3.0 Gb/s
Seagate Cheetah 15K.7,1960.6,600.0,0.163,15000,16.0,3.5,SAS 6.0 Gb/s
Seagate ST4000NC001,2538.19,4000.0,0.032,5900,64.0,3.5,SATA 6.0 Gb/s
Western Digital Blue,1494.6,3000.0,0.025,5400,32.0,3.5,SATA 3.0 Gb/s
Hitachi Deskstar NAS,4999.8,8000.0,0.031,7200,128.0,3.5,SATA 6.0 Gb/s
Toshiba X300,10587.2,8000.0,0.066,7200,256.0,3.5,SATA 6.0 Gb/s
Toshiba X300,9194.0,16000.0,0.029,7200,512.0,3.5,SATA 6.0 Gb/s
Seagate Barracuda ES.2,2210.0,250.0,0.442,7200,32.0,3.5,SATA 3.0 Gb/s
Seagate Exos X18,6649.0,10000.0,0.033,7200,512.0,3.5,SATA 6.0 Gb/s
Seagate Exos X24,6980.0,12000.0,0.029,7200,512.0,3.5,SAS 12.0 Gb/s
Samsung Spinpoint F1 DT,1455.0,640.0,0.114,7200,16.0,3.5,SATA 3.0 Gb/s
Seagate SV35.5,1799.0,500.0,0.18,5900,16.0,3.5,SATA 3.0 Gb/s
Western Digital Caviar Green,4580.0,3000.0,0.076,5400,64.0,3.5,SATA 3.0 Gb/s
Western Digital WDBSLA0020HNC-NRSN,1316.6,2000.0,0.033,7200,64.0,3.5,SATA 6.0 Gb/s
Seagate Exos 7E10 512n,3420.8,2000.0,0.086,7200,256.0,3.5,SATA 6.0 Gb/s
Western Digital Blue Mobile,939.8,500.0,0.094,5400,128.0,2.5,SATA 6.0 Gb/s
Seagate SkyHawk AI,4999.0,14000.0,0.018,7200,256.0,3.5,SATA 6.0 Gb/s
Seagate SkyHawk AI,4599.59,10000.0,0.023,7200,256.0,3.5,SATA 6.0 Gb/s
Western Digital WD Red Pro,5400.0,4000.0,0.068,7200,128.0,3.5,SATA 6.0 Gb/s
Western Digital Scorpio Blue,1080.0,750.0,0.072,5400,8.0,2.5,SATA 3.0 Gb/s
Samsung Spinpoint M8,1400.0,1000.0,0.07,5400,8.0,2.5,SATA 3.0 Gb/s
Seagate SkyHawk,4789.0,10000.0,0.024,7200,256.0,3.5,SATA 6.0 Gb/s
Seagate SkyHawk AI,5399.8,12000.0,0.022,7200,256.0,3.5,SATA 6.0 Gb/s
Seagate Exos X18,8198.2,16000.0,0.026,7200,256.0,3.5,SATA 6.0 Gb/s
Toshiba MG04ACA100N,2214.0,1000.0,0.111,7200,128.0,3.5,SATA 6.0 Gb/s
Seagate IronWolf NAS,4322.2,1000.0,0.216,5900,64.0,3.5,SATA 6.0 Gb/s
Western Digital Purple,1920.0,3000.0,0.032,5400,64.0,3.5,SATA 6.0 Gb/s
Western Digital Caviar Black,2925.4,1500.0,0.098,7200,64.0,3.5,SATA 3.0 Gb/s
Western Digital WDBMYH0010BNC-NRSN,989.8,1000.0,0.049,5400,8.0,2.5,SATA 3.0 Gb/s
Western Digital Purple,9889.0,18000.0,0.027,7200,512.0,3.5,SATA 6.0 Gb/s
Toshiba X300 Pro,7106.0,10000.0,0.036,7200,512.0,3.5,SATA 6.0 Gb/s
Western Digital WD Red Pro,8399.79,20000.0,0.021,7200,512.0,3.5,SATA 6.0 Gb/s
Seagate Exos X18,7199.8,18000.0,0.02,7200,256.0,3.5,SAS 12.0 Gb/s
Toshiba X300 Pro,5899.8,14000.0,0.021,7200,512.0,3.5,SATA 6.0 Gb/s
Western Digital Purple Pro,4799.59,8000.0,0.03,7200,256.0,3.5,SATA 6.0 Gb/s
Toshiba MG09 512e,5799.8,12000.0,0.024,7200,512.0,3.5,SATA 6.0 Gb/s
Toshiba N300,5799.8,8000.0,0.036,7200,256.0,3.5,SATA 6.0 Gb/s
Western Digital Black,999.8,500.0,0.1,7200,64.0,3.5,SATA 6.0 Gb/s
Seagate Exos X18,6987.4,12000.0,0.029,7200,512.0,3.5,SATA 6.0 Gb/s
Western Digital Purple,2799.8,6000.0,0.023,5400,64.0,3.5,SATA 6.0 Gb/s
Seagate SkyHawk AI,4835.0,10000.0,0.024,7200,256.0,3.5,SATA 6.0 Gb/s
Western Digital Caviar Green,3599.0,1500.0,0.12,5400,64.0,3.5,SATA 3.0 Gb/s
Western Digital Scorpio Blue,925.8,160.0,0.289,5400,8.0,2.5,SATA 1.5 Gb/s
Seagate BarraCuda,1119.0,160.0,0.35,7200,8.0,3.5,SATA 3.0 Gb/s
Seagate Barracuda LP,2708.8,1000.0,0.135,5900,32.0,3.5,SATA 3.0 Gb/s
Hitachi 0J11561,784.0,500.0,0.078,5400,8.0,2.5,SATA 3.0 Gb/s
Western Digital AV-25,448.0,320.0,0.07,5400,16.0,2.5,SATA 3.0 Gb/s
Western Digital AV-GP,520.0,160.0,0.163,5400,16.0,3.5,SATA 3.0 Gb/s
Toshiba PH3400U-1I72,3180.0,4000.0,0.04,7200,128.0,3.5,SATA 6.0 Gb/s
Seagate SkyHawk,4000.0,8000.0,0.025,5900,256.0,3.5,SATA 6.0 Gb/s
Western Digital Purple,4477.79,8000.0,0.028,5400,128.0,3.5,SATA 6.0 Gb/s
Western Digital Purple,4382.0,8000.0,0.027,5400,256.0,3.5,SATA 6.0 Gb/s
Toshiba N300,4107.6,6000.0,0.034,7200,256.0,3.5,SATA 6.0 Gb/s
Toshiba N300 Pro,5379.8,12000.0,0.022,7200,512.0,3.5,SATA 6.0 Gb/s
Western Digital RE,1427.4,2000.0,0.036,7200,128.0,3.5,SATA 6.0 Gb/s
Seagate SkyHawk AI,6399.8,16000.0,0.02,7200,256.0,3.5,SATA 6.0 Gb/s
Western Digital Purple Pro,6499.0,14000.0,0.023,7200,512.0,3.5,SATA 6.0 Gb/s
Toshiba X300 Pro,5499.8,12000.0,0.023,7200,512.0,3.5,SATA 6.0 Gb/s
Seagate SkyHawk Surveillance +Rescue,2370.2,3000.0,0.04,5400,256.0,3.5,SATA 6.0 Gb/s
Western Digital Scorpio Black,815.0,320.0,0.127,7200,16.0,2.5,SATA 3.0 Gb/s
Seagate Exos X18,8704.79,14000.0,0.031,7200,256.0,3.5,SATA 6.0 Gb/s
Hitachi A7K1000-1000,1215.0,1000.0,0.061,7200,32.0,3.5,SATA 3.0 Gb/s
Seagate ST1000NX0373,1320.0,1000.0,0.066,7200,128.0,2.5,SAS 12.0 Gb/s
Seagate Enterprise Performance,1739.6,1200.0,0.072,10000,128.0,3.5,SAS 12.0 Gb/s
Toshiba MK2576GSX,514.79,250.0,0.103,5400,8.0,2.5,SATA 3.0 Gb/s
Toshiba MK7559GSXP,1250.0,750.0,0.083,5400,8.0,2.5,SATA 3.0 Gb/s
Western Digital RE,780.0,500.0,0.078,7200,64.0,3.5,SATA 6.0 Gb/s
Western Digital RE,2900.0,5000.0,0.029,7200,128.0,3.5,SATA 6.0 Gb/s
Western Digital Scorpio Blue,1180.0,160.0,0.369,5400,8.0,2.5,SATA 3.0 Gb/s
Seagate Barracuda ES,2550.0,1000.0,0.128,7200,32.0,3.5,SATA 3.0 Gb/s
Seagate SV35.5,3185.2,2000.0,0.08,7200,64.0,3.5,SATA 6.0 Gb/s
Western Digital AV-GP,393.4,320.0,0.061,5400,16.0,3.5,SATA 3.0 Gb/s
Western Digital SE,2700.0,3000.0,0.045,7200,64.0,3.5,SATA 6.0 Gb/s
Hitachi Travelstar,999.8,1000.0,0.05,5400,8.0,2.5,SATA 6.0 Gb/s
Western Digital WD Red Pro,2540.0,2000.0,0.064,7200,64.0,3.5,SATA 6.0 Gb/s
Seagate SkyHawk,3980.0,3000.0,0.066,5900,64.0,3.5,SATA 6.0 Gb/s
Seagate SkyHawk Surveillance,3087.2,6000.0,0.026,5400,256.0,3.5,SATA 6.0 Gb/s
Western Digital Purple,2977.6,6000.0,0.025,5640,128.0,3.5,SATA 6.0 Gb/s
Toshiba MG09 512e,5279.0,10000.0,0.026,7200,512.0,3.5,SATA 6.0 Gb/s
Hitachi Ultrastar He10,3939.8,10000.0,0.02,7200,256.0,3.5,SAS 12.0 Gb/s
Seagate Constellation ES,1100.0,2000.0,0.028,7200,64.0,3.5,SAS 6.0 Gb/s
Toshiba N300 Pro,5899.8,14000.0,0.021,7200,512.0,3.5,SATA 6.0 Gb/s
Toshiba N300 NAS,3163.0,6000.0,0.026,7200,512.0,3.5,SATA 6.0 Gb/s
Seagate Constellation CS,2913.6,3000.0,0.049,7200,64.0,3.5,SATA 6.0 Gb/s
Seagate Exos 7E10 512e/4Kn,4119.8,6000.0,0.034,7200,256.0,3.5,SATA 6.0 Gb/s
Western Digital Scorpio Blue,1579.0,250.0,0.316,5400,8.0,2.5,SATA 3.0 Gb/s
Western Digital Gold,7514.0,10000.0,0.038,7200,256.0,3.5,SATA 6.0 Gb/s
Western Digital Gold,5950.0,8000.0,0.037,7200,256.0,3.5,SATA 6.0 Gb/s
Seagate SkyHawk AI,4276.8,8000.0,0.027,7200,256.0,3.5,SATA 6.0 Gb/s
Seagate Exos 7E10 512n,3857.4,4000.0,0.048,7200,256.0,3.5,SATA 6.0 Gb/s
Western Digital Scorpio Blue,535.79,80.0,0.335,5400,8.0,2.5,SATA 3.0 Gb/s
Hitachi 7K1000.C,4599.0,750.0,0.307,7200,32.0,3.5,SATA 3.0 Gb/s
Hitachi E7K1000,1400.0,500.0,0.14,7200,32.0,3.5,SATA 3.0 Gb/s
Seagate BarraCuda,2998.8,2000.0,0.075,5900,32.0,3.5,SATA 3.0 Gb/s
Seagate Barracuda XT,2364.6,2000.0,0.059,7200,64.0,3.5,SATA 6.0 Gb/s
Western Digital Caviar Green,2998.8,500.0,0.3,5400,16.0,3.5,SATA 3.0 Gb/s
Hitachi Travelstar Z7K320,1122.0,250.0,0.224,7200,16.0,2.5,SATA 3.0 Gb/s
Seagate BarraCuda,1180.0,320.0,0.184,7200,16.0,3.5,SATA 6.0 Gb/s
Western Digital WDBMMA0010HNC-NRSN,980.0,1000.0,0.049,5400,64.0,3.5,SATA 6.0 Gb/s
Seagate Constellation ES,1060.0,1000.0,0.053,7200,16.0,3.5,SAS 3.0 Gb/s
Hitachi Ultrastar 7K6000,3168.8,6000.0,0.026,7200,128.0,3.5,SAS 12.0 Gb/s
Seagate IronWolf NAS,4668.8,3000.0,0.078,5900,64.0,3.5,SATA 6.0 Gb/s
Seagate Barracuda 7200.9,1400.0,160.0,0.438,7200,8.0,3.5,SATA 6.0 Gb/s
Western Digital WD Red Pro,6542.0,10000.0,0.033,7200,256.0,3.5,SATA 6.0 Gb/s
Toshiba X300,5980.0,12000.0,0.025,7200,256.0,3.5,SATA 6.0 Gb/s
Seagate ST500VM000,728.0,500.0,0.073,5900,64.0,3.5,SATA 6.0 Gb/s
Seagate EXOS Enterprise,5429.0,6000.0,0.045,7200,256.0,3.5,SATA 6.0 Gb/s
Western Digital Purple,6720.0,14000.0,0.024,7200,512.0,3.5,SATA 6.0 Gb/s
Toshiba MG06ACA800E,5599.8,8000.0,0.035,7200,256.0,3.5,SATA 6.0 Gb/s
Western Digital Red Plus,2699.8,3000.0,0.045,5400,128.0,3.5,SATA 6.0 Gb/s
Seagate Constellation.2,1000.0,1000.0,0.05,7200,64.0,2.5,SAS 6.0 Gb/s
Seagate ST6000NM0014,2700.0,6000.0,0.022,7200,128.0,3.5,SAS 12.0 Gb/s
Western Digital Black,1080.0,320.0,0.169,7200,16.0,2.5,SATA 6.0 Gb/s
Western Digital WD Red Pro,5929.8,6000.0,0.049,7200,128.0,3.5,SATA 6.0 Gb/s
Seagate Enterprise Performance,4549.0,600.0,0.379,15000,256.0,2.5,SAS 12.0 Gb/s
Nextorage NN5PRO,4799.8,1000.0,0.24,SSD,2048.0,M.2-2280,M.2 PCIe 4.0 X8
Seagate Momentus,699.8,500.0,0.07,5400,8.0,2.5,SATA 3.0 Gb/s
Western Digital Green,1600.0,1000.0,0.08,5400,64.0,3.5,SATA 3.0 Gb/s
Seagate ST4000VX000,3159.8,4000.0,0.039,5900,64.0,3.5,SATA 6.0 Gb/s
Seagate BarraCuda,2092.8,500.0,0.209,7200,16.0,3.5,PATA 100
Western Digital Purple,5380.0,10000.0,0.027,5400,256.0,3.5,SATA 6.0 Gb/s
Western Digital WD Red Pro,4779.8,6000.0,0.04,7200,256.0,3.5,SATA 6.0 Gb/s
Seagate Enterprise Performance,3340.0,1800.0,0.093,10000,256.0,3.5,SAS 12.0 Gb/s
Seagate Enterprise Performance,5156.39,2400.0,0.107,10000,256.0,2.5,SAS 12.0 Gb/s
Plextor M8VC,2019.8,128.0,0.789,SSD,256.0,2.5,SATA 6.0 Gb/s
Hitachi Ultrastar He10,5859.8,8000.0,0.037,7200,256.0,3.5,SATA 6.0 Gb/s
Western Digital Caviar Blue,1000.0,320.0,0.156,7200,8.0,3.5,SATA 3.0 Gb/s
Western Digital Caviar Green,880.0,500.0,0.088,5400,16.0,3.5,SATA 3.0 Gb/s
Western Digital Scorpio Black,799.0,160.0,0.25,7200,16.0,2.5,SATA 3.0 Gb/s
Seagate BarraCuda,1499.6,500.0,0.15,7200,16.0,3.5,SATA 3.0 Gb/s
Seagate Momentus XT,3750.0,500.0,0.375,7200,32.0,2.5,SATA 3.0 Gb/s
Western Digital Black,995.0,500.0,0.099,7200,16.0,2.5,SATA 6.0 Gb/s
Western Digital Green,4772.79,6000.0,0.04,5400,64.0,3.5,SATA 6.0 Gb/s
Western Digital Blue,2998.8,500.0,0.3,7200,8.0,3.5,SATA 3.0 Gb/s
Western Digital Gold,5490.0,6000.0,0.046,7200,128.0,3.5,SATA 6.0 Gb/s
Western Digital Gold,7889.0,8000.0,0.049,7200,128.0,3.5,SATA 6.0 Gb/s
Toshiba S300,2259.79,4000.0,0.028,5400,128.0,3.5,SATA 6.0 Gb/s
Seagate Exos 7E8,1980.0,1000.0,0.099,7200,256.0,3.5,SATA 6.0 Gb/s
Western Digital WD Red Pro,4319.8,4000.0,0.054,7200,64.0,3.5,SATA 6.0 Gb/s
Seagate Exos 7E10 512n,4946.8,6000.0,0.041,7200,256.0,3.5,SATA 6.0 Gb/s
Hitachi HUC101212CSS600,1180.0,1200.0,0.049,10000,64.0,2.5,SAS 6.0 Gb/s
Seagate Exos 7E8,2539.4,2000.0,0.063,7200,256.0,3.5,SATA 6.0 Gb/s
Seagate Exos 7E10 512e/4Kn,1900.0,2000.0,0.048,7200,256.0,3.5,SATA 6.0 Gb/s
Seagate Momentus LP,999.59,1000.0,0.05,5400,8.0,2.5,SATA 3.0 Gb/s
Seagate SkyHawk AI,5399.8,12000.0,0.022,7200,256.0,3.5,SATA 6.0 Gb/s
Toshiba N300,4199.8,4000.0,0.052,7200,256.0,3.5,SATA 6.0 Gb/s
Toshiba S300 Pro,5595.0,8000.0,0.035,7200,256.0,3.5,SATA 6.0 Gb/s
Western Digital RE3,1014.0,500.0,0.101,7200,16.0,3.5,SATA 3.0 Gb/s
Samsung Spinpoint MP4,629.79,250.0,0.126,7200,16.0,2.5,SATA 3.0 Gb/s
Seagate Momentus,5400.0,640.0,0.422,5400,8.0,2.5,SATA 3.0 Gb/s
Seagate Momentu,839.8,500.0,0.084,7200,16.0,2.5,SATA 3.0 Gb/s
Seagate Barracuda Green,4900.0,1500.0,0.163,5900,64.0,3.5,SATA 6.0 Gb/s
Hitachi Travelstar 7K500,1620.6,320.0,0.253,7200,16.0,2.5,SATA 3.0 Gb/s
Western Digital Scorpio Black,1600.0,500.0,0.16,7200,16.0,2.5,SATA 3.0 Gb/s
Seagate Constellation.2,980.0,250.0,0.196,7200,64.0,2.5,SATA 6.0 Gb/s
Western Digital Caviar Green,2998.8,3000.0,0.05,5400,64.0,3.5,SATA 3.0 Gb/s
Seagate BarraCuda,1426.0,250.0,0.285,7200,16.0,3.5,SATA 3.0 Gb/s
Western Digital Blue,2586.39,750.0,0.172,5400,8.0,2.5,SATA 6.0 Gb/s
Lenovo 0A89478,2852.0,3000.0,0.048,7200,32.0,3.5,SATA 6.0 Gb/s
Seagate ST500LT032,1115.4,500.0,0.112,5400,16.0,2.5,SATA 6.0 Gb/s
Seagate ST320LM010,1579.6,320.0,0.247,7200,32.0,2.5,SATA 6.0 Gb/s
Western Digital WDBH2D5000ENC-NRSN,700.0,500.0,0.07,7200,32.0,3.5,SATA 3.0 Gb/s
Seagate ST6000NM0104,3700.0,6000.0,0.031,7200,128.0,3.5,SATA 6.0 Gb/s
Western Digital Purple,5779.4,8000.0,0.036,5400,128.0,3.5,SATA 6.0 Gb/s
Seagate BarraCuda,5096.2,1000.0,0.255,7200,32.0,3.5,SATA 6.0 Gb/s
Western Digital Purple,2800.0,6000.0,0.023,5400,64.0,3.5,SATA 6.0 Gb/s
Toshiba MD04ACA600,9065.4,6000.0,0.076,7200,128.0,3.5,SATA 6.0 Gb/s
Seagate EXOS Enterprise,3959.8,2000.0,0.099,7200,256.0,3.5,SATA 6.0 Gb/s
Western Digital Ultrastar DC HC550,9897.79,18000.0,0.027,7200,512.0,3.5,SAS 12.0 Gb/s
Seagate Exos X24,7612.6,16000.0,0.024,7200,512.0,3.5,SAS 12.0 Gb/s
Toshiba N300,5699.8,14000.0,0.02,7200,512.0,3.5,SATA 6.0 Gb/s
Seagate ST4000NM0034,2280.0,4000.0,0.029,7200,128.0,3.5,SAS 12.0 Gb/s
Seagate Momentus 5400.3,1180.0,80.0,0.738,5400,8.0,2.5,PATA 44-Pin 100
Hitachi Deskstar 5K3000,2479.79,3000.0,0.041,5400,32.0,3.5,SATA 6.0 Gb/s
Seagate Constellation Product Series:ES.3,3960.0,4000.0,0.05,7200,128.0,3.5,SAS 6.0 Gb/s
Toshiba X300,6700.0,10000.0,0.034,7200,256.0,3.5,SATA 6.0 Gb/s
Western Digital VelociRaptor,1938.0,600.0,0.161,10000,32.0,2.5,SATA 6.0 Gb/s
Western Digital RE2-GP,1107.39,1000.0,0.055,7200,16.0,3.5,SATA 3.0 Gb/s
Western Digital Scorpio Black,1069.0,250.0,0.214,7200,16.0,2.5,SATA 3.0 Gb/s
Western Digital Scorpio Blue,3040.6,640.0,0.238,5400,8.0,2.5,SATA 3.0 Gb/s
Seagate Momentus 5400.6,2520.0,160.0,0.787,5400,8.0,2.5,SATA 3.0 Gb/s
Hitachi 0Y30055,1401.8,500.0,0.14,5400,8.0,2.5,SATA 3.0 Gb/s
Hitachi Travelstar 7K500,1682.0,500.0,0.168,7200,16.0,2.5,SATA 3.0 Gb/s
Seagate Momentus Thin,580.0,320.0,0.091,7200,16.0,2.5,SATA 3.0 Gb/s
Western Digital Scorpio Blue,2499.6,250.0,0.5,5400,8.0,2.5,SATA 3.0 Gb/s
Toshiba PH3300U-1I72,3180.0,3000.0,0.053,7200,64.0,3.5,SATA 6.0 Gb/s
Western Digital SE,2980.0,4000.0,0.037,7200,64.0,3.5,SATA 6.0 Gb/s
Western Digital Blue,1835.0,250.0,0.367,5400,8.0,2.5,SATA 6.0 Gb/s
Lenovo ThinkPad,1980.0,500.0,0.198,7200,32.0,2.5,SATA 3.0 Gb/s
Seagate Savvio 15K.3,3028.8,300.0,0.505,15000,64.0,2.5,SAS 6.0 Gb/s
Dell K054N,1722.2,600.0,0.144,10000,16.0,3.5,SAS 6.0 Gb/s
Seagate Enterprise NAS,7580.0,6000.0,0.063,7200,128.0,3.5,SATA 6.0 Gb/s
Seagate IronWolf,4560.0,6000.0,0.038,7200,128.0,3.5,SATA 6.0 Gb/s
Toshiba N300,6599.8,10000.0,0.033,7200,256.0,3.5,SATA 6.0 Gb/s
Seagate Enterprise Capacity,1260.0,1000.0,0.063,7200,128.0,2.5,SATA 6.0 Gb/s
Seagate Enterprise Performance,4239.8,1200.0,0.177,10000,256.0,3.5,SAS 12.0 Gb/s
Toshiba N300,7599.8,12000.0,0.032,7200,256.0,3.5,SATA 6.0 Gb/s
Seagate Enterprise Performance,2505.0,300.0,0.417,15000,256.0,2.5,SAS 12.0 Gb/s
Toshiba S300 Pro,4359.0,6000.0,0.036,7200,256.0,3.5,SATA 6.0 Gb/s
Mushkin Source,5987.79,2000.0,0.15,SSD,2048.0,2.5,SATA 6.0 Gb/s
Western Digital Purple,1100.0,500.0,0.11,5400,64.0,3.5,SATA 6.0 Gb/s
Western Digital Purple,5180.0,10000.0,0.026,7200,256.0,3.5,SATA 6.0 Gb/s
Toshiba MG05ACA800E,10398.4,8000.0,0.065,7200,128.0,3.5,SATA 6.0 Gb/s
Hitachi Ultrastar He10,6500.0,8000.0,0.041,7200,256.0,3.5,SATA 6.0 Gb/s
Western Digital Purple,5157.79,10000.0,0.026,7200,256.0,3.5,SATA 6.0 Gb/s
Toshiba MG06ACA600E,5409.4,6000.0,0.045,7200,256.0,3.5,SATA 6.0 Gb/s
Toshiba MG08ADA600E,4000.0,6000.0,0.033,7200,256.0,3.5,SATA 6.0 Gb/s
Seagate Exos X24,8999.79,20000.0,0.022,7200,512.0,3.5,SAS 12.0 Gb/s
Seagate ST2000NX0273,2702.6,2000.0,0.068,7200,128.0,2.5,SAS 12.0 Gb/s
Samsung Spinpoint M5,580.0,160.0,0.181,5400,8.0,2.5,PATA 44-Pin 100
Seagate Constellation ES.3,3377.4,1000.0,0.169,7200,128.0,3.5,SAS 6.0 Gb/s
Seagate Constellation ES,2826.39,500.0,0.283,7200,64.0,3.5,SAS 6.0 Gb/s
Seagate Enterprise,3270.0,6000.0,0.027,7200,128.0,3.5,SAS 12.0 Gb/s
Seagate ST3146356SS-IM,1360.0,146.0,0.466,15000,16.0,3.5,SAS 3.0 Gb/s
Seagate Momentus 7200.4,599.79,160.0,0.187,7200,16.0,2.5,SATA 3.0 Gb/s
Seagate Enterprise Capacity,5300.0,4000.0,0.066,7200,128.0,3.5,SAS 12.0 Gb/s
Seagate Enterprise Capacity,3980.0,6000.0,0.033,7200,256.0,3.5,SAS 12.0 Gb/s
Toshiba N300,8127.79,14000.0,0.029,7200,256.0,3.5,SATA 6.0 Gb/s
Toshiba S300 Pro,5599.0,10000.0,0.028,7200,256.0,3.5,SATA 6.0 Gb/s
Western Digital Ultrastar DC HC550,7520.0,16000.0,0.024,7200,512.0,3.5,SAS 12.0 Gb/s
Western Digital RE2,1959.0,750.0,0.131,7200,16.0,3.5,SATA 3.0 Gb/s
Western Digital RE2-GP,2998.8,750.0,0.2,7200,16.0,3.5,SATA 3.0 Gb/s
Western Digital Caviar Green,2978.8,750.0,0.199,5400,32.0,3.5,SATA 3.0 Gb/s
Seagate Barracuda ES.2,2230.0,750.0,0.149,7200,32.0,3.5,SATA 3.0 Gb/s
Hitachi A7K2000,1979.0,1000.0,0.099,7200,32.0,3.5,SATA 3.0 Gb/s
Seagate Constellation ES,1579.6,500.0,0.158,7200,32.0,3.5,SATA 3.0 Gb/s
Western Digital Caviar Green,1999.0,750.0,0.133,5400,64.0,3.5,SATA 3.0 Gb/s
Seagate Constellation,3028.8,160.0,0.947,7200,32.0,2.5,SATA 3.0 Gb/s
Seagate Momentus 7200.4,1100.0,320.0,0.172,7200,16.0,2.5,SATA 3.0 Gb/s
Western Digital AV-GP,2899.8,3000.0,0.048,5400,64.0,3.5,SATA 3.0 Gb/s
Seagate Momentus 5400.6,1501.0,500.0,0.15,5400,8.0,2.5,SATA 3.0 Gb/s
Seagate Momentus XT,1860.0,750.0,0.124,7200,32.0,2.5,SATA 6.0 Gb/s
Seagate Constellation ES.2,5251.6,2000.0,0.131,7200,64.0,3.5,SATA 6.0 Gb/s
Western Digital AV-25,1900.0,250.0,0.38,5400,16.0,2.5,SATA 3.0 Gb/s
Seagate Constellation ES.3,3579.6,4000.0,0.045,7200,128.0,3.5,SAS 6.0 Gb/s
Seagate Constellation ES.3,2480.0,3000.0,0.041,7200,128.0,3.5,SAS 6.0 Gb/s
Hitachi Ultrastar C10K900,1100.0,900.0,0.061,10000,64.0,2.5,SAS 6.0 Gb/s
Seagate Constellation ES,1735.0,2000.0,0.043,7200,16.0,3.5,SAS 6.0 Gb/s
Seagate Constellation ES.2,2480.0,3000.0,0.041,7200,64.0,3.5,SAS 6.0 Gb/s
Hitachi 0F18335,4939.0,6000.0,0.041,7200,64.0,3.5,SATA 6.0 Gb/s
Toshiba AL13SEB600,814.2,600.0,0.068,10500,64.0,2.5,SAS 6.0 Gb/s
Seagate ST2000NM0054,2500.0,2000.0,0.062,7200,128.0,3.5,SAS 12.0 Gb/s
Seagate ST2000NM0024,4740.0,2000.0,0.118,7200,128.0,3.5,SATA 6.0 Gb/s
Hitachi Travelstar Z7K500,3000.0,500.0,0.3,7200,32.0,2.5,SATA 6.0 Gb/s
Hitachi Ultrastar C10K1200,1679.8,1200.0,0.07,10000,64.0,2.5,SAS 6.0 Gb/s
Seagate ST600MM0158,1779.8,600.0,0.148,10000,128.0,2.5,SAS 12.0 Gb/s
Seagate ST900MM0128,2580.0,900.0,0.143,10000,128.0,2.5,SAS 12.0 Gb/s
Western Digital Black,1319.6,320.0,0.206,7200,32.0,2.5,SATA 6.0 Gb/s
Seagate ST1000NX0333,1500.0,1000.0,0.075,7200,128.0,2.5,SAS 12.0 Gb/s
Seagate ST2000NX0343,3900.0,2000.0,0.098,7200,128.0,2.5,SAS 12.0 Gb/s
Western Digital Purple NV,3100.0,6000.0,0.026,5400,64.0,3.5,SATA 6.0 Gb/s
Toshiba L200,1319.8,500.0,0.132,5400,8.0,2.5,SATA 3.0 Gb/s
Seagate Barracuda ES,1729.0,750.0,0.115,7200,16.0,3.5,SATA 6.0 Gb/s
Seagate Enterprise,7888.0,8000.0,0.049,7200,256.0,3.5,SAS 12.0 Gb/s
Hitachi Ultrastar,2980.0,1800.0,0.083,10500,128.0,2.5,SAS 12.0 Gb/s
Hitachi Ultrastar,4500.0,6000.0,0.037,7200,128.0,3.5,SAS 12.0 Gb/s
Hitachi 0F22941,3500.0,4000.0,0.044,7200,128.0,3.5,SAS 12.0 Gb/s
Hitachi Ultrastar He8,19051.19,6000.0,0.159,7200,128.0,3.5,SAS 12.0 Gb/s
Hitachi Ultrastar He8,7210.0,6000.0,0.06,7200,128.0,3.5,SAS 12.0 Gb/s
Toshiba N300,5580.0,6000.0,0.047,7200,128.0,3.5,SATA 6.0 Gb/s
Seagate Enterprise Capacity,1500.0,1000.0,0.075,7200,128.0,3.5,SATA 6.0 Gb/s
Seagate Enterprise Capacity,4284.8,2000.0,0.107,7200,128.0,2.5,SAS 12.0 Gb/s
Seagate Enterprise Performance,1703.19,300.0,0.284,10000,128.0,2.5,SAS 12.0 Gb/s
Seagate Enterprise Capacity,9999.0,8000.0,0.062,7200,256.0,3.5,SAS 6.0 Gb/s
Seagate Enterprise Capacity,2780.0,4000.0,0.035,7200,128.0,3.5,SAS 12.0 Gb/s
Western Digital RE,5613.2,6000.0,0.047,7200,128.0,3.5,SATA 6.0 Gb/s
Seagate Enterprise Performance,1000.0,600.0,0.083,10000,128.0,2.5,SAS 12.0 Gb/s
Seagate Enterprise Performance,2620.0,300.0,0.437,15000,256.0,2.5,SAS 12.0 Gb/s
Seagate EXOS Enterprise,7474.4,16000.0,0.023,7200,256.0,3.5,SAS 12.0 Gb/s
Seagate Exos X18,8773.79,18000.0,0.024,7200,256.0,3.5,SAS 12.0 Gb/s
Toshiba N300,4999.8,6000.0,0.042,7200,256.0,3.5,SATA 6.0 Gb/s
Hitachi Ultrastar He8,5980.0,8000.0,0.037,7200,128.0,3.5,SATA 6.0 Gb/s
Toshiba MG09 4Kn,7980.0,18000.0,0.022,7200,512.0,3.5,SATA 6.0 Gb/s
