name,price,chipset,memory,core_clock,boost_clock,color,length,manufacturer
MSI GeForce RTX 3060 Ventus 2X 12G,5999.4,GeForce RTX 3060 12GB,12.0,1320.0,1777.0,Black,235.0,MSI
Sapphire PULSE,7599.8,Radeon RX 9060 XT,16.0,2220.0,3290.0,Black,240.0,Sapphire
MSI SHADOW 3X OC,16599.8,GeForce RTX 5070 Ti,16.0,2300.0,2497.0,Black,303.0,MSI
Gigabyte WINDFORCE OC SFF,10999.8,GeForce RTX 5070,12.0,2160.0,2542.0,Black,282.0,Gigabyte
Sapphire PULSE,14999.8,Radeon RX 9070 XT,16.0,2400.0,2970.0,Black,320.0,Sapphire
ASRock Challenger OC,7399.8,Radeon RX 9060 XT,16.0,2220.0,3290.0,Black / Silver,249.0,ASRock
Gigabyte GAMING OC,14599.8,Radeon RX 9070 XT,16.0,2520.0,3060.0,Black,288.0,Gigabyte
Gigabyte GAMING OC,7199.4,Radeon RX 7600 XT,16.0,1720.0,2810.0,Black / Gray,281.0,Gigabyte
Asus ROG Astral OC,67199.79,GeForce RTX 5090,32.0,2010.0,2610.0,Black / Silver,358.0,ASUS
Asus PRIME OC,14399.8,Radeon RX 9070 XT,16.0,2460.0,3030.0,Black,312.0,ASUS
Asus PRIME,9599.79,GeForce RTX 5060 Ti,16.0,2410.0,2602.0,Black,304.0,ASUS
MSI VENTUS 2X BLACK OC,8999.79,GeForce RTX 4060,8.0,1830.0,2505.0,Black,199.0,MSI
MSI VENTUS 2X PLUS OC,9999.79,GeForce RTX 5060 Ti,16.0,2410.0,2617.0,Black / Gray,227.0,MSI
MSI VENTUS 3X OC,15799.8,GeForce RTX 5070 Ti,16.0,2300.0,2497.0,Silver / Black,303.0,MSI
ASRock Steel Legend,13999.8,Radeon RX 9070 XT,16.0,2400.0,2970.0,White / Gray,298.0,ASRock
MSI SHADOW 2X OC,5999.8,GeForce RTX 5060,8.0,2280.0,2535.0,Black / Silver,197.0,MSI
PNY OC,10999.8,GeForce RTX 5070,12.0,2325.0,2587.0,Black,300.0,PNY
XFX Swift OC,7799.6,Radeon RX 9060 XT,16.0,2220.0,3320.0,Black,290.0,XFX
MSI VENTUS 2X OC,3599.8,GeForce RTX 3050 6GB,6.0,1040.0,1492.0,Black,189.0,MSI
XFX Swift OC,10689.0,Radeon RX 9060 XT,16.0,2220.0,3320.0,White,290.0,XFX
ASRock Challenger,11999.8,Radeon RX 9070,16.0,2070.0,2520.0,Black / Silver,290.0,ASRock
Sapphire NITRO+,15999.8,Radeon RX 9070 XT,16.0,2520.0,3060.0,Black,331.0,Sapphire
Gigabyte AORUS MASTER,58786.4,GeForce RTX 5090,32.0,2010.0,2655.0,White,360.0,Gigabyte
PowerColor Reaper,10027.79,Radeon RX 9060 XT,16.0,2220.0,3230.0,Black,200.0,PowerColor
XFX Speedster SWFT 210,6900.0,Radeon RX 6600,8.0,1626.0,2491.0,Black,241.0,XFX
PowerColor RX7800XT 16G-P,11999.8,Radeon RX 7800 XT,16.0,1295.0,2430.0,Black,260.0,PowerColor
Asus TUF GAMING OC,19980.0,GeForce RTX 5070 Ti,16.0,2300.0,2610.0,Black / Silver,329.0,ASUS
XFX Swift,15599.8,Radeon RX 9070 XT,16.0,1660.0,2970.0,Black,325.0,XFX
ASRock Phantom Gaming OC,17999.8,Radeon RX 7900 XTX,24.0,2300.0,2615.0,Black,330.0,ASRock
XFX GTS XXX,3199.8,Radeon RX 580,8.0,1366.0,1386.0,Black / Red,270.0,XFX
PNY VCNRTX6000ADA-PB,139480.0,RTX 6000 Ada Generation,48.0,915.0,2505.0,Black / Gold,267.0,PNY
Gigabyte WINDFORCE OC,16918.59,GeForce RTX 4070 SUPER,12.0,1980.0,2505.0,Black,261.0,Gigabyte
Zotac GAMING Twin Edge,5139.6,GeForce RTX 3060 12GB,12.0,1320.0,1777.0,Black,224.0,ZOTAC
NVIDIA Founders Edition,10999.8,GeForce RTX 5070,12.0,2160.0,2510.0,Black / Gray,242.0,NVIDIA
Asus DUAL OC,9599.79,GeForce RTX 5060 Ti,16.0,2410.0,2632.0,Black / Silver,229.0,ASUS
Sapphire PURE,19825.4,Radeon RX 9070 XT,16.0,2460.0,3010.0,White,320.0,Sapphire
Asus PRIME,16599.8,GeForce RTX 5070 Ti,16.0,2300.0,2482.0,Black / White,306.0,ASUS
NVIDIA Founders Edition,9781.79,GeForce RTX 3060 Ti,8.0,1410.0,1670.0,Black / Silver,242.0,NVIDIA
Asus TUF GAMING OC,22359.8,GeForce RTX 4070 Ti SUPER,16.0,2340.0,2670.0,Black,305.0,ASUS
Gigabyte WINDFORCE,10020.2,GeForce RTX 5060 Ti,16.0,2410.0,2572.0,Black,208.0,Gigabyte
XFX Swift OC,7199.8,Radeon RX 9060 XT,16.0,2220.0,3320.0,Black,270.0,XFX
Gigabyte WINDFORCE SFF,12099.8,GeForce RTX 5070,12.0,2160.0,2512.0,Black,282.0,Gigabyte
XFX Speedster MERC 310 Black Edition,20999.8,Radeon RX 7900 XTX,24.0,2300.0,2615.0,Black / Silver,344.0,XFX
Asus ROG Astral LC OC,84926.6,GeForce RTX 5090,32.0,2010.0,2610.0,Black / Silver,288.0,ASUS
Gigabyte WINDFORCE OC,8999.79,GeForce RTX 5060 Ti,16.0,2410.0,2587.0,Black,208.0,Gigabyte
Asus Dual GeForce RTX 3060 V2 OC Edition,6599.4,GeForce RTX 3060 12GB,12.0,1320.0,1867.0,Black,200.0,ASUS
MSI GAMING TRIO OC,11199.8,GeForce RTX 5060 Ti,16.0,2410.0,2662.0,White,300.0,MSI
Asus DUAL OC V2,7399.8,GeForce RTX 4060,8.0,1830.0,2535.0,Black,202.0,ASUS
Asus DUAL EVO OC,8799.79,GeForce RTX 4060,8.0,1830.0,2535.0,Black,227.0,ASUS
Sapphire PULSE,12859.8,Radeon RX 9070,16.0,2070.0,2520.0,Black,280.0,Sapphire
PNY Dual Fan OC,8566.6,GeForce RTX 5060 Ti,16.0,2407.0,2691.0,Black,245.0,PNY
ASRock Steel Legend OC,10380.0,Radeon RX 9060 XT,16.0,2220.0,3320.0,White / Gray,298.0,ASRock
Asus DUAL EVO OC,5499.8,Radeon RX 7600,8.0,1720.0,2715.0,Black,229.0,ASUS
Gigabyte WINDFORCE OC,16400.0,GeForce RTX 4070,12.0,1920.0,2490.0,Black,261.0,Gigabyte
XFX Swift,15999.8,Radeon RX 9070 XT,16.0,1660.0,2970.0,White,325.0,XFX
PowerColor Hellhound OC,17199.8,Radeon RX 9070 XT,16.0,2400.0,3010.0,Black,327.0,PowerColor
NVIDIA Founders Edition,59919.8,GeForce RTX 4090,24.0,2230.0,2520.0,Black / Silver,304.0,NVIDIA
PNY VERTO OC,15199.8,GeForce RTX 4070 SUPER,12.0,1980.0,2490.0,Black,247.0,PNY
ASRock Challenger OC,7999.4,Radeon RX 7700 XT,12.0,1700.0,2584.0,Black,266.0,ASRock
Gigabyte GAMING OC,56187.2,GeForce RTX 5090,32.0,2010.0,2550.0,Black,342.0,Gigabyte
Asus PRIME,5999.8,GeForce RTX 5060,8.0,2280.0,2527.0,Black,268.0,ASUS
XFX Speedster MERC 310,19937.4,Radeon RX 7900 XT,20.0,2000.0,2535.0,Black / Silver,344.0,XFX
ASRock Challenger,6368.4,Radeon RX 6600,8.0,1626.0,2491.0,White,269.0,ASRock
Gigabyte GAMING OC,9399.79,GeForce RTX 5060 Ti,16.0,2410.0,2647.0,Black,281.0,Gigabyte
Gigabyte AORUS MASTER,59999.8,GeForce RTX 5090,32.0,2010.0,2655.0,Black,360.0,Gigabyte
Gigabyte GAMING OC,13399.8,Radeon RX 9070,16.0,2070.0,2700.0,Black,288.0,Gigabyte
Sapphire PULSE,5999.8,Radeon RX 9060 XT,8.0,2220.0,3290.0,Black,240.0,Sapphire
Asus PRIME OC,18799.8,GeForce RTX 5070 Ti,16.0,2300.0,2527.0,Black / White,306.0,ASUS
Gigabyte GAMING OC,7399.0,Radeon RX 7600,8.0,1720.0,2755.0,Black / Silver,282.0,Gigabyte
Asus TUF GAMING OC,13960.0,GeForce RTX 3070,8.0,1500.0,1845.0,Black,300.0,ASUS
Asus DUAL OC,3999.4,GeForce RTX 3050 6GB,6.0,1040.0,1537.0,Black,201.0,ASUS
XFX Speedster QICK 319 Core,13780.0,Radeon RX 7800 XT,16.0,1295.0,2430.0,Black,335.0,XFX
Gigabyte GAMING OC Rev 2.0,7099.8,GeForce RTX 3060 12GB,12.0,1320.0,1837.0,Black / Gray,282.0,Gigabyte
MSI VENTUS 2X XS OC,4399.8,GeForce RTX 3050 8GB,8.0,1550.0,1807.0,Black / Gray,205.0,MSI
Zotac SOLID SFF OC,16799.8,GeForce RTX 5070 Ti,16.0,2300.0,2482.0,Black / Gold,304.0,ZOTAC
MSI GAMING TRIO OC,26218.6,GeForce RTX 5070 Ti,16.0,2300.0,2580.0,White,338.0,MSI
XFX Speedster SWFT 210 Core,8199.79,Radeon RX 7700 XT,12.0,1425.0,2544.0,Black,280.0,XFX
PowerColor Reaper,15999.8,Radeon RX 9070 XT,16.0,2400.0,2970.0,Black / Red,289.0,PowerColor
XFX Quicksilver,15999.8,Radeon RX 9070 XT,16.0,2400.0,2970.0,Black,350.0,XFX
Gigabyte EAGLE OC SFF,13399.8,GeForce RTX 5070,12.0,2160.0,2587.0,White,290.0,Gigabyte
PNY OC,14999.8,GeForce RTX 5070 Ti,16.0,2295.0,2572.0,Black,300.0,PNY
MSI GAMING TRIO OC PLUS,16999.8,GeForce RTX 5070 Ti,16.0,2300.0,2580.0,Black,338.0,MSI
NVIDIA Founders Edition,7980.0,GeForce RTX 4060 Ti,8.0,2310.0,2540.0,Black / Silver,244.0,NVIDIA
Gigabyte AORUS ELITE,21190.8,Radeon RX 9070 XT,16.0,2570.0,3100.0,Black,339.0,Gigabyte
MSI SHADOW 3X OC,26780.0,GeForce RTX 5080,16.0,2300.0,2655.0,Black,303.0,MSI
Zotac Twin Edge OC,9599.79,GeForce RTX 5060 Ti,16.0,2410.0,2602.0,Black,220.0,ZOTAC
Asus TUF GAMING OC,18904.0,Radeon RX 9070 XT,16.0,2520.0,3080.0,Black / Silver,330.0,ASUS
Asus DUAL EVO OC,8799.79,GeForce RTX 4060 Ti,8.0,2310.0,2595.0,Black,227.0,ASUS
Lenovo 4X61D97085,150326.79,RTX A5000,24.0,1170.0,1695.0,Black,267.0,Lenovo
MSI VENTUS XS OC,6780.0,GeForce GTX 1660 SUPER,6.0,1530.0,1815.0,Black / Silver,204.0,MSI
ASRock Taichi OC,15999.8,Radeon RX 9070 XT,16.0,2570.0,3100.0,Black,330.0,ASRock
Gigabyte AORUS XTREME WATERFORCE,75245.2,GeForce RTX 5090,32.0,2010.0,2655.0,Black,246.0,Gigabyte
XFX RX-79TMBABF9,14005.2,Radeon RX 7900 XT,20.0,2000.0,2400.0,Black,276.0,XFX
Gigabyte AERO OC,13899.8,GeForce RTX 5070,12.0,2160.0,2625.0,Black,324.0,Gigabyte
EVGA FTW3 ULTRA GAMING,17999.8,GeForce RTX 3080 10GB,10.0,1440.0,1800.0,Black,300.0,EVGA
XFX Speedster QICK 319 BLACK,11380.0,Radeon RX 7700 XT,12.0,1700.0,2599.0,Black,335.0,XFX
PNY VCG508016TFXPB1,26999.8,GeForce RTX 5080,16.0,2300.0,2620.0,Black,329.0,PNY
PowerColor Red Devil OC,16399.8,Radeon RX 9070 XT,16.0,2460.0,3060.0,Black / Red,340.0,PowerColor
MSI SHADOW 3X OC,11988.8,GeForce RTX 5070,12.0,2160.0,2557.0,Black,303.0,MSI
Palit Infinity 3,18460.0,GeForce RTX 5070,12.0,2325.0,2512.0,Black,292.0,Palit
ASRock Phantom Gaming D OC,3199.8,Radeon RX 6500 XT,4.0,2365.0,2820.0,Black,240.0,ASRock
PowerColor Reaper,13399.8,Radeon RX 9070,16.0,2070.0,2520.0,Black,289.0,PowerColor
Asus TUF GAMING OC,35979.8,GeForce RTX 4080 SUPER,16.0,2210.0,2640.0,Black,348.0,ASUS
Asus ROG STRIX GAMING OC,63700.0,GeForce RTX 4090,24.0,2235.0,2640.0,Black,358.0,ASUS
NVIDIA Founders Edition,18999.8,GeForce RTX 3080 Ti,12.0,1370.0,1670.0,Silver / Black,285.0,NVIDIA
MSI VENTUS 2X OC,6399.8,GeForce RTX 5060,8.0,2280.0,2535.0,Silver / Black,197.0,MSI
PNY OC,26999.8,GeForce RTX 5080,16.0,2300.0,2730.0,Black,329.0,PNY
Gigabyte WINDFORCE OC,52799.8,GeForce RTX 5090,32.0,2010.0,2467.0,Black,342.0,Gigabyte
Sapphire PULSE,8580.0,Radeon RX 6700 XT,12.0,2321.0,2581.0,Black,260.0,Sapphire
NVIDIA Founders Edition,17980.0,GeForce RTX 4070,12.0,1920.0,2480.0,Black / Silver,244.0,NVIDIA
Sapphire PULSE,6746.6,Radeon RX 7600,8.0,1720.0,2755.0,Black / Red,240.0,Sapphire
MSI VENTUS 2X OC,12599.8,GeForce RTX 5070,12.0,2160.0,2557.0,White,236.0,MSI
Sparkle TITAN OC,6399.8,Arc B580,12.0,2670.0,2740.0,Blue / White,317.0,Sparkle
Zotac GAMING SOLID OC,12199.8,GeForce RTX 5070,12.0,2160.0,2542.0,Black / Copper,304.0,ZOTAC
Gigabyte AERO OC,12980.0,GeForce RTX 5060 Ti,16.0,2410.0,2647.0,White / Silver,281.0,Gigabyte
Asus DUAL OC,5999.8,GeForce RTX 5060,8.0,2280.0,2565.0,Black,228.0,ASUS
Gigabyte EAGLE OC,11980.0,GeForce RTX 5060 Ti,16.0,2410.0,2617.0,White / Silver,215.0,Gigabyte
Asus DUAL EVO OC,15517.4,GeForce RTX 4060 Ti,16.0,2310.0,2625.0,Black,227.0,ASUS
Sparkle GUARDIAN OC,5199.8,Arc B570,10.0,2500.0,2660.0,Blue / White,242.0,Sparkle
Zotac GAMING SOLID OC,51999.6,GeForce RTX 5090,32.0,2010.0,2422.0,Black / Copper,330.0,ZOTAC
Asus DUAL OC,13980.0,Radeon RX 7800 XT,16.0,1295.0,2520.0,Black,280.0,ASUS
NVIDIA Founders Edition,36999.8,GeForce RTX 4080,16.0,2210.0,2510.0,Black / Silver,304.0,NVIDIA
Sapphire NITRO+,12999.8,Radeon RX 9070,16.0,2210.0,2700.0,Black,331.0,Sapphire
Zotac GAMING SOLID,69904.6,GeForce RTX 5090,32.0,2010.0,2407.0,Black / Copper,330.0,ZOTAC
XFX Swift OC,6399.8,Radeon RX 9060 XT,8.0,2220.0,3320.0,White,270.0,XFX
EVGA KO ULTRA GAMING,6400.0,GeForce RTX 2060,6.0,1365.0,1755.0,Black,202.0,EVGA
XFX Mercury OC RGB,17399.59,Radeon RX 9070 XT,16.0,1870.0,3100.0,Black,360.0,XFX
XFX Swift OC,5999.8,Radeon RX 9060 XT,8.0,2220.0,3320.0,Black,270.0,XFX
XFX Speedster SWFT 210 Core,6628.4,Radeon RX 6650 XT,8.0,2055.0,2635.0,Black / Silver,241.0,XFX
PNY ARGB EPIC-X RGB OC,25127.8,GeForce RTX 5070 Ti,16.0,2295.0,2640.0,Black,300.0,PNY
Zotac GAMING SOLO,5999.8,GeForce RTX 5060,8.0,2280.0,2497.0,Black,164.0,ZOTAC
Asus PRIME,12259.6,Radeon RX 9070 XT,16.0,2460.0,2990.0,Black,312.0,ASUS
MSI GAMING TRIO OC,10999.8,GeForce RTX 5060 Ti,16.0,2410.0,2662.0,Black,300.0,MSI
XFX Speedster SWFT 210 Core,5799.8,Radeon RX 7600,8.0,1875.0,2655.0,Black,241.0,XFX
Zotac GAMING AMP Extreme INFINITY,29202.8,GeForce RTX 5080,16.0,2300.0,2670.0,Black / Copper,332.0,ZOTAC
Gigabyte GAMING OC,11442.4,GeForce RTX 3070,8.0,1500.0,1815.0,Black / Silver,286.0,Gigabyte
MSI VENTUS 3X OC,28199.8,GeForce RTX 5080,16.0,2300.0,2655.0,White,303.0,MSI
PowerColor Hellhound Spectral,16799.8,Radeon RX 9070 XT,16.0,2400.0,3010.0,White,327.0,PowerColor
Asus PRIME OC,10599.8,GeForce RTX 5060 Ti,16.0,2410.0,2647.0,Black,304.0,ASUS
MSI VENTUS 2X OC,12599.8,GeForce RTX 5070,12.0,2160.0,2557.0,Silver / Black,236.0,MSI
PNY EPIC-X RGB OC,55999.8,GeForce RTX 5090,32.0,2010.0,2625.0,Black,329.0,PNY
Gigabyte EAGLE,10700.0,Radeon RX 6600,8.0,1626.0,2491.0,Black / Silver,282.0,Gigabyte
MSI VENTUS 2X BLACK OC,9599.79,GeForce RTX 4060 Ti,16.0,2310.0,2625.0,Black,199.0,MSI
Asus TUF GAMING OC,5346.0,GeForce GTX 1660 SUPER,6.0,1530.0,1845.0,Black,206.0,ASUS
Gigabyte WINDFORCE V2,30979.8,GeForce RTX 4080 SUPER,16.0,2210.0,2550.0,Black,330.0,Gigabyte
MSI VENTUS 2X OC,18674.8,GeForce RTX 4070 SUPER,12.0,1980.0,2520.0,Black,242.0,MSI
ASRock Challenger OC,5599.4,Radeon RX 7600,8.0,1720.0,2695.0,Black,269.0,ASRock
Zotac GAMING AMP Extreme INFINITY,17999.8,GeForce RTX 5070 Ti,16.0,2300.0,2512.0,Black,332.0,ZOTAC
Asus TUF GAMING OC,21999.8,GeForce RTX 4070 Ti,12.0,2310.0,2760.0,Black,305.0,ASUS
Gigabyte WINDFORCE OC Rev 2.0,6499.4,GeForce RTX 3060 12GB,12.0,1320.0,1792.0,Black,198.0,Gigabyte
Gigabyte WINDFORCE,7599.8,GeForce RTX 5060 Ti,8.0,2410.0,2572.0,Black,208.0,Gigabyte
XFX Speedster SWFT 210 Core,12980.0,Radeon RX 7800 XT,16.0,1295.0,2430.0,Black,283.0,XFX
EVGA FTW3 ULTRA GAMING,15300.0,GeForce RTX 3070 Ti,8.0,1575.0,1860.0,Black,300.0,EVGA
PowerColor Hellhound,23481.6,Radeon RX 7900 XTX,24.0,2300.0,2525.0,Black,320.0,PowerColor
EVGA FTW3 ULTRA GAMING,30379.8,GeForce RTX 3090,24.0,1395.0,1800.0,Black,300.0,EVGA
XFX Quicksilver,15999.8,Radeon RX 9070 XT,16.0,1660.0,2970.0,White,360.0,XFX
ASRock Challenger OC,5399.6,Arc B580,12.0,2670.0,2740.0,Black,249.0,ASRock
Asus TUF GAMING OC,11999.8,GeForce RTX 5060 Ti,16.0,2410.0,2692.0,Black / Silver,302.0,ASUS
MSI VANGUARD SOC,17199.8,GeForce RTX 5070 Ti,16.0,2300.0,2602.0,Black / Silver,357.0,MSI
Sapphire PULSE,9360.0,Radeon RX 7600 XT,16.0,1720.0,2810.0,Black / Red,250.0,Sapphire
XFX Mercury OC RGB,16799.8,Radeon RX 9070 XT,16.0,1870.0,3100.0,White,360.0,XFX
Asus DUAL OC,7999.8,GeForce RTX 4060,8.0,1830.0,2535.0,White,227.0,ASUS
Gigabyte GAMING OC,12399.8,GeForce RTX 5070,12.0,2160.0,2625.0,Black,327.0,Gigabyte
Zotac Twin Edge,12842.2,GeForce RTX 5060 Ti,16.0,2410.0,2572.0,Black,220.0,ZOTAC
Asus DUAL EVO OC,18999.4,GeForce RTX 4070,12.0,1920.0,2550.0,Black,227.0,ASUS
Asus ROG STRIX GAMING OC,70799.79,GeForce RTX 4090,24.0,2235.0,2640.0,White,358.0,ASUS
MSI INSPIRE 3X OC PLUS,20200.0,GeForce RTX 5070 Ti,16.0,2300.0,2497.0,Gold / Black,288.0,MSI
XFX Swift OC,7999.8,Radeon RX 9060 XT,16.0,2220.0,3320.0,Black,290.0,XFX
ONIX LUMI OC,5719.6,Arc B580,12.0,2670.0,2740.0,White / Silver,260.0,ONIX
XFX RX-79GMERCB9,13399.8,Radeon RX 7900 GRE,16.0,1270.0,2395.0,Black,335.0,XFX
MSI GT 710 2GD3H LP,1432.4,GeForce GT 710,2.0,954.0,954.0,Black,146.0,MSI
Gigabyte GAMING OC,11900.0,Radeon RX 5700 XT,8.0,1650.0,1905.0,Black,280.0,Gigabyte
Asus TUF GAMING OC,20199.8,GeForce RTX 5070 Ti,16.0,2300.0,2610.0,White / Silver,329.0,ASUS
MSI GeForce RTX 2070 SUPER VENTUS GP OC,13780.0,GeForce RTX 2070 SUPER,8.0,1605.0,1785.0,Silver / Black,258.0,MSI
XFX Swift OC,14399.8,Radeon RX 9070,16.0,1440.0,2700.0,White,325.0,XFX
MSI GTX 1050 Ti 4GT OC,5279.8,GeForce GTX 1050 Ti,4.0,1341.0,1455.0,Black / White,215.0,MSI
MSI VENTUS 3X OC,25999.8,GeForce RTX 5080,16.0,2300.0,2655.0,Silver / Black,303.0,MSI
Sapphire PURE,10813.2,Radeon RX 9060 XT,16.0,2220.0,3290.0,Black,240.0,Sapphire
MSI GeForce RTX 3070 VENTUS 3X OC,10683.8,GeForce RTX 3070,8.0,1500.0,1755.0,Black / Silver,305.0,MSI
MSI GeForce GTX 1650 SUPER,8380.0,GeForce GTX 1650 SUPER,4.0,1530.0,1740.0,Black / Silver,180.0,MSI
Sapphire PURE,17932.8,Radeon RX 9070,16.0,2210.0,2700.0,White,320.0,Sapphire
MSI GAMING X,11500.0,GeForce RTX 2060 SUPER,8.0,1470.0,1695.0,Black / Silver,248.0,MSI
PowerColor Hellhound OC,7999.6,Radeon RX 9060 XT,16.0,2220.0,3310.0,Black,310.0,PowerColor
Gigabyte WINDFORCE OC,4999.8,GeForce RTX 5050,8.0,2317.0,2587.0,Black,199.0,Gigabyte
MSI GAMING X,8500.0,GeForce GTX 1660 Ti,6.0,1500.0,1875.0,Black,247.0,MSI
Sapphire NITRO+,7999.8,Radeon RX 9060 XT,16.0,2220.0,3320.0,Black,300.0,Sapphire
Gigabyte WINDFORCE,39999.8,GeForce RTX 5090,32.0,2010.0,2407.0,Black,342.0,Gigabyte
Gigabyte GAMING OC,29600.0,GeForce RTX 4070 Ti SUPER,16.0,2340.0,2655.0,Black,300.0,Gigabyte
Asus DUAL OC,15687.0,GeForce RTX 5070,12.0,2160.0,2572.0,Black / Silver,249.0,ASUS
Zotac GAMING SOLID CORE OC,33642.39,GeForce RTX 5080,16.0,2300.0,2640.0,Black / Copper,304.0,ZOTAC
Asus ROG STRIX GAMING OC,25999.8,GeForce RTX 4080 SUPER,16.0,2210.0,2670.0,White,358.0,ASUS
PNY XLR8 Gaming VERTO EPIC-X RGB,11580.0,GeForce RTX 4070,12.0,1920.0,2475.0,Black,305.0,PNY
PNY ARGB EPIC-X RGB OC,29184.8,GeForce RTX 5080,16.0,2300.0,2780.0,Black,329.0,PNY
PNY Dual Fan OC,7069.6,GeForce RTX 5060 Ti,8.0,2407.0,2692.0,Black,245.0,PNY
MSI GAMING TRIO OC,7399.8,GeForce RTX 5060,8.0,2280.0,2640.0,White,300.0,MSI
Gigabyte GAMING,9980.0,GeForce GTX 1080,8.0,1721.0,1860.0,Black / Orange,286.0,Gigabyte
ASRock Challenger OC,6399.8,Radeon RX 9060 XT,8.0,2220.0,3290.0,Black / Silver,249.0,ASRock
PowerColor Hellhound OC,13550.8,Radeon RX 7800 XT,16.0,1295.0,2520.0,Black,322.0,PowerColor
Asus PRIME OC,14757.0,Radeon RX 9070,16.0,2120.0,2610.0,Black,312.0,ASUS
MSI VENTUS 2X,6599.8,GeForce RTX 5060,8.0,2280.0,2512.0,White,197.0,MSI
MSI INSPIRE 3X OC,27999.8,GeForce RTX 5080,16.0,2300.0,2655.0,Gold / Black,288.0,MSI
Palit Infinity 3 OC,13065.0,GeForce RTX 5060 Ti,16.0,2407.0,2662.0,Black,292.0,Palit
PNY ARGB EPIC-X RGB OC,11999.8,GeForce RTX 5070,12.0,2325.0,2685.0,Black,300.0,PNY
ASRock Steel Legend OC,6799.8,Radeon RX 9060 XT,8.0,2220.0,3320.0,White / Gray,298.0,ASRock
MSI RTX 3060 Ventus 3X 12G OC,11399.8,GeForce RTX 3060 12GB,12.0,1320.0,1807.0,Black,316.0,MSI
MSI VENTUS 3X OC,9799.79,GeForce RTX 5060 Ti,16.0,2410.0,2617.0,Silver / Black,306.0,MSI
ASRock Steel Legend OC,5599.6,Arc B580,12.0,2670.0,2800.0,White / Gray,298.0,ASRock
XFX Speedster MERC 319 CORE,14380.0,Radeon RX 6800 XT,16.0,1825.0,2250.0,Black / Silver,340.0,XFX
Asus GT1030-2G-CSM,2131.19,GeForce GT 1030,2.0,1266.0,1506.0,Black / Blue,173.0,ASUS
PNY OC,53999.8,GeForce RTX 5090,32.0,2010.0,2527.0,Black,329.0,PNY
Asus ProArt OC,35980.0,GeForce RTX 4080 SUPER,16.0,2210.0,2640.0,Black / Gold,300.0,ASUS
Gigabyte GAMING OC,15900.0,GeForce RTX 3070 Ti,8.0,1575.0,1830.0,Black / Silver,320.0,Gigabyte
MSI GAMING OC,7199.8,GeForce RTX 5060,8.0,2280.0,2640.0,Black,248.0,MSI
Zotac GAMING Twin Fan,5100.0,GeForce GTX 1660 SUPER,6.0,1530.0,1785.0,Black,173.0,ZOTAC
PNY RTX A-Series,99480.0,RTX A6000,48.0,1455.0,1860.0,Black / Gold,267.0,PNY
MSI GAMING TRIO OC,17399.8,GeForce RTX 5070 Ti,16.0,2300.0,2580.0,Black,338.0,MSI
EVGA XC3 ULTRA GAMING,13900.0,GeForce RTX 3070,8.0,1500.0,1770.0,Black / Silver,285.0,EVGA
Inno3D X3,29440.0,GeForce RTX 5080,16.0,2295.0,2617.0,Black / Silver,300.0,Inno3D
MSI RX 6600 XT MECH 2X 8G OC,12960.0,Radeon RX 6600 XT,8.0,1968.0,2602.0,Black / Silver,235.0,MSI
MSI VENTUS 2X PLUS OC,7599.8,GeForce RTX 5060 Ti,8.0,2410.0,2617.0,Black / Gray,227.0,MSI
Gigabyte EAGLE OC SFF,13199.8,GeForce RTX 5070,12.0,2160.0,2586.0,Black,290.0,Gigabyte
Gigabyte GV-R9070XTGAMING-16GD,16799.0,Radeon RX 9070 XT,16.0,2400.0,2970.0,Black,288.0,Gigabyte
Gigabyte WINDFORCE OC,5417.79,GeForce RTX 3050 6GB,6.0,1040.0,1477.0,Black / Gray,191.0,Gigabyte
MSI GAMING TRIO OC,6999.8,GeForce RTX 5060,8.0,2280.0,2640.0,Black,300.0,MSI
MSI LP OC,4399.59,GeForce RTX 3050 6GB,6.0,1040.0,1492.0,Black,174.0,MSI
NVIDIA Founders Edition,38999.8,GeForce RTX 3090 Ti,24.0,1560.0,1860.0,Silver / Black,313.0,NVIDIA
Asus DUAL EVO OC,17554.0,GeForce RTX 4070,12.0,1920.0,2550.0,White,227.0,ASUS
Sapphire PULSE,12667.4,Radeon RX 7700 XT,12.0,1700.0,2544.0,Black / Red,280.0,Sapphire
ASRock Taichi OC,28321.19,Radeon RX 7900 XTX,24.0,2300.0,2680.0,White,345.0,ASRock
MSI GeForce RTX 3060 Ventus 2X 12G OC,6995.0,GeForce RTX 3060 12GB,12.0,1320.0,1807.0,Black,235.0,MSI
Asus TUF GAMING OC,31135.4,GeForce RTX 4070 Ti SUPER,16.0,2340.0,2670.0,White,305.0,ASUS
Asus DUAL EVO OC,17320.0,GeForce RTX 4070 SUPER,12.0,1980.0,2550.0,Black,227.0,ASUS
Asus PRIME OC,7599.8,GeForce RTX 5060,8.0,2280.0,2595.0,Black,268.0,ASUS
Zotac GAMING SOLID OC,62259.6,GeForce RTX 5090,32.0,2010.0,2422.0,White / Copper,330.0,ZOTAC
PowerColor Reaper,5999.8,Radeon RX 9060 XT,8.0,2220.0,3130.0,Black,200.0,PowerColor
XFX Mercury OC Magnetic Air RGB,17599.8,Radeon RX 9070 XT,16.0,1870.0,3100.0,White,360.0,XFX
MSI VENTUS 2X OC,9280.0,GeForce RTX 4060,8.0,1830.0,2505.0,White / Silver,199.0,MSI
Palit GamingPro,31176.0,GeForce RTX 5080,16.0,2295.0,2617.0,Black,332.0,Palit
ASRock Steel Legend Dark,32310.4,Radeon RX 9070 XT,16.0,2400.0,2970.0,Black / Gray,298.0,ASRock
MSI VENTUS 3X OC,18899.8,GeForce RTX 4070 SUPER,12.0,1980.0,2520.0,Black / Silver,308.0,MSI
MSI GeForce RTX 2060 VENTUS GP OC,6999.8,GeForce RTX 2060,6.0,1365.0,1710.0,Gray / Black,231.0,MSI
EVGA FTW3 ULTRA GAMING LE iCX3,25960.0,GeForce RTX 3080 Ti,12.0,1365.0,1800.0,Black,300.0,EVGA
XFX Speedster SWFT 210,9180.0,Radeon RX 7600 XT,16.0,1720.0,2755.0,Black,272.0,XFX
Zotac GAMING SOLID OC,29400.0,GeForce RTX 5080,16.0,2300.0,2625.0,Black / Copper,330.0,ZOTAC
Gigabyte GAMING OC,68232.0,GeForce RTX 3080 10GB,10.0,1440.0,1800.0,Black / Gray,320.0,Gigabyte
Asus TUF GAMING OC,8199.79,GeForce RTX 5060,8.0,2280.0,2677.0,Black,302.0,ASUS
ASRock Phantom Gaming OC,16236.8,Radeon RX 7900 XT,20.0,2000.0,2450.0,White,330.0,ASRock
MSI RX 580 8G,5200.0,Radeon RX 580,8.0,1257.0,1340.0,Black / Red,243.0,MSI
Gigabyte EAGLE OC,9199.79,GeForce RTX 5060 Ti,16.0,2410.0,2617.0,Black,215.0,Gigabyte
NVIDIA Founders Edition,11500.0,GeForce RTX 2060 SUPER,8.0,1470.0,1650.0,Silver,229.0,NVIDIA
Sparkle TITAN Luna OC,7869.0,Arc B580,12.0,2670.0,2740.0,White,315.0,Sparkle
MSI VENTUS 3X OC,35999.8,GeForce RTX 4080 SUPER,16.0,2210.0,2595.0,Black,322.0,MSI
Asus ROG STRIX-GTX1070-O8G-GAMING,9980.0,GeForce GTX 1070,8.0,1632.0,1860.0,Black,298.0,ASUS
Asus PRIME OC,14199.8,GeForce RTX 5070,12.0,2160.0,2587.0,White / Silver,304.0,ASUS
MSI D4 LP OC,1999.4,GeForce GT 1030 DDR4,4.0,1151.0,1430.0,Black,150.0,MSI
XFX Swift OC,5999.8,Radeon RX 9060 XT,8.0,2220.0,3320.0,Black,270.0,XFX
XFX Speedster QICK 319 Core,20560.0,Radeon RX 7800 XT,16.0,1295.0,2430.0,White,335.0,XFX
Zotac GAMING SOLID CORE,36199.8,GeForce RTX 5080,16.0,2300.0,2617.0,Black / Copper,304.0,ZOTAC
XFX Speedster QICK 210,3399.8,Radeon RX 6500 XT,4.0,2310.0,2825.0,Black / Silver,232.0,XFX
Gigabyte WINDFORCE OC,8599.0,GeForce RTX 3060 12GB,12.0,1320.0,1792.0,Black,198.0,Gigabyte
Asus ROG STRIX OC,8946.2,GeForce RTX 4060,8.0,1830.0,2700.0,Black,311.0,ASUS
EVGA XC GAMING,11900.0,GeForce RTX 3060 Ti,8.0,1410.0,1710.0,Black,202.0,EVGA
EVGA SC ULTRA GAMING,5599.8,GeForce GTX 1660 SUPER,6.0,1530.0,1830.0,Black,202.0,EVGA
Zotac GAMING AMP Extreme AIRO,51800.0,GeForce RTX 4090,24.0,2235.0,2580.0,Black / Silver,356.0,ZOTAC
XFX Mercury OC RGB V2,17199.8,Radeon RX 9070 XT,16.0,1870.0,3100.0,Black,360.0,XFX
EVGA XC GAMING,14979.4,GeForce RTX 3060 12GB,12.0,1320.0,1882.0,Black,202.0,EVGA
Asus TUF GAMING OC,65500.0,GeForce RTX 4090,24.0,2235.0,2595.0,Black,348.0,ASUS
ASRock Challenger OC,4799.59,Arc B570,10.0,2500.0,2600.0,Black,249.0,ASRock
Asus DUAL OC,8399.79,GeForce RTX 5060 Ti,8.0,2410.0,2632.0,Black / Silver,229.0,ASUS
PowerColor Red Devil E/OC,20879.8,Radeon RX 9070 XT,16.0,2460.0,3060.0,White,340.0,PowerColor
Gigabyte AORUS XTREME WATERFORCE,38780.0,GeForce RTX 5080,16.0,2300.0,2805.0,Black,220.0,Gigabyte
PNY EPIC-X RGB OC,9999.79,GeForce RTX 5060 Ti,16.0,2407.0,2692.0,Black,297.0,PNY
PowerColor Red Devil,10780.0,Radeon RX 5700 XT,8.0,1605.0,1905.0,Black / Red,300.0,PowerColor
PowerColor Fighter,6900.0,Radeon RX 6600,8.0,1626.0,2491.0,Black,200.0,PowerColor
NVIDIA Founders Edition,15500.0,GeForce RTX 2070 SUPER,8.0,1605.0,1770.0,Silver,267.0,NVIDIA
Asus STRIX GAMING,14980.0,GeForce GTX 1080 Ti,11.0,1493.0,1632.0,Black,298.0,ASUS
MSI RTX 3070 GAMING X TRIO,13980.0,GeForce RTX 3070,8.0,1500.0,1830.0,Black / Silver,323.0,MSI
Zotac GAMING SOLID CORE,15259.6,GeForce RTX 5070 Ti,16.0,2300.0,2452.0,Black / Copper,304.0,ZOTAC
Asus DUAL,7700.0,GeForce GTX 1060 6GB,6.0,1594.0,1809.0,White,242.0,ASUS
Zotac GAMING AMP,9999.79,GeForce RTX 5060 Ti,16.0,2410.0,2632.0,Black,220.0,ZOTAC
Sapphire PULSE,6542.4,Radeon RX 6600,8.0,1626.0,2491.0,Black / Red,193.0,Sapphire
MSI VENTUS 2X OC,9750.8,GeForce RTX 3060 Ti,8.0,1410.0,1695.0,Black / Silver,232.0,MSI
MSI GAMING X,3899.8,GeForce RTX 3050 6GB,6.0,1040.0,1507.0,Black,205.0,MSI
XFX Speedster SWFT 210 Core,5999.8,Radeon RX 6650 XT,8.0,2055.0,2635.0,Black,241.0,XFX
Acer Nitro OC,19758.2,Radeon RX 9070 XT,16.0,2400.0,3100.0,Black / Silver,297.0,Acer
Gigabyte GAMING OC,26483.4,GeForce RTX 3080 Ti,12.0,1365.0,1770.0,Black / Silver,320.0,Gigabyte
PNY VERTO,8999.79,GeForce RTX 4060 Ti,16.0,2310.0,2535.0,Black,245.0,PNY
PowerColor Hellhound OC,13999.8,Radeon RX 9070,16.0,2070.0,2590.0,Black,327.0,PowerColor
XFX Swift OC,14259.6,Radeon RX 9070,16.0,1440.0,2700.0,Black,325.0,XFX
Gigabyte GAMING OC,35999.8,GeForce RTX 4080 SUPER,16.0,2210.0,2595.0,Black,342.0,Gigabyte
Zotac Solid OC,29259.6,GeForce RTX 5080,16.0,2300.0,2640.0,White / Gold,330.0,ZOTAC
MSI GAMING Z TRIO,19780.0,Radeon RX 6800 XT,16.0,1825.0,2310.0,Black / Silver,324.0,MSI
Asus ROG STRIX GAMING OC,39700.0,GeForce RTX 4080 SUPER,16.0,2210.0,2670.0,Black,358.0,ASUS
NVIDIA Founders Edition,8780.0,GeForce GTX 1060 6GB,6.0,1506.0,1709.0,Black / Silver,250.0,NVIDIA
MSI GAMING TRIO OC,8599.79,GeForce RTX 5060 Ti,8.0,2410.0,2662.0,White,300.0,MSI
Gigabyte OC,8600.0,GeForce GTX 1660 Ti,6.0,1500.0,1800.0,Black / Gray,226.0,Gigabyte
Acer Nitro OC,16653.39,Radeon RX 9070,16.0,2070.0,2700.0,Black / Silver,297.0,Acer
Asus TUF GAMING OC,36999.8,Radeon RX 7900 XTX,24.0,2300.0,2615.0,Black,353.0,ASUS
Sparkle ECO,2599.8,Arc A310,4.0,1750.0,1000.0,Blue,156.0,Sparkle
Asus DUAL OC,17899.8,GeForce RTX 4070,12.0,1920.0,2550.0,Black,267.0,ASUS
Zotac GAMING Twin Edge OC,8799.79,GeForce RTX 4060,8.0,1830.0,2490.0,White,221.0,ZOTAC
Asus DUAL OC,11337.0,GeForce RTX 4060 Ti,8.0,2310.0,2595.0,White,227.0,ASUS
Zotac GAMING Twin Edge OC,8598.0,GeForce RTX 3060 12GB,12.0,1320.0,1807.0,Black,224.0,ZOTAC
Sparkle ELF,2999.8,Arc A380,6.0,2000.0,2000.0,Blue / Black,153.0,Sparkle
MSI VENTUS 2X OC,11522.0,GeForce RTX 3070,8.0,1500.0,1755.0,Black / Silver,232.0,MSI
Zotac GAMING Trinity,20999.8,GeForce RTX 4070 Ti SUPER,16.0,2340.0,2610.0,Black,307.0,ZOTAC
MSI GAMING TRIO OC,8599.79,GeForce RTX 5060 Ti,8.0,2410.0,2662.0,Black,300.0,MSI
Zotac GAMING Twin Edge OC,14866.8,GeForce RTX 3070,8.0,1500.0,1755.0,Black,232.0,ZOTAC
Zotac GAMING SOLID CORE OC,22421.4,GeForce RTX 5070 Ti,16.0,2300.0,2482.0,Black / Copper,304.0,ZOTAC
MSI GAMING X,5168.8,GeForce GTX 1660 SUPER,6.0,1530.0,1830.0,Black,247.0,MSI
Gigabyte OC,10427.6,GeForce GTX 1660 SUPER,6.0,1530.0,1830.0,Black / Silver,226.0,Gigabyte
Gigabyte AERO OC,34999.4,GeForce RTX 4080 SUPER,16.0,2210.0,2595.0,White / Silver,342.0,Gigabyte
Asus STRIX GAMING OC,31999.8,GeForce RTX 3090,24.0,1395.0,1890.0,Black,318.0,ASUS
PowerColor Fighter OC,14168.0,Radeon RX 7800 XT,16.0,1295.0,2475.0,Black,290.0,PowerColor
PowerColor RX 7900 XT 20G,19971.8,Radeon RX 7900 XT,20.0,2000.0,2400.0,Black,276.0,PowerColor
Asus DUAL OC,4500.0,GeForce GTX 1650 G5,4.0,1485.0,1755.0,Silver / Black,204.0,ASUS
Zotac GAMING SOLID,15198.0,GeForce RTX 5070,12.0,2160.0,2512.0,Black / Copper,304.0,ZOTAC
Gigabyte WINDFORCE OC,27227.0,GeForce RTX 4070 Ti SUPER,16.0,2340.0,2625.0,Black,261.0,Gigabyte
Acer Nitro OC,4799.8,Arc B570,10.0,2500.0,2690.0,Black / Silver,288.0,Acer
Asus DUAL EVO OC,6799.8,GeForce RTX 2060,6.0,1365.0,1785.0,Black,242.0,ASUS
Asus TUF GAMING OC,15900.0,GeForce RTX 4070,12.0,1920.0,2580.0,Black,301.0,ASUS
Gigabyte GAMING OC,7599.8,GeForce RTX 5060 Ti,8.0,2410.0,2647.0,Black,281.0,Gigabyte
Asus STRIX GAMING OC,19580.0,GeForce RTX 2080 Ti,11.0,1350.0,1665.0,Black,305.0,ASUS
Yeston Sakura,16980.0,GeForce RTX 4070 SUPER,12.0,1980.0,2640.0,White / Blue,330.0,Yeston
Asus TUF GAMING OC,23980.0,GeForce RTX 3080 Ti,12.0,1365.0,1695.0,Black,300.0,ASUS
XFX Quicksilver Magnetic Air,19180.0,Radeon RX 9070 XT,16.0,1870.0,3100.0,Black,350.0,XFX
Asus PRIME,8399.79,GeForce RTX 5060 Ti,8.0,2410.0,2602.0,Black,304.0,ASUS
Asus PRIME OC,22580.0,GeForce RTX 4070 Ti SUPER,16.0,2340.0,2655.0,Black,300.0,ASUS
Asus TUF GAMING OC,13980.0,GeForce RTX 3060 Ti,8.0,1410.0,1785.0,Black,302.0,ASUS
MSI VENTUS 2X OC,17980.0,GeForce RTX 4070,12.0,1920.0,2520.0,Silver / Black,242.0,MSI
Gigabyte GV-N1030D4-2GL,1559.6,GeForce GT 1030 DDR4,2.0,1151.0,1417.0,Black,150.0,Gigabyte
XFX Quicksilver OC,16664.2,Radeon RX 9070,16.0,1440.0,2700.0,Black,355.0,XFX
Gigabyte EAGLE,5344.8,Radeon RX 6500 XT,4.0,2310.0,2815.0,Black,192.0,Gigabyte
MSI GAMING X,9380.0,GeForce GTX 1070,8.0,1506.0,1797.0,Black / Red,279.0,MSI
PowerColor Red Devil,16500.0,Radeon RX 6700 XT,12.0,2321.0,2622.0,Black,320.0,PowerColor
Gigabyte AERO OC,28877.0,GeForce RTX 4070 Ti SUPER,16.0,2340.0,2655.0,White / Silver,300.0,Gigabyte
EVGA FTW3 ULTRA GAMING,39999.8,GeForce RTX 3090 Ti,24.0,1560.0,1920.0,Black,300.0,EVGA
NVIDIA Founders Edition,15500.0,GeForce RTX 2080,8.0,1515.0,1800.0,Black / Silver,267.0,NVIDIA
Gigabyte GAMING OC,5399.8,GeForce RTX 5050,8.0,2317.0,2632.0,Black,280.0,Gigabyte
XFX Mercury OC Magnetic Air RGB,17199.8,Radeon RX 9070 XT,16.0,1870.0,3100.0,Black,360.0,XFX
MSI VENTUS 3X OC,15900.0,GeForce RTX 3070 Ti,8.0,1575.0,1800.0,Black / Silver,316.0,MSI
Yeston Sakura,11743.2,GeForce RTX 4060 Ti,16.0,2310.0,2595.0,White / Blue,305.0,Yeston
Gigabyte GAMING OC,29900.0,GeForce RTX 4070 Ti,12.0,2310.0,2640.0,Black,336.0,Gigabyte
MSI RTX 5060 Ti 16G INSPIRE 2X OC,10799.6,GeForce RTX 5060 Ti,16.0,2410.0,2632.0,Gold / Black,204.0,MSI
Sapphire NITRO+,9039.4,Radeon RX 6600 XT,8.0,1968.0,2607.0,Black / Silver,240.0,Sapphire
Zotac GAMING Twin Fan,5380.0,GeForce GTX 1660,6.0,1530.0,1785.0,Black,216.0,ZOTAC
XFX Speedster MERC 319 Black,19179.8,Radeon RX 7800 XT,16.0,1295.0,2565.0,Black / Silver,326.0,XFX
Asus TUF GAMING,39699.8,GeForce RTX 4080 SUPER,16.0,2210.0,2580.0,Black,348.0,ASUS
Asus ROG STRIX GAMING OC,25960.0,GeForce RTX 3080 Ti,12.0,1365.0,1845.0,Black / Silver,318.0,ASUS
Asus DUAL EVO OC,12599.8,GeForce RTX 4070 SUPER,12.0,1980.0,2550.0,White,227.0,ASUS
MSI GAMING X TRIO,24900.0,GeForce RTX 4070 Ti,12.0,2310.0,2760.0,Black,337.0,MSI
EVGA FTW3 ULTRA GAMING,13900.0,GeForce RTX 3070,8.0,1500.0,1815.0,Black / Silver,300.0,EVGA
Zotac GAMING AMP Extreme INFINITY,55999.8,GeForce RTX 5090,32.0,2010.0,2467.0,Black,332.0,ZOTAC
Zotac Twin Edge,7599.8,GeForce RTX 5060 Ti,8.0,2410.0,2572.0,Black,220.0,ZOTAC
MSI VENTUS 2X PLUS,9799.79,GeForce RTX 5060 Ti,16.0,2410.0,2587.0,Black / Gray,227.0,MSI
XFX Mercury OC,7999.8,Radeon RX 9060 XT,16.0,2220.0,3320.0,Black / Silver,320.0,XFX
Asus PRIME OC,7999.8,GeForce RTX 5060 Ti,8.0,2410.0,2647.0,Black,304.0,ASUS
Palit GameRock,24670.8,GeForce RTX 5070 Ti,16.0,2300.0,2452.0,Black,332.0,Palit
Gigabyte WINDFORCE OC,7699.8,GeForce RTX 5060 Ti,8.0,2410.0,2587.0,Black,208.0,Gigabyte
AMD 100-300000074,72800.0,Radeon PRO W7900,48.0,1855.0,2495.0,Black,280.0,AMD
Asus ROG STRIX,9960.0,GeForce GTX 1080,8.0,1670.0,1835.0,Black,298.0,ASUS
Gigabyte AORUS MASTER,15141.2,GeForce RTX 3070,8.0,1500.0,1845.0,Black,290.0,Gigabyte
Zotac Twin Edge OC,16599.8,GeForce RTX 4070,12.0,1920.0,2490.0,Black,226.0,ZOTAC
PowerColor Red Devil Ultimate,15399.8,Radeon RX 6900 XT,16.0,1825.0,2425.0,Black,320.0,PowerColor
MSI VENTUS 3X OC,11599.8,GeForce RTX 5070,12.0,2160.0,2557.0,Silver / Black,302.0,MSI
MSI GAMING X TRIO,35900.0,GeForce RTX 4080,16.0,2205.0,2610.0,Black,337.0,MSI
Gigabyte OC Low Profile,9999.79,GeForce RTX 4060,8.0,1830.0,2475.0,Black,182.0,Gigabyte
Asus ROG STRIX GAMING OC,27960.0,GeForce RTX 4070 Ti SUPER,16.0,2340.0,2700.0,Black,336.0,ASUS
Sapphire NITRO+,9180.0,Radeon RX 580,8.0,1257.0,1411.0,Black,260.0,Sapphire
Zotac GAMING Trinity OC,51800.0,GeForce RTX 4090,24.0,2235.0,2535.0,Black / Silver,356.0,ZOTAC
Yeston Sakura,17980.0,Radeon RX 9070 XT,16.0,2070.0,2700.0,White / Blue,342.0,Yeston
EVGA XC3 ULTRA GAMING,18380.0,GeForce RTX 3080 10GB,10.0,1440.0,1755.0,Black,285.0,EVGA
Asus TUF Gaming OG OC,36399.8,GeForce RTX 4090,24.0,2235.0,2595.0,Black,326.0,ASUS
Gigabyte AORUS MASTER,15999.8,GeForce RTX 5070,12.0,2160.0,2715.0,Black,317.0,Gigabyte
Zotac GAMING Trinity,35000.0,GeForce RTX 4080 SUPER,16.0,2210.0,2550.0,Black,307.0,ZOTAC
Gigabyte AORUS ELITE,15906.0,GeForce RTX 5060 Ti,16.0,2410.0,2722.0,Black,329.0,Gigabyte
PNY VCNRTX4000ADA-PB,25814.6,RTX 4000 Ada Generation,20.0,1500.0,2175.0,Black,241.0,PNY
Zotac GAMING AMP,6199.8,GeForce RTX 5060,8.0,2280.0,2550.0,Black,220.0,ZOTAC
Sparkle ROC Luna OC,6032.0,Arc A750,8.0,2050.0,2200.0,White,281.0,Sparkle
Asus TUF GAMING OC,23780.0,GeForce RTX 4070 SUPER,12.0,1980.0,2595.0,Black,301.0,ASUS
ASRock Steel Legend OC,8611.0,Radeon RX 7600,8.0,1720.0,2725.0,White,303.0,ASRock
EVGA SC GAMING ACX 3.0,9900.0,GeForce GTX 1070,8.0,1594.0,1784.0,Black / Silver,267.0,EVGA
MSI Radeon RX 6600 MECH 2X 8G,11900.0,Radeon RX 6600,8.0,1626.0,2491.0,Black / Silver,235.0,MSI
Asus STRIX GAMING OC,13700.0,GeForce RTX 2070,8.0,1410.0,1845.0,Black,305.0,ASUS
Asus DUAL OC,11980.0,Radeon RX 7700 XT,12.0,1700.0,2599.0,Black,280.0,ASUS
Gigabyte WINDFORCE OC,5999.8,GeForce GTX 1660 Ti,6.0,1500.0,1845.0,Black / Gray,265.0,Gigabyte
Asus TUF GAMING OC,37780.0,GeForce RTX 4080,16.0,2205.0,2625.0,Black,348.0,ASUS
ASRock Challenger OC,16809.0,Radeon RX 7800 XT,16.0,1295.0,2475.0,Black,267.0,ASRock
MSI RTX 4090 VENTUS 3X 24G OC,61780.0,GeForce RTX 4090,24.0,2235.0,2565.0,Silver / Black,322.0,MSI
Inno3D X3 OC,23514.6,GeForce RTX 5070 Ti,16.0,2295.0,2482.0,White / Silver,300.0,Inno3D
NVIDIA Founders Edition,17180.0,GeForce RTX 2080 SUPER,8.0,1650.0,1815.0,Silver,267.0,NVIDIA
Zotac GAMING Trinity OC,33999.8,GeForce RTX 3090,24.0,1395.0,1710.0,Black,318.0,ZOTAC
Zotac GAMING Low Profile,5985.6,GeForce RTX 3050 6GB,6.0,1040.0,1470.0,Black,151.0,ZOTAC
XFX Speedster MERC 310,21180.0,Radeon RX 7900 XT,20.0,1775.0,2535.0,White,344.0,XFX
Zotac Solid Core OC,24405.0,GeForce RTX 5070 Ti,16.0,2300.0,2482.0,White / Gold,304.0,ZOTAC
Asus DUAL OC,17999.8,GeForce RTX 4070 SUPER,12.0,1980.0,2550.0,Black,267.0,ASUS
Asus DUAL,4999.8,GeForce RTX 5050,8.0,2317.0,2602.0,Black,203.0,ASUS
PNY OC,5999.8,GeForce RTX 5060,8.0,2280.0,2535.0,Black,200.0,PNY
Asus DUAL OC,12399.8,GeForce RTX 4070,12.0,1920.0,2550.0,White,267.0,ASUS
ASRock Steel Legend OC,17979.8,Radeon RX 9070,16.0,2210.0,2700.0,White / Gray,298.0,ASRock
NVIDIA 9001G4012510000,7380.0,GeForce GTX 970,4.0,1050.0,1178.0,Black / Silver,267.0,NVIDIA
PNY XLR8 Gaming VERTO EPIC-X RGB OC,17980.0,GeForce RTX 4070 SUPER,12.0,1980.0,2505.0,Black,305.0,PNY
MSI VENTUS 3X OC,10295.79,GeForce RTX 3060 Ti LHR,8.0,1410.0,1695.0,Black / Gray,316.0,MSI
Gigabyte AERO OC,9680.4,GeForce RTX 5060 Ti,8.0,2410.0,2647.0,White / Silver,281.0,Gigabyte
MSI GAMING X,8900.0,GeForce GTX 1060 6GB,6.0,1506.0,1809.0,Black / Red,277.0,MSI
PNY VCQP600-PB,1280.8,Quadro P600,2.0,1354.0,1455.0,Black,145.0,PNY
Zotac Twin Edge OC,13360.0,GeForce RTX 3060 Ti,8.0,1410.0,1695.0,Black,222.0,ZOTAC
Zotac GAMING Trinity OC,21600.0,GeForce RTX 3080 10GB,10.0,1440.0,1725.0,Black,318.0,ZOTAC
Asus DUAL,10619.2,Radeon RX 6600,8.0,1626.0,2491.0,Black / Silver,243.0,ASUS
Gigabyte AERO OC,59800.0,GeForce RTX 4090,24.0,2520.0,2535.0,Silver / White,342.0,Gigabyte
MSI GAMING X,13980.0,GeForce GTX 1080 Ti,11.0,1569.0,1683.0,Black / Red,290.0,MSI
MSI GAMING X,7000.0,GeForce GTX 1050 Ti,4.0,1290.0,1493.0,Black / Red,229.0,MSI
AMD RADEON PRO WX 7100,3699.2,Radeon Pro WX 7100,8.0,900.0,1080.0,Blue,242.0,AMD
PowerColor Hellhound OC,7314.4,Radeon RX 9060 XT,8.0,2220.0,3310.0,Black,310.0,PowerColor
PowerColor Fighter,6512.2,Radeon RX 7600,8.0,1720.0,2655.0,Black,212.0,PowerColor
PNY RTX A-Series,18880.0,RTX A4000,16.0,735.0,1560.0,Black / Gold,241.0,PNY
PowerColor Fighter,15780.0,Radeon RX 6700 XT,12.0,2321.0,2581.0,Black,228.0,PowerColor
MSI ARMOR OC,9451.4,Radeon RX 580,8.0,1257.0,1366.0,Black / White,269.0,MSI
Gigabyte Vision OC,15900.0,GeForce RTX 3070 Ti,8.0,1575.0,1830.0,White / Silver,320.0,Gigabyte
PNY EPIC-X RGB Triple Fan Plus OC,25458.2,GeForce RTX 5070 Ti,16.0,2295.0,2640.0,Black,328.0,PNY
Sparkle ROC OC,8090.0,Arc A770,16.0,2100.0,2300.0,Black,281.0,Sparkle
MSI VENTUS 2X OC,7199.8,GeForce RTX 3060 8GB,8.0,1320.0,1807.0,Black,235.0,MSI
Zotac GAMING Twin Edge,11487.8,GeForce RTX 4060 Ti,8.0,2310.0,2535.0,Black,226.0,ZOTAC
XFX Speedster QICK 308 Black,7534.4,Radeon RX 7600,8.0,1875.0,2755.0,Black,272.0,XFX
Gigabyte WINDFORCE OC,7980.0,GeForce GTX 1060 6GB,6.0,1582.0,1797.0,Black / Red,223.0,Gigabyte
MSI VENTUS 2X PLUS,7399.8,GeForce RTX 5060 Ti,8.0,2410.0,2587.0,Black / Gray,227.0,MSI
Asus ROG STRIX GAMING OC,39999.8,GeForce RTX 4080,16.0,2205.0,2655.0,Black / Red,358.0,ASUS
MSI GAMING X TRIO,18999.8,GeForce RTX 3070 Ti,8.0,1575.0,1830.0,Black / Silver,323.0,MSI
Yeston LP,4100.0,GeForce RTX 3050 6GB,6.0,1040.0,1470.0,Pink,160.0,Yeston
Gigabyte GAMING,9180.0,GeForce GTX 1070,8.0,1594.0,1822.0,Black / Orange,280.0,Gigabyte
EVGA FTW3 ULTRA GAMING iCX3,13780.0,GeForce RTX 3060 Ti,8.0,1410.0,1800.0,Black,285.0,EVGA
EVGA XC3 ULTRA GAMING,11860.4,GeForce RTX 3070 Ti,8.0,1575.0,1815.0,Black,285.0,EVGA
PNY VERTO OC,35980.0,GeForce RTX 4080 SUPER,16.0,2210.0,2565.0,Black,340.0,PNY
Asus TUF GAMING,23780.0,GeForce RTX 4070 Ti,12.0,2310.0,2640.0,Black,305.0,ASUS
Gigabyte OC,3960.0,GeForce GTX 1050,2.0,1379.0,1518.0,Black / Orange,191.0,Gigabyte
PowerColor Red Devil OC,17298.2,Radeon RX 6800 XT,16.0,1825.0,2340.0,Black,320.0,PowerColor
Asus DUAL OC,4999.8,GeForce RTX 5050,8.0,2317.0,2677.0,Black,203.0,ASUS
MSI GAMING X TRIO,19619.8,GeForce RTX 3080 Ti,12.0,1365.0,1770.0,Black / Silver,324.0,MSI
Zotac Twin Edge OC,7799.8,GeForce RTX 5060 Ti,8.0,2410.0,2602.0,Black,220.0,ZOTAC
PNY VCQRTX8000-PB,65939.2,Quadro RTX 8000,48.0,1395.0,1770.0,Black / White,267.0,PNY
EVGA FTW GAMING ACX 3.0,11960.0,GeForce GTX 1080,8.0,1721.0,1860.0,Black / Silver,267.0,EVGA
Gigabyte EAGLE OC ICE,11996.0,GeForce RTX 4060,8.0,1830.0,2505.0,White,272.0,Gigabyte
Asus ROG STRIX GAMING OC,25960.0,GeForce RTX 4070 Ti,12.0,2310.0,2790.0,Black,336.0,ASUS
Yeston Sakura,10380.0,Radeon RX 7700 XT,12.0,2171.0,2599.0,White / Blue,340.0,Yeston
MSI VENTUS 3X OC,26900.0,GeForce RTX 3080 Ti,12.0,1365.0,1695.0,Black / Silver,305.0,MSI
Sapphire PULSE,9438.4,Radeon RX 6600 XT,8.0,1968.0,2593.0,Black / Red,240.0,Sapphire
PNY RTX A-Series,11939.2,RTX A2000 12GB,12.0,562.0,1200.0,Black,167.0,PNY
Asus ROG STRIX GAMING OC V2,13999.8,GeForce RTX 3060 12GB,12.0,1320.0,1912.0,Black / Silver,300.0,ASUS
Asus ProArt OC,23960.0,GeForce RTX 4060 Ti,16.0,2310.0,2685.0,Black / Gold,300.0,ASUS
Inno3D Twin X2,15571.0,GeForce RTX 5070,12.0,2325.0,2512.0,Black / Silver,250.0,Inno3D
Gigabyte GAMING OC,19900.0,Radeon RX 6800 XT,16.0,1825.0,2285.0,Black / Silver,286.0,Gigabyte
ASRock Phantom Gaming,4885.2,Radeon RX 6500 XT,8.0,2420.0,2825.0,Black,240.0,ASRock
AMD ‎100-438373,21999.8,Radeon RX 6900 XT,16.0,1825.0,2250.0,Black / Silver,267.0,AMD
Gigabyte AORUS MASTER,17360.0,GeForce RTX 3070 Ti,8.0,1575.0,1875.0,Black,324.0,Gigabyte
PNY VERTO OC,7799.8,GeForce RTX 4060 Ti,8.0,2310.0,2550.0,Black,245.0,PNY
Gigabyte OC Low Profile,5319.8,GeForce RTX 3050 6GB,6.0,1040.0,1477.0,Black,181.0,Gigabyte
NVIDIA TITAN RTX,25380.0,TITAN RTX,24.0,1350.0,1770.0,Gold / Black,267.0,NVIDIA
EVGA SC GAMING ACX 3.0 Black Edition,10500.0,GeForce GTX 1070 Ti,8.0,1607.0,1683.0,Black,267.0,EVGA
PowerColor Red Dragon,10580.0,Radeon RX 5700 XT,8.0,1650.0,1905.0,Black,240.0,PowerColor
EVGA SC ULTRA GAMING,4700.8,GeForce GTX 1660,6.0,1530.0,1830.0,Silver / Black,202.0,EVGA
Zotac GAMING Twin Edge OC,21880.0,GeForce RTX 4070 SUPER,12.0,1980.0,2490.0,Black,234.0,ZOTAC
Asus TUF GAMING OC,25900.0,GeForce RTX 4070 Ti,12.0,2310.0,2760.0,White,305.0,ASUS
Asus Phoenix GeForce RTX 3060 V2,5999.8,GeForce RTX 3060 12GB,12.0,1320.0,1807.0,Black,177.0,ASUS
PowerColor Red Dragon OC,19900.0,Radeon RX 6800 XT,16.0,1825.0,2310.0,Black,310.0,PowerColor
PowerColor Hellhound,19979.8,Radeon RX 7900 XT,20.0,2000.0,2500.0,Black,320.0,PowerColor
Asus TUF GAMING OC,21132.8,Radeon RX 9070,16.0,2170.0,2670.0,Black / Silver,330.0,ASUS
ASRock Phantom Gaming OC,22599.8,Radeon RX 7900 XT,20.0,2000.0,2450.0,Black,330.0,ASRock
Asus TUF GAMING OC,14111.2,GeForce RTX 4060 Ti,8.0,2310.0,2655.0,Black,300.0,ASUS
Sapphire PULSE ITX PURE,4414.2,Radeon RX 6500 XT,4.0,2310.0,2825.0,White,152.0,Sapphire
Asus PRIME OC,17999.4,GeForce RTX 4070 SUPER,12.0,1980.0,2550.0,Black,269.0,ASUS
PNY VERTO,9999.0,GeForce RTX 4060 Ti,8.0,2310.0,2535.0,Black,245.0,PNY
EVGA SSC ACX 2.0+,7980.0,GeForce GTX 960,4.0,1279.0,1342.0,Black / Silver,257.0,EVGA
PNY VERTO,65900.0,GeForce RTX 4090,24.0,2235.0,2520.0,Black,337.0,PNY
Gigabyte GAMING OC,21218.0,GeForce RTX 4070 SUPER,12.0,1980.0,2565.0,Black,300.0,Gigabyte
Asus ROG STRIX GAMING OC,8999.79,Radeon RX 6600 XT,8.0,1968.0,2607.0,Black / Gray,243.0,ASUS
Zotac GAMING Trinity OC,15400.0,GeForce RTX 3070 Ti,8.0,1575.0,1800.0,Black,318.0,ZOTAC
NVIDIA Founders Edition,14400.0,GeForce RTX 2070,8.0,1410.0,1710.0,Silver / Black,229.0,NVIDIA
MSI VENTUS XS OC,15700.0,GeForce RTX 2080 SUPER,8.0,1650.0,1830.0,Silver / Black,257.0,MSI
Gigabyte OC Rev 2.0,6180.0,GeForce RTX 2060,6.0,1365.0,1755.0,Black / Gray,226.0,Gigabyte
MSI GAMING X,11960.0,GeForce GTX 1080,8.0,1607.0,1847.0,Black / Red,279.0,MSI
Asus ROG STRIX GAMING OC,14500.0,GeForce RTX 3070,8.0,1500.0,1905.0,Black,318.0,ASUS
EVGA FTW3 ULTRA GAMING,23780.0,GeForce RTX 3080 12GB LHR,12.0,1260.0,1800.0,Black,300.0,EVGA
Asus LP BRK OC,8980.0,GeForce RTX 4060,8.0,1830.0,2520.0,Black,188.0,ASUS
Asus ROG STRIX WHITE OC,39999.8,GeForce RTX 3090,24.0,1395.0,1890.0,White / Black,318.0,ASUS
MSI MECH OC,12700.0,Radeon RX 5700 XT,8.0,1670.0,1925.0,Black,232.0,MSI
AMD 100-506115,2653.8,Radeon Pro WX 3200,4.0,1250.0,1290.0,Blue / Black,168.0,AMD
Sparkle ORC OC,4518.6,Arc A580,8.0,1700.0,2000.0,Blue / Black,222.0,Sparkle
Asus TUF GAMING,23370.2,GeForce RTX 4070 Ti SUPER,16.0,2340.0,2640.0,Black,305.0,ASUS
ASRock Steel Legend OC,16196.2,Radeon RX 7700 XT,12.0,1700.0,2599.0,White,304.0,ASRock
Palit GamingPro,17231.8,GeForce RTX 5070,12.0,2325.0,2512.0,Black,332.0,Palit
AMD 100-506001,1499.6,Radeon Pro WX 2100,2.0,925.0,1219.0,Blue,145.0,AMD
EVGA FTW3 ULTRA GAMING,19960.0,GeForce RTX 2080 Ti,11.0,1350.0,1755.0,Clear / Black,302.0,EVGA
Zotac GAMING Trinity OC,25999.8,GeForce RTX 3080 Ti,12.0,1365.0,1695.0,Black / Silver,318.0,ZOTAC
PNY EPIC-X RGB OC,7999.8,GeForce RTX 5060 Ti,8.0,2407.0,2692.0,Black,297.0,PNY
XFX Mercury OC Magnetic Air RGB V2,18399.8,Radeon RX 9070 XT,16.0,1870.0,3100.0,Black,360.0,XFX
MSI GAMING X SLIM,63780.0,GeForce RTX 4090,24.0,2235.0,2610.0,Black,322.0,MSI
MSI GAMING X,14760.0,GeForce RTX 2070 SUPER,8.0,1605.0,1800.0,Black,297.0,MSI
XFX Quicksilver Magnetic Air,18400.0,Radeon RX 7800 XT,16.0,1295.0,2430.0,White,337.0,XFX
Asus TUF GAMING OC V2,20980.0,GeForce RTX 3080 10GB LHR,10.0,1440.0,1815.0,Black,300.0,ASUS
MSI GAMING Z TRIO,18999.0,GeForce RTX 3080 10GB LHR,10.0,1440.0,1830.0,Black,323.0,MSI
PNY VCG509032TFXPB1,77259.79,GeForce RTX 5090,32.0,2010.0,2407.0,Black,329.0,PNY
XFX RS XXX,5980.0,Radeon RX 570,4.0,1168.0,1284.0,Black / Red,243.0,XFX
Asus TUF GAMING,15980.0,GeForce RTX 3070 Ti,8.0,1575.0,1800.0,Black / Silver,300.0,ASUS
Inno3D Twin X2 OC,8591.0,GeForce RTX 5060,8.0,2280.0,2527.0,Black / Silver,250.0,Inno3D
Asus DUAL OC,11199.8,GeForce RTX 4060 Ti,8.0,2310.0,2595.0,Black,227.0,ASUS
Zotac GAMING AMP Holo,13960.0,GeForce RTX 3070,8.0,1500.0,1785.0,Silver / Black,291.0,ZOTAC
MSI GAMING X TRIO,10780.0,GeForce RTX 3060 Ti,8.0,1410.0,1830.0,Black / Silver,323.0,MSI
EVGA XC ULTRA GAMING,14700.0,GeForce RTX 2080,8.0,1515.0,1815.0,Black / Clear,270.0,EVGA
Gigabyte EAGLE OC,18955.2,GeForce RTX 4070 SUPER,12.0,1980.0,2535.0,Black,261.0,Gigabyte
EVGA Superclocked ACX 2.0,7780.0,GeForce GTX 980,4.0,1266.0,1367.0,Black,267.0,EVGA
EVGA SC GAMING ACX 2.0,5180.2,GeForce GTX 1050 Ti,4.0,1354.0,1468.0,Black,145.0,EVGA
PNY VCG16606SSFPPB,5180.0,GeForce GTX 1660 SUPER,6.0,1530.0,1785.0,Black,168.0,PNY
PowerColor Red Devil Limited Edition OC,21000.0,Radeon RX 9070 XT,16.0,2460.0,3060.0,Black,340.0,PowerColor
Sparkle ORC OC,5619.0,Arc A750,8.0,2050.0,2200.0,Blue / Black,222.0,Sparkle
MSI GeForce RTX 3090 TI GAMING X TRIO 24G,39780.0,GeForce RTX 3090 Ti,24.0,1560.0,1920.0,Black,325.0,MSI
PNY VCG507012TFXPB1,15915.59,GeForce RTX 5070,12.0,2325.0,2512.0,Black,300.0,PNY
PNY VCQRTX4000-PB,6999.2,Quadro RTX 4000,8.0,1005.0,1545.0,Silver / Black,267.0,PNY
Gigabyte AERO OC,42800.0,GeForce RTX 4080,16.0,2205.0,2535.0,White,342.0,Gigabyte
Asus DUAL EVO OC,6599.8,GeForce GTX 1660 SUPER,6.0,1530.0,1860.0,Black,242.0,ASUS
Inno3D Twin X2 OC,15681.8,GeForce RTX 5070,12.0,2325.0,2542.0,Black / Silver,250.0,Inno3D
Asus TUF-RX6800XT-O16G-GAMING,19960.0,Radeon RX 6800 XT,16.0,1825.0,2340.0,Black,320.0,ASUS
EVGA XC ULTRA GAMING,14980.0,GeForce RTX 2070 SUPER,8.0,1605.0,1800.0,Transparent,270.0,EVGA
MSI GAMING X TRIO,14760.0,GeForce RTX 2070 SUPER,8.0,1605.0,1800.0,Black,328.0,MSI
Asus ROG STRIX GAMING,72000.0,GeForce RTX 4090,24.0,2235.0,2550.0,Black,358.0,ASUS
Inno3D Twin X2,8742.6,GeForce RTX 3060 12GB,12.0,1320.0,1777.0,Black,240.0,Inno3D
Zotac GAMING Twin Edge OC White Edition,13180.0,GeForce RTX 3070 LHR,8.0,1500.0,1755.0,White,232.0,ZOTAC
XFX RX-570P8DFD6,7980.0,Radeon RX 570,8.0,1168.0,1286.0,Black / Red,243.0,XFX
PowerColor RX7700XT 12G-P,11023.59,Radeon RX 7700 XT,12.0,1700.0,2544.0,Black,260.0,PowerColor
Asus TUF GAMING,12999.8,GeForce RTX 4070,12.0,1920.0,2505.0,Black,301.0,ASUS
MSI GAMING,10580.0,GeForce GTX 1070 Ti,8.0,1607.0,1683.0,Black / Red,279.0,MSI
MSI GAMING X TRIO,19700.0,GeForce RTX 2080 Ti,11.0,1350.0,1755.0,Black,327.0,MSI
Zotac GAMING Twin Edge OC,11399.8,GeForce RTX 4060 Ti,8.0,2310.0,2565.0,White,226.0,ZOTAC
Gigabyte AERO OC,26980.0,GeForce RTX 4070,12.0,1920.0,2565.0,White / Silver,300.0,Gigabyte
Gigabyte Vision OC,14900.0,GeForce RTX 3060 Ti,8.0,1665.0,1755.0,Silver / White,281.0,Gigabyte
MSI VENTUS 2X OC,10420.79,GeForce RTX 3070 LHR,8.0,1500.0,1755.0,Black,232.0,MSI
MSI SUPRIM X,39900.0,GeForce RTX 4080 SUPER,16.0,2210.0,2655.0,Silver / Black,336.0,MSI
Asus GT1030-2G-BRK,2240.2,GeForce GT 1030,2.0,1266.0,1506.0,Black / Blue,169.0,ASUS
PNY XLR8 Gaming VERTO EPIC-X RGB,11644.2,GeForce RTX 4060,8.0,1830.0,2460.0,Black,260.0,PNY
Gigabyte GAMING OC,29126.8,Radeon RX 7900 XT,20.0,2000.0,2535.0,Black,331.0,Gigabyte
XFX Speedster QICK 308 Black,12599.8,Radeon RX 6600 XT,8.0,2188.0,2607.0,Black,274.0,XFX
Asus TUF GAMING OC V2,9132.2,GeForce RTX 3060 12GB,12.0,1320.0,1882.0,Black,301.0,ASUS
Gigabyte OC,5980.0,Radeon RX 5500 XT,4.0,1647.0,1845.0,Black / Gray,225.0,Gigabyte
Zotac GAMING SOLID OC,21980.0,GeForce RTX 5070 Ti,16.0,2300.0,2482.0,Black / Copper,330.0,ZOTAC
MSI VENTUS 2X OC,27580.0,GeForce RTX 4070 Ti SUPER,16.0,2340.0,2655.0,White / Silver,242.0,MSI
MSI GeForce RTX 3080 RTX 3080 SUPRIM X 10G,22900.0,GeForce RTX 3080 10GB,10.0,1440.0,1920.0,Black / Silver,336.0,MSI
Sparkle TITAN OC,8562.4,Arc A770,16.0,2100.0,2300.0,Blue / Black,306.0,Sparkle
Zotac GAMING SOLO,4999.8,GeForce RTX 5050,8.0,2317.0,2572.0,Black / Copper,164.0,ZOTAC
Asus ROG STRIX WHITE OC,24399.8,GeForce RTX 3080 10GB,10.0,1440.0,1935.0,White,318.0,ASUS
Zotac GAMING Trinity OC,24254.6,GeForce RTX 4070 Ti,12.0,2310.0,2625.0,Black,307.0,ZOTAC
Zotac MINI,13960.0,GeForce RTX 2070 SUPER,8.0,1605.0,1770.0,Black,210.0,ZOTAC
MSI GT OC,4780.0,GeForce GTX 1060 3GB,3.0,1544.0,1759.0,Black / White,243.0,MSI
PNY XLR8 Gaming VERTO EPIC-X RGB OC,37960.0,GeForce RTX 4080 SUPER,16.0,2210.0,2595.0,Black,332.0,PNY
Asus STRIX GAMING Advanced,14700.0,GeForce RTX 2070 SUPER,8.0,1635.0,1830.0,Black,300.0,ASUS
XFX Mercury OC,8802.4,Radeon RX 9060 XT,16.0,2220.0,3320.0,Black / Silver,320.0,XFX
EVGA XC3 BLACK GAMING,15780.0,GeForce RTX 3080 10GB LHR,10.0,1440.0,1710.0,Black,285.0,EVGA
Asus DUAL OC,8599.79,GeForce RTX 4060,8.0,1830.0,2535.0,Black,227.0,ASUS
MSI GAMING X,12066.0,Radeon RX 6600 XT,8.0,1968.0,2607.0,Black / Silver,277.0,MSI
Asus Phoenix OC,5780.0,GeForce GTX 1660 SUPER,6.0,1530.0,1830.0,Black / White,174.0,ASUS
MSI VANGUARD SOC LAUNCH EDITION,21199.8,GeForce RTX 5070 Ti,16.0,2300.0,2602.0,Black / Silver,357.0,MSI
Asus ROG STRIX,10980.0,GeForce GTX 1070 Ti,8.0,1607.0,1759.0,Black,298.0,ASUS
PNY VCQP1000-PB,2140.0,Quadro P1000,4.0,1354.0,1455.0,Black,145.0,PNY
MSI VENTUS 3X OC,6599.8,GeForce RTX 5060,8.0,2280.0,2550.0,Silver / Black,303.0,MSI
Asus ROG STRIX GAMING OC,19999.8,GeForce RTX 3080 12GB LHR,12.0,1260.0,1890.0,Black / Silver,318.0,ASUS
Gigabyte EAGLE OC,9470.4,GeForce RTX 5060 Ti,8.0,2410.0,2617.0,White / Silver,215.0,Gigabyte
MSI VENTUS 3X OC,24980.0,GeForce RTX 4070 Ti,12.0,2310.0,2655.0,Silver / Black,308.0,MSI
EVGA ACX 2.0,7180.0,GeForce GTX 970,4.0,1050.0,1178.0,Black / Blue,241.0,EVGA
Gigabyte OC Low Profile,7538.6,GeForce RTX 5050,8.0,2317.0,2587.0,Black,182.0,Gigabyte
Asus ROG STRIX GAMING OC V2,9703.4,GeForce RTX 3060 Ti LHR,8.0,1410.0,1890.0,Black / Silver,318.0,ASUS
Asus DUAL OC,7599.8,GeForce RTX 3050 8GB,8.0,1550.0,1852.0,Black,200.0,ASUS
MSI GAMING X,9780.0,Radeon RX 580,8.0,1257.0,1393.0,Black / Red,276.0,MSI
PNY VCNRTX4000ADALP-PB,25980.0,RTX 4000 SFF Ada Generation,20.0,1290.0,1565.0,Black,168.0,PNY
Palit Infinity 3 OC,11671.6,GeForce RTX 5060 Ti,8.0,2407.0,2662.0,Black,292.0,Palit
EVGA FTW GAMING ACX 3.0,9780.0,GeForce GTX 1070,8.0,1607.0,1797.0,Black / Gray,267.0,EVGA
MSI EXPERT,39780.0,GeForce RTX 4080 SUPER,16.0,2210.0,2625.0,Copper / Black,312.0,MSI
MSI VENTUS 2X E OC,27977.6,GeForce RTX 4070,12.0,1920.0,2520.0,Silver / Black,245.0,MSI
Palit StormX,5120.0,GeForce RTX 3050 6GB,6.0,1040.0,1470.0,Black,162.0,Palit
EVGA SSC GAMING,7660.0,GeForce GTX 1060 6GB,6.0,1607.0,1835.0,Black,267.0,EVGA
MSI SHADOW 3X,21780.0,GeForce RTX 5070 Ti,16.0,2300.0,2467.0,Black,303.0,MSI
Asus TUF GAMING OC,10799.8,GeForce RTX 5060 Ti,8.0,2410.0,2692.0,Black / Silver,302.0,ASUS
PNY VCQP620-PB,1821.4,Quadro P620,2.0,1266.0,1354.0,Black,145.0,PNY
Asus TUF GAMING OC V2,13979.4,GeForce RTX 3060 Ti LHR,8.0,1410.0,1785.0,Black,301.0,ASUS
MSI GAMING Z,18333.8,GeForce RTX 2060,6.0,1365.0,1830.0,Black / Gray,247.0,MSI
Asus ROG STRIX GAMING OC,24599.8,GeForce RTX 4070 SUPER,12.0,1980.0,2670.0,Black,339.0,ASUS
Zotac GAMING AMP,7999.8,GeForce RTX 5060 Ti,8.0,2410.0,2632.0,Black,220.0,ZOTAC
Asus DUAL OC,19400.0,Radeon RX 6750 XT,12.0,2150.0,2618.0,Black / Silver,295.0,ASUS
MSI RTX 3090 SUPRIM X 24G,33160.0,GeForce RTX 3090,24.0,1395.0,1875.0,Silver,336.0,MSI
MSI Radeon RX 6900 XT GAMING X TRIO 16G,22700.2,Radeon RX 6900 XT,16.0,1825.0,2340.0,Silver / Black,324.0,MSI
XFX GTS,5886.0,Radeon RX 580,8.0,1405.0,1425.0,Black / Red,270.0,XFX
Asus STRIX-GTX960-DC2OC-2GD5,4980.0,GeForce GTX 960,2.0,1228.0,1291.0,Black,215.0,ASUS
Gigabyte GAMING OC,11780.0,Radeon RX 6600 XT,8.0,1968.0,2593.0,Black / Silver,282.0,Gigabyte
XFX RX-97TMAQKW9,24423.0,Radeon RX 9070 XT,16.0,2400.0,2970.0,White,360.0,XFX
Asus ProArt OC,14400.0,GeForce RTX 4060,8.0,1830.0,2580.0,Black / Gold,300.0,ASUS
MSI GAMING X TRIO,24980.0,Radeon RX 6950 XT,16.0,1890.0,2454.0,Silver / Black,325.0,MSI
Asus TUF Gaming EVO OC,8400.0,GeForce GTX 1660 Ti,6.0,1500.0,1845.0,Black / Gray,206.0,ASUS
Zotac GAMING Twin Edge OC,6199.8,GeForce RTX 5060,8.0,2280.0,2527.0,Black,220.0,ZOTAC
Gigabyte GAMING OC,31399.8,GeForce RTX 3090,24.0,1395.0,1755.0,Black / Gray,320.0,Gigabyte
Asus DUAL OC,10980.0,Radeon RX 6600 XT,8.0,1968.0,2607.0,Black / White,243.0,ASUS
Zotac GAMING SOLO,5570.6,GeForce RTX 3050 6GB,6.0,1040.0,1470.0,Black,151.0,ZOTAC
Zotac GAMING AMP Holo,11719.8,GeForce RTX 3070 Ti,8.0,1575.0,1830.0,Black / Silver,317.0,ZOTAC
MSI GAMING X TRIO,18269.2,Radeon RX 6750 XT,12.0,2150.0,2623.0,Silver / Black,327.0,MSI
MSI Radeon RX 6800 XT Gaming X Trio 16G,23409.8,Radeon RX 6800 XT,16.0,1850.0,2285.0,Silver / Black,324.0,MSI
Asus DUAL,6900.0,GeForce GTX 1060 3GB,3.0,1594.0,1809.0,White,242.0,ASUS
MSI GeForce RTX 2080 TI VENTUS 11G OC,19960.0,GeForce RTX 2080 Ti,11.0,1350.0,1635.0,Silver / Black,268.0,MSI
EVGA FTW3 ULTRA GAMING LHR,15999.8,GeForce RTX 3080 10GB LHR,10.0,1440.0,1800.0,Black,300.0,EVGA
AMD 100-505999,2799.2,Radeon Pro WX 3100,4.0,925.0,1219.0,Blue,168.0,AMD
Gigabyte GAMING OC Rev 2.0,16999.8,GeForce RTX 3080 10GB LHR,10.0,1440.0,1800.0,Black / Gray,320.0,Gigabyte
EVGA Black,19960.0,GeForce RTX 2080 Ti,11.0,1350.0,1545.0,Black / Clear,270.0,EVGA
PNY VCQRTX5000-PB,14999.2,Quadro RTX 5000,16.0,1620.0,1815.0,Silver / Black,267.0,PNY
MSI MSI RTX 2070 Ventus 8G Video Card,13180.0,GeForce RTX 2070,8.0,1410.0,1620.0,Silver / Black,226.0,MSI
PNY ARGB EPIC-X RGB OC,6799.8,GeForce RTX 5060,8.0,2280.0,2580.0,Black,280.0,PNY
EVGA SC GAMING,11780.0,GeForce RTX 2060,6.0,1365.0,1710.0,Black,190.0,EVGA
PNY VCQP400-PB,1799.8,Quadro P400,2.0,1070.0,1170.0,Black,145.0,PNY
MSI SUPRIM X,33349.8,GeForce RTX 3070 Ti,8.0,1575.0,1875.0,Black / Silver,335.0,MSI
PowerColor Red Devil,11980.0,Radeon RX 6600 XT,8.0,1968.0,2607.0,Black,251.0,PowerColor
MSI RTX 4090 GAMING SLIM 24G,61400.0,GeForce RTX 4090,24.0,2235.0,2535.0,Black,322.0,MSI
MSI Ventus XS OCV1,4900.0,GeForce GTX 1650 G6,4.0,1410.0,1620.0,Black / Silver,179.0,MSI
Gigabyte GAMING OC Rev 2.0,13980.0,GeForce RTX 3070 LHR,8.0,1500.0,1815.0,Black,286.0,Gigabyte
Asus STRIX GAMING OC,11980.0,GeForce RTX 2060,6.0,1365.0,1860.0,Black,300.0,ASUS
Gigabyte GAMING,5799.8,Radeon RX 570,4.0,1168.0,1255.0,Black / Orange,232.0,Gigabyte
PNY XLR8 Gaming VERTO EPIC-X RGB OC,24999.4,GeForce RTX 4070 Ti SUPER,16.0,2340.0,2655.0,Black,333.0,PNY
MSI VENTUS 2X OC,21780.0,GeForce RTX 4070 SUPER,12.0,1980.0,2520.0,White,242.0,MSI
MSI ARMOR OC,11846.6,GeForce GTX 1660 Ti,6.0,1500.0,1860.0,Black / White,243.0,MSI
Sapphire PULSE BE,11980.0,Radeon RX 5700 XT,8.0,1605.0,1925.0,Black / Gray,254.0,Sapphire
PowerColor Red Devil OC,15599.8,Radeon RX 9070,16.0,2170.0,2700.0,Black / Red,340.0,PowerColor
EVGA XC3 ULTRA GAMING,31960.0,GeForce RTX 3090,24.0,1395.0,1725.0,Black / Red,285.0,EVGA
Zotac AMP,7900.0,GeForce GTX 1060 6GB,6.0,1556.0,1771.0,Black / Silver,210.0,ZOTAC
Zotac GAMING,7577.6,GeForce GTX 1660 Ti,6.0,1500.0,1770.0,Black,173.0,ZOTAC
PNY VCQM2000-PB,1882.2,Quadro M2000,4.0,872.0,1180.0,Black,168.0,PNY
AMD RADEON PRO WX 4100,3180.0,Radeon Pro WX 4100,4.0,925.0,975.0,Blue,168.0,AMD
Asus TUF Gaming OG OC,23780.0,GeForce RTX 4070 Ti SUPER,16.0,2340.0,2670.0,Black,326.0,ASUS
Asus GT730-4H-SL-2GD5,2221.8,GeForce GT 730,2.0,902.0,927.0,Blue,148.0,ASUS
EVGA SC GAMING,5373.6,GeForce GTX 1060 3GB,3.0,1607.0,1835.0,Black,173.0,EVGA
Inno3D Twin X2,5135.39,GeForce RTX 3050 6GB,6.0,1040.0,1470.0,Gray / Black,222.0,Inno3D
MSI ARMOR,13180.0,GeForce RTX 2070,8.0,1410.0,1740.0,Black / Silver,309.0,MSI
Gigabyte GAMING OC,15980.0,Radeon RX 6800,16.0,1815.0,2155.0,Silver / Black,286.0,Gigabyte
MSI GAMING X TRIO,13139.6,GeForce RTX 3060 12GB,12.0,1320.0,1852.0,Black,323.0,MSI
PNY RTX A-Series,37312.39,RTX A5000,24.0,1170.0,1695.0,Black,267.0,PNY
Gigabyte AERO OC,27900.0,GeForce RTX 4070 Ti,12.0,2310.0,2640.0,White / Silver,336.0,Gigabyte
Yeston Sakura,14980.0,GeForce RTX 5070,12.0,2325.0,2572.0,White / Blue,342.0,Yeston
PNY VCNRTX4500ADA-PB,46599.6,RTX 4500 Ada Generation,24.0,2070.0,2580.0,Black / Gold,245.0,PNY
Asus Turbo,10900.0,GeForce GTX 1080 Ti,11.0,1480.0,1582.0,Black / White,267.0,ASUS
XFX Speedster MERC 319 Black,20280.0,Radeon RX 6700 XT,12.0,2321.0,2622.0,Black,323.0,XFX
Gigabyte EAGLE,11780.0,Radeon RX 6600 XT,8.0,1968.0,2589.0,Black / Silver,282.0,Gigabyte
Asus STRIX GAMING OC,9960.0,Radeon RX 5600 XT,6.0,1247.0,1770.0,Black,304.0,ASUS
Gainward Phantom GS,91396.0,GeForce RTX 4080,16.0,2205.0,2640.0,Black,329.0,Gainward
EVGA XC GAMING,8399.79,GeForce RTX 2060,12.0,1365.0,1680.0,Black,268.0,EVGA
MSI GAMING X SLIM,19999.8,GeForce RTX 4070,12.0,1920.0,2625.0,Black / Gray,307.0,MSI
Asus ProArt OC,25900.0,GeForce RTX 4070 SUPER,12.0,1980.0,2565.0,Black / Gold,300.0,ASUS
MSI GTX 1070 TI TITANIUM 8G,9980.0,GeForce GTX 1070 Ti,8.0,1607.0,1683.0,Black / Silver,279.0,MSI
Asus ROG STRIX GAMING OC,31999.8,GeForce RTX 4080,16.0,2205.0,2655.0,White,358.0,ASUS
Gigabyte EAGLE OC,15900.0,GeForce RTX 3070 Ti,8.0,1575.0,1800.0,Black,283.0,Gigabyte
Acer Predator BiFrost OC,17999.0,Radeon RX 9070,16.0,2070.0,2700.0,Black / Silver,297.0,Acer
Gigabyte WINDFORCE V2,59800.0,GeForce RTX 4090,24.0,2235.0,2520.0,Black,331.0,Gigabyte
MSI INSPIRE 2X OC,6599.8,GeForce RTX 5060,8.0,2280.0,2550.0,Gold / Black,204.0,MSI
AMD RADEON PRO WX 5100,3652.0,Radeon Pro WX 5100,8.0,926.0,1206.0,Blue,173.0,AMD
MSI SHADOW 2X OC,4999.8,GeForce RTX 5050,8.0,2317.0,2617.0,Black,197.0,MSI
Asus DUAL,20960.0,GeForce RTX 4070,12.0,1920.0,2505.0,Black,267.0,ASUS
Palit KalmX,5393.4,GeForce RTX 3050 6GB,6.0,1040.0,1470.0,Silver / Black,166.0,Palit
MSI DUKE OC,9900.0,GeForce GTX 1080 Ti,11.0,1531.0,1645.0,Black,320.0,MSI
Zotac MINI,9180.0,GeForce GTX 1070,8.0,1518.0,1708.0,Black / Silver,210.0,ZOTAC
PNY VCQP2000-PB,3800.0,Quadro P2000,5.0,1370.0,1470.0,Black,201.0,PNY
MSI SUPRIM X,26500.0,GeForce RTX 3080 Ti,12.0,1365.0,1845.0,Black / Silver,336.0,MSI
EVGA XC3 BLACK GAMING,13999.8,GeForce RTX 3070,8.0,1500.0,1725.0,Black / Silver,285.0,EVGA
Zotac GAMING AMP Holo,20149.59,GeForce RTX 3080 Ti,12.0,1365.0,1710.0,Black / Silver,318.0,ZOTAC
EVGA XC3 ULTRA GAMING iCX3,12380.0,GeForce RTX 3070 LHR,8.0,1500.0,1770.0,Black,285.0,EVGA
Asus ROG STRIX BTF GAMING OC,69999.79,GeForce RTX 4090,24.0,2235.0,2640.0,Black,358.0,ASUS
Asus DUAL V2,8700.0,Radeon RX 6600,8.0,1626.0,2491.0,Black,243.0,ASUS
AMD 100-506095,3659.8,Radeon Pro W5500,8.0,1354.0,1900.0,Blue / White,241.0,AMD
MSI GAMING X SLIM,19999.8,GeForce RTX 4060 Ti,16.0,2310.0,2685.0,White,307.0,MSI
Gigabyte AERO OC V2,26900.0,GeForce RTX 4070 Ti,12.0,2310.0,2640.0,White / Silver,300.0,Gigabyte
Gigabyte GAMING OC,22800.0,GeForce RTX 4070,12.0,1920.0,2565.0,Black,300.0,Gigabyte
EVGA SC GAMING ACX 3.0,12281.0,GeForce GTX 1080,8.0,1708.0,1847.0,Black / Silver,267.0,EVGA
Asus TUF Gaming BTF OC,31797.6,GeForce RTX 4070 Ti,16.0,2310.0,2670.0,White,305.0,ASUS
MSI GAMING X,6900.0,GeForce GTX 1650 G5,4.0,1485.0,1860.0,Black,245.0,MSI
MSI VENTUS 3X PLUS OC,23780.0,GeForce RTX 3080 12GB LHR,12.0,1260.0,1740.0,Black / Gray,305.0,MSI
Gigabyte WINDFORCE OC,8600.0,GeForce GTX 1070,8.0,1556.0,1771.0,Black / Orange,280.0,Gigabyte
MSI ARMOR OC,11960.0,GeForce GTX 1080,8.0,1657.0,1797.0,Black / White,279.0,MSI
Asus TUF GAMING,37780.0,GeForce RTX 4080,16.0,2205.0,2535.0,Black,348.0,ASUS
Asus ProArt OC,39160.0,GeForce RTX 4080,16.0,2205.0,2625.0,Black / Gold,300.0,ASUS
MSI DUKE,7980.0,GeForce GTX 1070 Ti,8.0,1607.0,1683.0,Black,312.0,MSI
Asus GTXTITANX-12GD5,15980.0,GeForce GTX Titan X,12.0,1075.0,1000.0,Black / Silver,267.0,ASUS
Palit StormX,7374.2,GeForce GTX 1050 Ti,4.0,1290.0,1392.0,Black,166.0,Palit
EVGA SC ULTRA GAMING,6346.6,GeForce GTX 1650 SUPER,4.0,1530.0,1755.0,Black,202.0,EVGA
Zotac GAMING Twin Edge OC,6799.8,GeForce RTX 3050 8GB,8.0,1550.0,1807.0,Black / Silver,224.0,ZOTAC
Gigabyte GAMING OC PRO Rev 3.0,11975.2,GeForce RTX 3060 Ti LHR,8.0,1410.0,1770.0,Black,281.0,Gigabyte
NVIDIA 9001G4012500000,7780.0,GeForce GTX 980,4.0,1126.0,1216.0,Black / Silver,267.0,NVIDIA
PNY VCQP4000-PB,6012.2,Quadro P4000,8.0,1227.0,1480.0,Black / Green,242.0,PNY
Zotac ZT-P10300A-10L,2483.8,GeForce GT 1030,2.0,1227.0,1468.0,Black,173.0,ZOTAC
NVIDIA 900-5G172-2580-000,9996.6,RTX A1000,8.0,727.0,1462.0,Black,163.0,NVIDIA
Gigabyte GAMING OC 3X,15900.0,GeForce RTX 2070 SUPER,8.0,1605.0,1815.0,Black,286.0,Gigabyte
PNY VCNRTX5000ADA-PB,82018.6,RTX 5000 Ada Generation,32.0,1620.0,2130.0,Black,267.0,PNY
Gigabyte AORUS XTREME,31960.0,GeForce RTX 3090,24.0,1395.0,1860.0,Black,319.0,Gigabyte
MSI GAMING X,7580.0,GeForce GTX 1650 SUPER,4.0,1530.0,1755.0,Black / Silver,248.0,MSI
MSI GeForce GTX 1650 SUPER,10116.0,GeForce GTX 1650 SUPER,4.0,1530.0,1740.0,Black / White,175.0,MSI
Zotac GAMING AMP,35399.8,GeForce RTX 4080 SUPER,16.0,2210.0,2610.0,Black,308.0,ZOTAC
ASRock Challenger D OC,8226.4,Radeon RX 5500 XT,8.0,1685.0,1845.0,Black / Yellow,241.0,ASRock
MSI GeForce RTX 3070 Ventus 3X 8G OC LHR,14700.0,GeForce RTX 3070 LHR,8.0,1500.0,1755.0,Black,305.0,MSI
Asus ROG STRIX GAMING OC,9199.79,Radeon RX 6650 XT,8.0,2055.0,2694.0,Black / Gray,281.0,ASUS
PNY UPRISING,14378.8,GeForce RTX 3070,8.0,1500.0,1725.0,Black,265.0,PNY
Asus TUF GAMING OC,22900.0,GeForce RTX 3080 12GB LHR,12.0,1260.0,1815.0,Black / Silver,300.0,ASUS
Asus TUF GAMING OC P,5119.8,GeForce GTX 1650 G6,4.0,1410.0,1785.0,Black,206.0,ASUS
AMD 100-300000078,8580.0,Radeon PRO W7500,8.0,1500.0,1700.0,Black,216.0,AMD
Gigabyte TURBO,31000.0,GeForce RTX 3090,24.0,1395.0,1695.0,Black,267.0,Gigabyte
MSI VENTUS 2X OCV1,9750.8,GeForce RTX 3060 Ti LHR,8.0,1410.0,1695.0,Black / Gray,235.0,MSI
MSI GAMING Z TRIO,23780.0,GeForce RTX 3080 12GB LHR,12.0,1260.0,1815.0,Black / Gray,323.0,MSI
EVGA SSC DT,6399.8,GeForce GTX 1060 6GB,6.0,1506.0,1708.0,Black / Silver,267.0,EVGA
Gigabyte GV-N107TGAMING-8GD,7980.0,GeForce GTX 1070 Ti,8.0,1607.0,1721.0,Black / Orange,280.0,Gigabyte
Gigabyte EAGLE OC,23000.0,GeForce RTX 4070,12.0,1920.0,2505.0,Black,261.0,Gigabyte
Gainward Ghost,17289.2,GeForce RTX 5060 Ti,8.0,2410.0,2572.0,Black,262.0,Gainward
MSI GeForce RTX 3070 VENTUS 3X,10683.8,GeForce RTX 3070,8.0,1500.0,1725.0,Black / Silver,305.0,MSI
Asus Turbo,7599.8,GeForce GTX 1060 6GB,6.0,1506.0,1708.0,Black,267.0,ASUS
ASRock Phantom Gaming D OC,21700.0,Radeon RX 6900 XT,16.0,1925.0,2340.0,Black / Silver,330.0,ASRock
EVGA FTW DT GAMING,9700.0,GeForce GTX 1080,8.0,1607.0,1733.0,Black / Gray,267.0,EVGA
Asus ROG STRIX GAMING OC V2,21980.0,GeForce RTX 3080 10GB LHR,10.0,1440.0,1935.0,Black,318.0,ASUS
MSI ARMOR OC,4626.39,GeForce GTX 1660,6.0,1530.0,1845.0,Black / White,243.0,MSI
Gigabyte AORUS MASTER,30980.0,GeForce RTX 3080 Ti,12.0,1365.0,1770.0,Black,320.0,Gigabyte
Zotac GAMING AMP Extreme INFINITY ULTRA,36005.19,GeForce RTX 5080,16.0,2300.0,2730.0,Black,332.0,ZOTAC
XFX GTS,4399.8,Radeon RX 580,8.0,1257.0,1405.0,Black / Red,270.0,XFX
XFX Speedster MERC 308 Black,11907.0,Radeon RX 6650 XT,8.0,2055.0,2694.0,Silver / Black,274.0,XFX
MSI GAMING Z TRIO V1,12599.8,Radeon RX 6800,16.0,1700.0,2155.0,Black / Silver,324.0,MSI
MSI GAMING X TRIO,39900.0,GeForce RTX 4080,16.0,2205.0,2610.0,White,337.0,MSI
PowerColor Red Dragon,3298.0,Radeon RX 550 - 512,4.0,1100.0,1071.0,Black,181.0,PowerColor
MSI GAMING,7780.0,Radeon R9 390,8.0,1000.0,1060.0,Black / Red,277.0,MSI
Gigabyte GAMING OC,39240.0,Radeon RX 6900 XT,16.0,1825.0,2285.0,Black / Silver,286.0,Gigabyte
MSI GAMING Z TRIO,18979.8,GeForce RTX 3070 LHR,8.0,1500.0,1845.0,Black / Silver,323.0,MSI
Palit GameRock OC,25591.6,GeForce RTX 5070 Ti,16.0,2300.0,2512.0,Black,332.0,Palit
Asus KO Gaming OC,14700.0,GeForce RTX 3070,8.0,1500.0,1845.0,Black / Silver,275.0,ASUS
Gigabyte AI TOP,26980.0,GeForce RTX 4070 Ti SUPER,16.0,2340.0,2610.0,Black,260.0,Gigabyte
Palit GamingPro OC,17963.8,GeForce RTX 5070,12.0,2325.0,2572.0,Black,332.0,Palit
Gigabyte GV-N1030SL-2GL,3660.0,GeForce GT 1030,2.0,1252.0,1506.0,White,175.0,Gigabyte
Asus TURBO-GTX1070-8G,9580.0,GeForce GTX 1070,8.0,1506.0,1683.0,Black / Silver,267.0,ASUS
EVGA XC GAMING,13500.0,GeForce RTX 2070,8.0,1410.0,1710.0,Clear / Black,269.0,EVGA
Asus Turbo,9900.0,GeForce GTX 1080,8.0,1607.0,1733.0,Black / Silver,267.0,ASUS
AMD 100-300000075,47642.8,Radeon PRO W7800,32.0,1855.0,2499.0,Black,280.0,AMD
Zotac GAMING AMP AIRO Spider-Man: Across the Spider-Verse,19999.8,GeForce RTX 4070 Ti,12.0,2310.0,2670.0,Black,308.0,ZOTAC
Asus STRIX LC GAMING OC,29999.8,GeForce RTX 3090 Ti,24.0,1560.0,1980.0,Silver / Black,293.0,ASUS
AMD 100-506061,22980.0,Vega Frontier Edition,16.0,1440.0,1600.0,Blue / Gold,267.0,AMD
Gigabyte GAMING OC PRO,11200.0,Radeon RX 6600 XT,8.0,1968.0,2607.0,Black / Silver,282.0,Gigabyte
Sparkle ROC OC,4594.39,Arc A750,8.0,2050.0,2200.0,Black,281.0,Sparkle
Zotac GAMING Trinity OC,36799.8,GeForce RTX 4080,16.0,2205.0,2520.0,Black,356.0,ZOTAC
PNY VCQRTX6000-PB,36900.0,Quadro RTX 6000,24.0,1440.0,1770.0,Black / Silver,267.0,PNY
Asus PRIME OC,5799.8,GeForce RTX 5050,8.0,2317.0,2707.0,Black,268.0,ASUS
PNY T-Series,3580.0,T400 4GB,4.0,420.0,1425.0,Black / Gray,156.0,PNY
EVGA FTW3 ULTRA GAMING,9736.79,GeForce RTX 3060 Ti LHR,8.0,1410.0,1800.0,Black,285.0,EVGA
Asus DUAL,25900.0,GeForce RTX 4070 SUPER,12.0,1980.0,2505.0,Black,267.0,ASUS
Zotac GAMING Twin Edge,7613.8,GeForce RTX 5050,8.0,2317.0,2572.0,Black,220.0,ZOTAC
EVGA Founders Edition,13900.0,GeForce GTX 1080 Ti,11.0,1480.0,1582.0,Black / Silver,267.0,EVGA
PNY Dual Fan,9599.79,GeForce RTX 5060 Ti,16.0,2407.0,2572.0,Black,245.0,PNY
Gigabyte EAGLE OC,9315.59,GeForce RTX 5060 Ti,8.0,2410.0,2617.0,Black,215.0,Gigabyte
MSI MECH 2X V1,16980.0,Radeon RX 6750 XT,12.0,2150.0,2600.0,Black / Silver,249.0,MSI
EVGA KO GAMING,9500.0,GeForce RTX 2060,6.0,1365.0,1680.0,Gray / Black,202.0,EVGA
PowerColor Red Devil OC,14599.8,Radeon RX 6900 XT,16.0,2015.0,2340.0,Black,332.0,PowerColor
Asus ROG STRIX GAMING,29999.8,GeForce RTX 4080,16.0,2205.0,2535.0,Black,358.0,ASUS
Asus ROG STRIX,10199.79,Radeon RX 580,8.0,1257.0,1380.0,Black,298.0,ASUS
MSI VENTUS 2X OC,23999.8,GeForce RTX 4070 Ti,12.0,2310.0,2655.0,Silver / Black,242.0,MSI
Gigabyte WINDFORCE OC,12226.4,GeForce RTX 3060 Ti LHR,8.0,1665.0,1680.0,Black / Silver,198.0,Gigabyte
Asus ROG STRIX GAMING,25960.0,GeForce RTX 4070 Ti,12.0,2310.0,2640.0,Black,336.0,ASUS
EVGA GAMING,11799.8,GeForce GTX 1080 Ti,11.0,1480.0,1582.0,Black / Silver,267.0,EVGA
Sapphire PULSE,7980.0,Radeon RX VEGA 56,8.0,1208.0,1512.0,Black / Red,282.0,Sapphire
MSI SUPRIM X,25960.0,GeForce RTX 4070 Ti,12.0,2310.0,2790.0,Black / Silver,338.0,MSI
Asus TUF GAMING OC,25780.0,Radeon RX 6800,16.0,1700.0,2190.0,Black,310.0,ASUS
Asus DUAL EVO,13700.0,GeForce RTX 2060 12GB,12.0,1470.0,1680.0,Black,242.0,ASUS
Zotac AMP Extreme Core Holo,36980.0,GeForce RTX 3090 Ti,24.0,1560.0,1890.0,Black,356.0,ZOTAC
Asus TUF GAMING,24999.8,GeForce RTX 3080 Ti,12.0,1365.0,1695.0,Black,300.0,ASUS
Asus Phoenix,5999.8,GeForce RTX 3050 8GB,8.0,1550.0,1807.0,Black,177.0,ASUS
Sapphire NITRO+ SE,23980.0,Radeon RX 6900 XT,16.0,1825.0,2365.0,Black / White,310.0,Sapphire
EVGA XC ULTRA GAMING,19960.0,GeForce RTX 2080 Ti,11.0,1350.0,1650.0,Black / Clear,270.0,EVGA
MSI AERO,11980.0,GeForce GTX 1080 Ti,11.0,1506.0,1620.0,Black / Green,269.0,MSI
Asus DUAL OC,8780.0,GeForce RTX 3060 8GB,8.0,1320.0,1867.0,Black,200.0,ASUS
PNY VERTO,37980.0,GeForce RTX 4080,16.0,2205.0,2505.0,Black,332.0,PNY
Gigabyte AORUS MASTER,15399.8,Radeon RX 6800,16.0,1700.0,2190.0,Black,324.0,Gigabyte
Gigabyte GV-N105TD5-4GD,8620.0,GeForce GTX 1050 Ti,4.0,1290.0,1430.0,Black / Orange,172.0,Gigabyte
EVGA FTW3 ULTRA GAMING,20580.0,GeForce RTX 2070 SUPER,8.0,1605.0,1815.0,Transparent,302.0,EVGA
Asus DUAL OC,16800.0,GeForce RTX 3060 Ti,8.0,1410.0,1740.0,Black / Silver,269.0,ASUS
Zotac GAMING AMP,20000.0,GeForce RTX 2080 Ti,11.0,1350.0,1665.0,Black,308.0,ZOTAC
MSI VENTUS 2X OC,25780.0,GeForce RTX 4070,12.0,1920.0,2520.0,White / Silver,242.0,MSI
Zotac GAMING OC,6500.0,GeForce GTX 1650 G5,4.0,1485.0,1695.0,Black / Silver,151.0,ZOTAC
Gigabyte AORUS,12980.0,Radeon RX 5700 XT,8.0,1770.0,2010.0,Black,290.0,Gigabyte
Asus TUF GAMING OC,6700.0,GeForce GTX 1650 G6,4.0,1410.0,1680.0,Black,204.0,ASUS
MSI GAMING X TRIO,29960.0,GeForce RTX 4070 Ti,12.0,2310.0,2760.0,White / Silver,337.0,MSI
EVGA FTW3 ULTRA GAMING iCX3,12480.0,GeForce RTX 3070 LHR,8.0,1500.0,1815.0,Black,300.0,EVGA
ASRock Phantom Gaming D,8598.0,Radeon RX 570,4.0,1168.0,1244.0,Black,236.0,ASRock
MSI GT 1030 2GHD4 LP OC,3399.8,GeForce GT 1030 DDR4,2.0,1189.0,1430.0,Black,150.0,MSI
PowerColor Hellhound,9900.0,Radeon RX 6600,8.0,1626.0,2491.0,Black / White,220.0,PowerColor
PNY XLR8 Gaming VERTO EPIC-X RGB OC,24980.0,GeForce RTX 4070 Ti,12.0,2310.0,2670.0,Black,332.0,PNY
XFX GTS,5726.0,Radeon RX 580,8.0,1405.0,1425.0,Black / Red,270.0,XFX
Inno3D X3 OC,15648.2,GeForce RTX 5070,12.0,2325.0,2542.0,Black / Silver,300.0,Inno3D
AMD 100-506189,4311.8,Radeon PRO W6400,4.0,2331.0,2331.0,Blue,168.0,AMD
XFX THICC II,12700.0,Radeon RX 5700 XT,8.0,1605.0,1905.0,Black,293.0,XFX
PNY XLR8 Gaming EPIC-X RGB,33980.0,GeForce RTX 3090,24.0,1395.0,1695.0,Black,294.0,PNY
ASRock Phantom Gaming OC,6440.4,Radeon RX 7600,8.0,1720.0,2755.0,Black,305.0,ASRock
Gigabyte WINDFORCE,9980.0,GeForce GTX 1070 Ti,8.0,1632.0,1721.0,Black / Orange,280.0,Gigabyte
AMD 100-506208,6219.8,Radeon PRO W6600,8.0,2331.0,2580.0,Blue,241.0,AMD
Gigabyte GV-N108TGAMINGOC BLACK-11GD,9900.0,GeForce GTX 1080 Ti,11.0,1544.0,1657.0,Black,280.0,Gigabyte
Gigabyte EAGLE OC,19999.8,GeForce RTX 3080 10GB,10.0,1440.0,1755.0,Black,320.0,Gigabyte
XFX Black Edition,5447.6,Radeon RX 580,8.0,1405.0,1425.0,Black / White,279.0,XFX
MSI VENTUS 3X,37799.8,GeForce RTX 4080,16.0,2205.0,2520.0,Black,322.0,MSI
MSI Radeon RX 6900 XT GAMING Z TRIO 16G,15999.8,Radeon RX 6900 XT,16.0,1825.0,2425.0,Silver / Black,324.0,MSI
Asus ROG STRIX GAMING,49999.6,GeForce RTX 4080 SUPER,16.0,2210.0,2580.0,Black,358.0,ASUS
Asus ROG STRIX GAMING OC,13599.8,Radeon RX 6750 XT,12.0,2150.0,2623.0,Black / Gray,322.0,ASUS
EVGA 02G-P4-6338-KR,2599.8,GeForce GT 1030,2.0,1290.0,1544.0,Gray,168.0,EVGA
EVGA XC ULTRA GAMING,10980.0,GeForce GTX 1660 Ti,6.0,1500.0,1860.0,Black,268.0,EVGA
PNY Blower,19580.0,GeForce RTX 2080 Ti,11.0,1350.0,1545.0,Black,267.0,PNY
Asus ROG STRIX,7580.0,Radeon RX 480,8.0,1120.0,1286.0,Black,298.0,ASUS
MSI VENTUS 2X OC,5399.8,GeForce RTX 5050,8.0,2317.0,2617.0,Silver / Black,197.0,MSI
Gigabyte AORUS ELITE Rev 2.0,14600.0,GeForce RTX 3060 Ti LHR,8.0,1410.0,1785.0,Black,296.0,Gigabyte
PowerColor Red Dragon,11380.0,Radeon RX 5600 XT,6.0,1247.0,1620.0,Black / Silver,240.0,PowerColor
MSI VENTUS,14700.0,GeForce RTX 2080,8.0,1515.0,1710.0,Silver / Black,268.0,MSI
Zotac ZT-70601-10M,7900.0,GeForce GTX 750 Ti,2.0,1033.0,1111.0,Black / Orange,144.0,ZOTAC
Zotac GAMING Twin Edge OC,5399.8,GeForce RTX 5050,8.0,2317.0,2602.0,Black,220.0,ZOTAC
XFX RX-580P427D6,7180.0,Radeon RX 580,4.0,1366.0,1386.0,Black / Red,270.0,XFX
EVGA SC BLACK GAMING,12700.0,GeForce RTX 2060 SUPER,8.0,1470.0,1650.0,Black / Silver,268.0,EVGA
MSI AERO,9960.0,GeForce GTX 1070 Ti,8.0,1607.0,1683.0,Black / White,269.0,MSI
EVGA FTW3 ULTRA GAMING,25780.0,GeForce RTX 2080 SUPER,8.0,1650.0,1845.0,Transparent / Black,302.0,EVGA
Zotac GAMING SOLO,6641.6,GeForce RTX 3050 8GB,8.0,1550.0,1777.0,Black,168.0,ZOTAC
EVGA SSC ACX 2.0+,7180.0,GeForce GTX 970,4.0,1190.0,1342.0,Black / Blue,257.0,EVGA
Gigabyte GAMING OC,45960.0,GeForce RTX 3090 Ti,24.0,1560.0,1905.0,Black,331.0,Gigabyte
AMD 100-506157,45999.2,Radeon PRO W6800,32.0,2075.0,2320.0,Blue / Gray,267.0,AMD
Gigabyte AORUS MASTER Rev 2.0,15960.0,GeForce RTX 3070 LHR,8.0,1500.0,1845.0,Black,290.0,Gigabyte
PNY Blower,12900.0,GeForce RTX 2070 SUPER,8.0,1605.0,1770.0,Black,281.0,PNY
PNY T-Series,9180.0,T1000 8GB,8.0,1065.0,1395.0,Black / Gray,156.0,PNY
EVGA FTW3 GAMING,39900.0,GeForce RTX 3090 Ti,24.0,1560.0,1890.0,Black,300.0,EVGA
Gigabyte AORUS ELITE,25326.6,Radeon RX 6750 XT,12.0,2150.0,2623.0,Black / Gray,296.0,Gigabyte
MSI GAMING X SLIM,26900.0,GeForce RTX 4070 Ti,12.0,2310.0,2745.0,Black,307.0,MSI
Asus TUF GAMING OC,15999.8,GeForce RTX 3060 Ti,8.0,1410.0,1785.0,Black,301.0,ASUS
Gigabyte GAMING OC PRO,19979.4,GeForce RTX 3060 Ti,8.0,1410.0,1770.0,Black / Silver,286.0,Gigabyte
Zotac GAMING Trinity OC,23919.0,GeForce RTX 3080 12GB LHR,12.0,1260.0,1725.0,Black,318.0,ZOTAC
EVGA XC3 BLACK GAMING,21960.0,GeForce RTX 3080 10GB,10.0,1440.0,1710.0,Black,285.0,EVGA
Asus ROG STRIX,9980.0,Radeon RX VEGA 64,8.0,1247.0,1590.0,Black / Red,298.0,ASUS
AMD 100-505957,17599.2,Radeon Pro WX 9100,16.0,1200.0,1500.0,Blue,267.0,AMD
PNY XLR8 Gaming VERTO EPIC-X RGB OC,35960.0,GeForce RTX 4080,16.0,2205.0,2550.0,Black,332.0,PNY
Gigabyte AORUS MASTER,37960.0,GeForce RTX 4080,16.0,2205.0,2550.0,Black,357.0,Gigabyte
Asus STRIX GAMING,19980.0,GeForce RTX 2080 Ti,11.0,1350.0,1560.0,Black,305.0,ASUS
EVGA FTW GAMING ACX 3.0,4999.8,GeForce GTX 1050 Ti,4.0,1379.0,1493.0,Black,257.0,EVGA
EVGA FTW ACX 2.0,5100.0,GeForce GTX 950,2.0,1203.0,1405.0,Black,257.0,EVGA
MSI Radeon RX 480 4G,7980.0,Radeon RX 480,4.0,1120.0,1266.0,Black,242.0,MSI
Zotac GAMING Twin Edge OC,5599.8,GeForce RTX 5050,8.0,2317.0,2602.0,White / Copper,220.0,ZOTAC
EVGA FTW2 GAMING iCX,10980.0,GeForce GTX 1070 Ti,8.0,1607.0,1683.0,Black / Silver,267.0,EVGA
PNY Dual Fan,7719.0,GeForce RTX 5060 Ti,8.0,2407.0,2572.0,Black,245.0,PNY
Asus STRIX,7580.0,GeForce GTX 980,4.0,1178.0,1279.0,Black / Red,289.0,ASUS
EVGA K|NGP|N HYBRID GAMING,36800.0,GeForce RTX 3090,24.0,1395.0,1920.0,Black,289.0,EVGA
AMD 100-300000077,11579.6,Radeon PRO W7600,8.0,1720.0,2440.0,Black,241.0,AMD
MSI ARMOR OCV1,7960.0,GeForce GTX 1060 6GB,6.0,1544.0,1759.0,Black / White,275.0,MSI
Zotac GAMING Trinity,17999.8,GeForce RTX 3070 Ti,8.0,1575.0,1770.0,Black / Silver,318.0,ZOTAC
Gigabyte GAMING OC Rev 2.0,13960.0,GeForce RTX 3060 Ti LHR,8.0,1410.0,1740.0,Black,282.0,Gigabyte
XFX Speedster SWFT 210 Core 2,15579.6,Radeon RX 7800 XT,16.0,1295.0,2430.0,Black,283.0,XFX
EVGA SC ULTRA GAMING,6067.2,GeForce GTX 1650 G5,4.0,1485.0,1860.0,Black,202.0,EVGA
MSI DUKE,14700.0,GeForce RTX 2080,8.0,1515.0,1845.0,Black,314.0,MSI
EVGA XC GAMING,15780.0,GeForce RTX 2070 SUPER,8.0,1605.0,1800.0,Transparent,270.0,EVGA
PNY Blower,16780.0,GeForce RTX 2080 SUPER,8.0,1650.0,1815.0,Black,281.0,PNY
EVGA DT GAMING,9900.0,GeForce GTX 1080 Ti,11.0,1480.0,1582.0,Silver / Black,300.0,EVGA
Asus ROG STRIX GAMING OC,8599.79,GeForce RTX 3050 8GB,8.0,1550.0,1890.0,Black / Silver,300.0,ASUS
Gigabyte AORUS WATERFORCE,19960.0,GeForce GTX 1080 Ti,11.0,1632.0,1746.0,Black / Orange,267.0,Gigabyte
NVIDIA Star Wars Galactic Empire,19980.0,Titan Xp,12.0,1481.0,1582.0,Black / Red,267.0,NVIDIA
Asus STRIX OC,33449.8,GeForce RTX 3070,8.0,1500.0,1935.0,White,318.0,ASUS
EVGA Superclocked,3980.0,GeForce GTX 950,2.0,1152.0,1342.0,Black,173.0,EVGA
PNY UPRISING,12818.8,GeForce RTX 3060 Ti,8.0,1410.0,1665.0,Black,251.0,PNY
MSI ARMOR OC,9780.0,Radeon RX 570,8.0,1168.0,1268.0,Black / White,246.0,MSI
PNY RTX A-Series,34600.0,RTX A4500,20.0,1050.0,1650.0,Black,267.0,PNY
NVIDIA 900-1G500-2500-000,25000.0,Titan V,12.0,1200.0,1455.0,Black / Gold,267.0,NVIDIA
MSI ARMOR MK2 OC,9999.79,Radeon RX 580,8.0,1340.0,1380.0,Red / Black,270.0,MSI
EVGA XC GAMING,34200.0,GeForce RTX 2080 Ti,11.0,1350.0,1635.0,Black / Clear,270.0,EVGA
EVGA ACX 3.0,7999.8,GeForce GTX 1070,8.0,1506.0,1683.0,Black / Silver,267.0,EVGA
EVGA FTW3 ULTRA HYBRID GAMING iCX3,31980.0,GeForce RTX 3080 Ti,12.0,1365.0,1800.0,Black,300.0,EVGA
EVGA 04G-P4-2980-KR,7380.0,GeForce GTX 980,4.0,1126.0,1216.0,Black / Silver,267.0,EVGA
MSI D6 VENTUS XS OC,6977.6,GeForce GTX 1650 G6,4.0,1410.0,1620.0,Black / Silver,178.0,MSI
MSI VENTUS 3X PLUS OC,34355.0,GeForce RTX 3080 10GB LHR,10.0,1440.0,1740.0,Black,305.0,MSI
MSI VENTUS 3X 8GD6X OC,13960.0,GeForce RTX 3060 Ti,8.0,1410.0,1695.0,Black,305.0,MSI
EVGA FTW ULTRA SILENT GAMING,10980.0,GeForce GTX 1070 Ti,8.0,1607.0,1683.0,Black / Silver,267.0,EVGA
PowerColor AXRX 560 4GBD5-DHA,5500.0,Radeon RX 560 - 896,4.0,115.0,1176.0,Black,225.0,PowerColor
EVGA SC ULTRA GAMING,6399.6,GeForce GTX 1650 G6,4.0,1410.0,1710.0,Black,202.0,EVGA
ASRock Creator,20499.8,Radeon RX 7900 XT,20.0,2000.0,2395.0,Black / Silver,312.0,ASRock
Sapphire Toxic Extreme Edition,35659.8,Radeon RX 6900 XT,16.0,1825.0,2525.0,Black,270.0,Sapphire
Zotac GAMING AMP Extreme AIRO,38999.8,GeForce RTX 4080 SUPER,16.0,2210.0,2610.0,Black,356.0,ZOTAC
EVGA FTW3 ULTRA HYBRID GAMING,47399.6,GeForce RTX 2080 Ti,11.0,1350.0,1755.0,Black / Clear,291.0,EVGA
PNY VERTO,12760.8,GeForce RTX 3070 Ti,8.0,1575.0,1770.0,Black,305.0,PNY
Gigabyte MINI ITX OC,7180.0,GeForce GTX 1060 6GB,6.0,1531.0,1771.0,Black / Orange,169.0,Gigabyte
PNY XLR8 Gaming Overclocked Edition,11980.0,GeForce RTX 2070,8.0,1410.0,1710.0,Black,235.0,PNY
EVGA FTW+ GAMING,6980.0,GeForce GTX 1060 6GB,6.0,1632.0,1860.0,Black,267.0,EVGA
Zotac AMP Extreme,9980.0,GeForce GTX 1070,8.0,1632.0,1835.0,Black,325.0,ZOTAC
Gigabyte GAMING,7180.0,GeForce GTX 1060 3GB,3.0,1620.0,1847.0,Black / Orange,278.0,Gigabyte
MSI AERO ITX OC,10607.8,GeForce GTX 1070,8.0,1531.0,1721.0,Black / White,175.0,MSI
Zotac GAMING Trinity OC,37399.8,GeForce RTX 4080,16.0,2205.0,2520.0,White,356.0,ZOTAC
MSI VENTUS 3X E1 OC,22900.0,GeForce RTX 4070,12.0,1920.0,2520.0,Silver / Black,308.0,MSI
XFX RX-VEGMA3FD6,18900.0,Radeon VII,16.0,1400.0,1801.0,Silver,280.0,XFX
XFX Speedster QICK 319 Core,20519.8,Radeon RX 6700 XT,12.0,2321.0,2581.0,Black,323.0,XFX
PNY T-Series,6219.8,T1000 4GB,4.0,1065.0,1395.0,Black / Gray,156.0,PNY
Gigabyte AORUS XTREME WATERFORCE,37580.0,GeForce RTX 3080 10GB,10.0,1440.0,1845.0,Black / Silver,252.0,Gigabyte
MSI GAMING GE,8980.0,GeForce GTX 980 Ti,6.0,1000.0,1291.0,Black / Gold,277.0,MSI
Asus TUF GAMING OC,7799.8,GeForce RTX 3050 8GB,8.0,1550.0,1875.0,Black,272.0,ASUS
MSI Founders Edition,13960.0,GeForce GTX 1080 Ti,11.0,1480.0,1582.0,Black / Silver,267.0,MSI
AMD 100-506163,27980.0,Radeon Pro VII,16.0,1400.0,1700.0,Blue / Silver,305.0,AMD
Asus TUF-RTX3060-O12G-DEMONSLAYER,14900.0,GeForce RTX 3060 12GB,12.0,1320.0,1882.0,Orange / Black,301.0,ASUS
EVGA Superclocked,13600.0,GeForce GTX 980 Ti,6.0,1102.0,1190.0,Black / Silver,267.0,EVGA
MSI GAMING OC,5599.8,GeForce RTX 5050,8.0,2317.0,2647.0,Black,202.0,MSI
EVGA Black,16500.0,GeForce RTX 2080,8.0,1515.0,1710.0,Clear / Black,269.0,EVGA
Asus Turbo EVO,12700.0,GeForce RTX 2060 SUPER,8.0,1500.0,1680.0,Black,268.0,ASUS
PNY VCQK1200DP-PB,2760.2,Quadro K1200,4.0,1058.0,1124.0,Black / Green,160.0,PNY
Asus ROG STRIX LC GAMING OC,35780.0,GeForce RTX 3080 Ti,12.0,1365.0,1860.0,Black / Silver,293.0,ASUS
MSI GAMING X SLIM,50443.8,GeForce RTX 4070,12.0,1920.0,2625.0,White,307.0,MSI
Gigabyte AORUS XTREME,28980.0,GeForce RTX 3080 Ti,12.0,1365.0,1770.0,Black,320.0,Gigabyte
Zotac GAMING AMP Extreme AIRO,24900.0,GeForce RTX 4070 Ti,12.0,2310.0,2700.0,Black,356.0,ZOTAC
EVGA XC3 ULTRA GAMING,25980.0,GeForce RTX 3080 12GB LHR,12.0,1260.0,1755.0,Black,285.0,EVGA
Asus GTX950-2G,5100.0,GeForce GTX 950 75W,2.0,1026.0,1228.0,White / Blue,210.0,ASUS
Gigabyte EAGLE OC Rev 2.0,14700.0,GeForce RTX 3070 LHR,8.0,1500.0,1770.0,Black,282.0,Gigabyte
EVGA ACX 3.0,9960.0,GeForce GTX 1080,8.0,1607.0,1733.0,Black / Silver,267.0,EVGA
EVGA XC BLACK GAMING,7300.0,GeForce GTX 1660,6.0,1530.0,1785.0,Black,190.0,EVGA
MSI DUKE,13180.0,GeForce RTX 2070,8.0,1410.0,1755.0,Silver / Black,314.0,MSI
Zotac AMP Extreme,13180.0,GeForce RTX 2070,8.0,1410.0,1860.0,Black,308.0,ZOTAC
EVGA Founders Edition,10500.0,GeForce GTX 1080,8.0,1607.0,1733.0,Black / Silver,267.0,EVGA
Asus TUF GAMING OC,8275.4,Radeon RX 6500 XT,4.0,2310.0,2825.0,Black,250.0,ASUS
EVGA XC3 ULTRA HYBRID GAMING,27180.0,GeForce RTX 3080 12GB LHR,12.0,1260.0,1755.0,Black,263.0,EVGA
EVGA 06G-P4-3790-KR,9980.0,GeForce GTX Titan Black,6.0,889.0,980.0,Black / Silver,266.0,EVGA
Gigabyte MINI ITX OC,9180.0,GeForce GTX 1070,8.0,1531.0,1746.0,Black / Orange,169.0,Gigabyte
PNY XLR8 Gaming Overclocked Edition,7380.0,GeForce GTX 1660,6.0,1530.0,1830.0,Black,168.0,PNY
Asus TUF GAMING,11174.4,GeForce RTX 5060,8.0,2280.0,2527.0,Black,302.0,ASUS
MSI GeForce GTX 1060 6G OCV1,7900.0,GeForce GTX 1060 6GB,6.0,1544.0,1759.0,Black / White,188.0,MSI
PNY T-Series,5980.0,T600,4.0,735.0,1335.0,Black / Gray,156.0,PNY
EVGA Superclocked,5100.0,GeForce GTX 960,2.0,1216.0,1279.0,Black / Silver,173.0,EVGA
Inno3D X3 OC,16690.2,GeForce RTX 3070 Ti,8.0,1575.0,1785.0,Black,300.0,Inno3D
NVIDIA Star Wars Jedi Order,19980.0,Titan Xp,12.0,1481.0,1582.0,Silver / Green,267.0,NVIDIA
ASRock Taichi OC,20999.8,Radeon RX 7900 XT,20.0,2000.0,2560.0,Black,345.0,ASRock
EVGA GAMING,10980.0,GeForce GTX 1070 Ti,8.0,1607.0,1683.0,Silver / Black,267.0,EVGA
Asus Turbo,10979.4,GeForce RTX 2060,6.0,1365.0,1710.0,Black / Silver,268.0,ASUS
Asus KO GAMING OC V2,14800.0,GeForce RTX 3070 LHR,8.0,1500.0,1845.0,Black / Silver,275.0,ASUS
Asus ROG STRIX GAMING OC V2,19900.0,GeForce RTX 3070 LHR,8.0,1500.0,1935.0,Black / Silver,318.0,ASUS
EVGA GAMING,9980.0,GeForce GTX 1070,8.0,1506.0,1683.0,Black / Gray,267.0,EVGA
Asus Phoenix EVO,6539.0,Radeon RX 550 - 512,4.0,1100.0,1183.0,Black,192.0,ASUS
PNY VCGGTX10606PB,7980.0,GeForce GTX 1060 6GB,6.0,1506.0,1708.0,Black,265.0,PNY
MSI AIR BOOST OC,7999.8,Radeon RX VEGA 56,8.0,1181.0,1520.0,Black / Red,270.0,MSI
Yeston Sakura Atlantis,17598.0,Radeon RX 9070 XT,16.0,2400.0,3060.0,Blue / Pink,332.0,Yeston
Lenovo 4X61J52234,3577.2,T400 4GB,4.0,420.0,1425.0,Black,156.0,Lenovo
Asus KO OC V2,13900.0,GeForce RTX 3060 12GB,12.0,1320.0,1882.0,Black / Silver,275.0,ASUS
Gigabyte AORUS MASTER Rev 2.0,27380.0,GeForce RTX 3080 10GB LHR,10.0,1440.0,1845.0,Black,319.0,Gigabyte
MSI Radeon RX 6600 XT MECH 2X 8G OCV1,24200.0,Radeon RX 6600 XT,8.0,1968.0,2602.0,Black / Silver,215.0,MSI
PowerColor Red Devil OC,36393.4,Radeon RX 6650 XT,8.0,2055.0,2694.0,Black,251.0,PowerColor
EVGA KO GAMING,29000.0,GeForce RTX 2080 SUPER,8.0,1650.0,1815.0,Black,270.0,EVGA
XFX Speedster QICK 319 BLACK,21899.8,Radeon RX 6800,16.0,1850.0,2190.0,Black,340.0,XFX
Palit StormX,25780.0,GeForce RTX 2060,6.0,1365.0,1680.0,Black,168.0,Palit
MSI DUKE OC,9980.0,GeForce GTX 1080,8.0,1708.0,1847.0,Black / Beige,312.0,MSI
Zotac GAMING AMP Extreme Holo,35999.8,GeForce RTX 3090,24.0,1395.0,1815.0,Black,356.0,ZOTAC
PNY VCG50608DFXPB1,7379.8,GeForce RTX 5060,8.0,2280.0,2497.0,Black,200.0,PNY
EVGA 06G-P4-4990-KR,11999.8,GeForce GTX 980 Ti,6.0,1000.0,1076.0,Black / Silver,267.0,EVGA
MSI GeForce RTX 3070 Suprim X 8G LHR,14700.0,GeForce RTX 3070 LHR,8.0,1500.0,1920.0,Black / Silver,335.0,MSI
EVGA 02G-P4-6333-KR,5446.6,GeForce GT 1030,2.0,1290.0,1544.0,Black,145.0,EVGA
PNY XLR8 Gaming Overclocked Edition,38599.8,GeForce RTX 2080 Ti,11.0,1350.0,1635.0,Black / Silver,302.0,PNY
EVGA SC2 Gaming iCX,9960.0,GeForce GTX 1080,8.0,1708.0,1847.0,White / Black,267.0,EVGA
PNY Blower,11500.0,GeForce RTX 2060 SUPER,8.0,1470.0,1650.0,Black,281.0,PNY
Gigabyte EAGLE OC,31300.0,GeForce RTX 3090,24.0,1395.0,1725.0,Black,320.0,Gigabyte
Gigabyte WINDFORCE 2X,15700.0,GeForce RTX 2070,8.0,1410.0,1620.0,Black,265.0,Gigabyte
PowerColor Red Dragon,9580.0,Radeon RX VEGA 56,8.0,1177.0,1478.0,Black / Red,305.0,PowerColor
EVGA SC2 Gaming iCX,8520.0,GeForce GTX 1070,8.0,1594.0,1784.0,White / Black,267.0,EVGA
MSI VENTUS 3X OC LHR,19960.0,GeForce RTX 3080 10GB LHR,10.0,1440.0,1740.0,Black,305.0,MSI
MSI ARMOR OC,7980.0,GeForce GTX 1060 6GB,6.0,1506.0,1708.0,Black / White,279.0,MSI
Zotac AMP Extreme Holo,39999.8,GeForce RTX 3080 Ti,12.0,1365.0,1785.0,Black,356.0,ZOTAC
VisionTek 901507,3799.8,Radeon RX 550 - 512,4.0,1100.0,1071.0,Red,184.0,VisionTek
Gigabyte GAMING OC,9380.0,Radeon RX 5500 XT,4.0,1685.0,1845.0,Black / Gray,281.0,Gigabyte
EVGA 04G-P4-1970-KR,7180.0,GeForce GTX 970,4.0,1050.0,1178.0,Black / Gray,241.0,EVGA
EVGA XC GAMING,7999.8,GeForce GTX 1660,6.0,1530.0,1830.0,Black,190.0,EVGA
Gigabyte TURBO,16980.0,GeForce RTX 2080 SUPER,8.0,1650.0,1815.0,Black,272.0,Gigabyte
EVGA FTW2 GAMING iCX,9980.0,GeForce GTX 1070,8.0,1607.0,1797.0,Black / Gray,267.0,EVGA
Zotac GAMING AMP Holo,21700.0,GeForce RTX 3080 10GB LHR,10.0,1440.0,1770.0,Gray,318.0,ZOTAC
EVGA SSC ACX 2.0,5999.8,GeForce GTX 950,2.0,1190.0,1393.0,Black,257.0,EVGA
EVGA FTW GAMING,7780.0,GeForce GTX 1060 6GB,6.0,1620.0,1847.0,Black,267.0,EVGA
EVGA SSC GAMING,6980.0,GeForce GTX 1060 3GB,3.0,1607.0,1835.0,Black / Silver,267.0,EVGA
PNY Founders Edition,13900.0,GeForce GTX 1080 Ti,11.0,1480.0,1582.0,Black / Silver,267.0,PNY
EVGA FTW ACX 2.0+,5300.0,GeForce GTX 960,2.0,1304.0,1367.0,Black / White,256.0,EVGA
XFX Black Edition,9980.0,Radeon RX 570,8.0,1168.0,1328.0,Black / Red,243.0,XFX
EVGA XC HYBRID GAMING,37984.19,GeForce RTX 2080 Ti,11.0,1350.0,1635.0,Black / Clear,269.0,EVGA
AMD 100-505956,9980.0,Radeon Pro WX 8200,8.0,1200.0,1530.0,Blue,267.0,AMD
PNY VCGGTX9804XPB-CG,4969.0,GeForce GTX 980,4.0,1126.0,1216.0,Black / Silver,267.0,PNY
XFX RX-VEGMLBFX6,8980.0,Radeon RX VEGA 56,8.0,1156.0,1471.0,Black / Red,280.0,XFX
EVGA 12G-P4-3990-KR,17980.0,GeForce GTX Titan Z,12.0,705.0,876.0,Black / Silver,267.0,EVGA
PNY VCQM5000-PB,7400.0,Quadro M5000,8.0,861.0,1038.0,Black / Green,267.0,PNY
EVGA GAMING,7380.0,GeForce GTX 1060 6GB,6.0,1506.0,1708.0,Black / Silver,267.0,EVGA
Asus DUAL,14000.0,GeForce RTX 2060,6.0,1365.0,1680.0,Black / Silver,270.0,ASUS
Asus STRIX GAMING Advanced,13700.0,GeForce RTX 2070,8.0,1410.0,1680.0,Black,300.0,ASUS
EVGA FTW3 ULTRA GAMING,14700.0,GeForce RTX 2080,8.0,1515.0,1860.0,Clear / Black,302.0,EVGA
PNY XLR8,10980.0,GeForce GTX 1080,8.0,1708.0,1848.0,Black / Red,292.0,PNY
MSI SUPRIM X,22900.0,GeForce RTX 3080 10GB LHR,10.0,1440.0,1920.0,Black / Silver,336.0,MSI
Gigabyte GV-R57XT-8GD-B,12600.0,Radeon RX 5700 XT,8.0,1605.0,1905.0,Silver,270.0,Gigabyte
Gigabyte Radeon RX VEGA 56 8G,9580.0,Radeon RX VEGA 56,8.0,1156.0,1471.0,Black / Red,280.0,Gigabyte
Asus Phoenix EVO OC,6500.0,GeForce GTX 1650 G6,4.0,1410.0,1635.0,Black,197.0,ASUS
Gigabyte GAMING,7980.0,GeForce GTX 1060 6GB,6.0,1506.0,1847.0,Black / Orange,278.0,Gigabyte
PNY T-Series,3440.0,T400  2GB,2.0,420.0,1425.0,Black / Gray,156.0,PNY
PNY VCGGTX1070T8PB-CG,9180.0,GeForce GTX 1070 Ti,8.0,1607.0,1683.0,Black / White,279.0,PNY
EVGA ACX 2.0+,7180.0,GeForce GTX 970,4.0,1050.0,1178.0,Black / Blue,257.0,EVGA
Asus Founders Edition,9960.0,GeForce GTX 1080,8.0,1607.0,1733.0,Black / Silver,267.0,ASUS
EVGA FTW+ GAMING,6700.0,GeForce GTX 1060 3GB,3.0,1632.0,1860.0,Black,267.0,EVGA
HP 5Z7D8AT,9980.0,T1000 8GB,8.0,1065.0,1395.0,Black,156.0,Desconocida
MSI SEA HAWK X,15900.0,GeForce RTX 2080,8.0,1515.0,1860.0,Black / Silver,268.0,MSI
PowerColor Red Devil,11980.0,Radeon RX VEGA 56,8.0,1308.0,1526.0,Red / Black,316.0,PowerColor
EVGA FTW ACX 2.0,7380.0,GeForce GTX 980,4.0,1279.0,1380.0,Black,269.0,EVGA
EVGA Classified ACX 2.0,7980.0,GeForce GTX 980,4.0,1291.0,1393.0,Black / Red,280.0,EVGA
XFX RX-VEGMTSFX6,13980.0,Radeon RX VEGA 64,8.0,1247.0,1546.0,Silver / Red,282.0,XFX
Asus 90YV0810-U0NA00,15980.0,GeForce GTX Titan X,12.0,1000.0,1075.0,Black / Silver,282.0,ASUS
EVGA SSC GAMING,7660.0,GeForce GTX 1060 6GB,6.0,1607.0,1835.0,Black,267.0,EVGA
Lenovo 4X61J52233,10855.8,T1000 8GB,8.0,1065.0,1395.0,Black,156.0,Lenovo
PNY VCQK1200DVI-PB,2748.39,Quadro K1200,4.0,1058.0,1124.0,Black / Green,160.0,PNY
MSI VENTUS 3X OC,19960.0,GeForce RTX 3080 10GB LHR,10.0,1440.0,1740.0,Black,305.0,MSI
Gigabyte WINDFORCE 2X,5980.0,Radeon R7 370,2.0,975.0,1015.0,Black,194.0,Gigabyte
Gigabyte GV-N970TTOC-4GD,7580.0,GeForce GTX 970,4.0,1101.0,1241.0,Black / Blue,266.0,Gigabyte
EVGA 04G-P4-1976-KR,7980.0,GeForce GTX 970,4.0,1140.0,1279.0,Black / Silver,242.0,EVGA
Gigabyte XTREME,9180.0,GeForce GTX 1070,8.0,1670.0,1898.0,Black / Orange,291.0,Gigabyte
EVGA Superclocked,7380.0,GeForce GTX 980,4.0,1241.0,1342.0,Black / Silver,267.0,EVGA
Asus R7265-DC2-2GD5,3194.4,Radeon R7 265,2.0,900.0,925.0,Black / Red,233.0,ASUS
PowerColor TurboDuo,9959.79,Radeon R9 280X,3.0,850.0,1000.0,Black / Red,265.0,PowerColor
