name,price,rpm_min,rpm_max,noise_min_db,noise_max_db,color,radiator_size,cooler_type,price_available,brand
Alphacool Core Ocean T38,1615.0,,,0.0,36.0,Black,280.0,AIO,True,Alphacool
ARCTIC Liquid Freezer 240,,500.0,1350.0,,,,240.0,AIO,False,ARCTIC
Antec VORTEX 360,,600.0,2000.0,31.24,31.24,Black,360.0,AIO,False,Antec
Cooler Master Hyper 212 RGB Black Edition,1199.8,650.0,2000.0,8.0,30.0,,,Air,True,Cooler Master
Thermalright Silver Arrow ITX,,300.0,1300.0,17.0,24.9,,,Air,False,Thermalright
Thermalright Frozen Magic Scenic V2,,2000.0,2000.0,31.4,31.4,White,280.0,AIO,False,Thermalright
Mars Gaming ML-ONE,1423.6,600.0,1800.0,9.0,26.0,Black,240.0,AIO,True,Mars Gaming
ARCTIC Liquid Freezer II 360 RGB,,200.0,1800.0,22.5,22.5,Black / Gray,360.0,AIO,False,ARCTIC
Mars Gaming MCPU-X5,,800.0,2000.0,9.0,28.0,White,,Air,False,Mars Gaming
Cooler Master MasterLiquid ML280 Mirror,,650.0,1400.0,10.0,27.0,Black,280.0,AIO,False,Cooler Master
ID-COOLING FX360 INF,1399.6,300.0,2000.0,27.2,27.2,Black,360.0,AIO,True,ID-COOLING
Xilence LQ240,1833.8,700.0,1600.0,18.0,32.5,Red / Black,240.0,AIO,True,Xilence
Jonsbo HP-400,,800.0,3000.0,14.0,33.0,Blue / White,,Air,False,Jonsbo
Rosewill RCX-ZAIO-92,799.0,600.0,2500.0,14.5,25.0,,,Air,True,Rosewill
ID-COOLING FROSTFLOW+ 280,,800.0,1600.0,16.8,32.6,Black / White,280.0,AIO,False,ID-COOLING
Phononic HEX 2.0,,1000.0,2650.0,17.0,33.0,,,Air,False,Desconocida
Asus ROG Ryujin III,6599.8,600.0,2200.0,36.45,36.45,White,360.0,AIO,True,ASUS
Logisys AC2200BT,,2200.0,2200.0,30.1,30.1,,,Air,False,Logisys
FSP Group Windale 6,,600.0,1600.0,32.0,32.0,,,Air,False,FSP
Lian Li Galahad II Trinity Performance,,2300.0,3000.0,32.1,39.9,Black,360.0,AIO,False,Lian Li
KOLINK Umbra EX180,,800.0,1800.0,28.6,28.6,Black,,Air,False,KOLINK
Jonsbo TG-360,,900.0,1800.0,,,Black,360.0,AIO,False,Jonsbo
ID-COOLING IS-20i,,800.0,2700.0,14.0,23.0,,,Air,False,ID-COOLING
Prolimatech PRO-GNSS,,800.0,1600.0,,,,,Air,False,Prolimatech
Thermalright Phantom Spirit 120 SE ARGB,758.0,1500.0,1500.0,25.6,25.6,Black / Silver,,Air,True,Thermalright
Yeston zeaginal Sakura,,900.0,1800.0,30.0,30.0,White,360.0,AIO,False,Desconocida
Deepcool AK620 DIGITAL,,500.0,1850.0,28.0,28.0,Black,,Air,False,DeepCool
SilentiumPC Navis RGB 280,,800.0,1800.0,,,Black,280.0,AIO,False,SilentiumPC
Lian Li GALAHAD AIO 240 RGB UNI FAN SL120 EDITION,,800.0,1900.0,32.0,32.0,White / Silver,240.0,AIO,False,Lian Li
Antec Symphony ARGB,,800.0,1600.0,20.0,35.0,Black,360.0,AIO,False,Antec
GameMax Twin 600,,800.0,2500.0,,,White,,Air,False,GameMax
ID-COOLING SE-213V2-B Lite,,1600.0,1600.0,26.4,26.4,,,Air,False,ID-COOLING
ID-COOLING SE-802-SD,,2200.0,2200.0,23.3,23.3,,,Air,False,ID-COOLING
Noua Alaska,,800.0,3000.0,30.5,30.5,Black,,Air,False,Noua
Noctua NH-L9a-AM4 chromax.black,1399.6,600.0,2500.0,14.8,23.6,Black,,Air,True,Noctua
TRYX PANORAMA SE ARGB,5599.8,500.0,1850.0,,,White,360.0,AIO,True,TRYX
Thermalright Assassin X Plus,,1500.0,1500.0,25.6,25.6,Black / Silver,,Air,False,Thermalright
ID-COOLING FROSTFLOW 240L-R,,800.0,2000.0,20.0,38.2,,240.0,AIO,False,ID-COOLING
Phanteks GLACIER ONE 360D30,,250.0,2000.0,30.2,30.2,White,360.0,AIO,False,Phanteks
SilenX EFZ-92HA2,375.2,2400.0,2400.0,8.0,24.0,,,Air,True,SilenX
NZXT Kraken X62,,500.0,1800.0,21.0,38.0,,280.0,AIO,False,NZXT
TRYX PANORAMA SE ARGB,5599.8,500.0,1850.0,,,Black,360.0,AIO,True,TRYX
Thermalright Aqua Elite V3,1091.8,1500.0,1500.0,25.6,25.6,White,360.0,AIO,True,Thermalright
Azza CUBE 360,,500.0,2000.0,34.0,34.0,Black,360.0,AIO,False,Azza
Enermax LIQMAX III 240 ARGB,978.0,500.0,1600.0,14.0,27.0,White / Black,240.0,AIO,True,Enermax
Inter-Tech ALSEYE X240,,1600.0,1600.0,35.6,35.6,Gray / Black,240.0,AIO,False,Inter-Tech
Thermalright Peerless Assassin 120 SE V3,698.0,2000.0,2000.0,29.8,29.8,Black / Silver,,Air,True,Thermalright
Dynatron R16,,1000.0,6000.0,21.5,55.8,,,Air,False,Dynatron
Deepcool LQ240,,500.0,2400.0,38.71,38.71,Black,240.0,AIO,False,DeepCool
RAIJINTEK AIDOS BLACK,,1000.0,2200.0,28.87,28.87,,,Air,False,RAIJINTEK
Alphacool Eisbaer Pro HPE Aurora,,,,31.5,31.5,Black,360.0,AIO,False,Alphacool
ARCTIC Freezer 8A CO,951.8,200.0,2300.0,,,Black / Silver,,Air,True,ARCTIC
Corsair iCUE H150i ELITE LCD XT,,550.0,2100.0,5.0,34.1,Black,360.0,AIO,False,Corsair
NZXT HAVIK 120,,1200.0,1500.0,18.0,22.0,,,Air,False,NZXT
Jonsbo CR-1300 EVO,,800.0,2000.0,28.2,28.2,Black / Silver,,Air,False,Jonsbo
GAMDIAS BOREAS E1,732.2,800.0,2000.0,10.0,31.0,Black / Silver,,Air,True,GAMDIAS
ARCTIC Liquid Freezer III 280,2599.8,200.0,1700.0,,,Black,280.0,AIO,True,ARCTIC
Deepcool LD360,,600.0,2400.0,38.71,38.71,Black,360.0,AIO,False,DeepCool
Ocypus Iota A62,1139.8,500.0,2000.0,29.0,29.0,Black,,Air,True,Ocypus
ID-COOLING SE-207-XT SLIM SNOW,,700.0,1800.0,15.2,35.2,White,,Air,False,ID-COOLING
RAIJINTEK Orcus 120,,800.0,1800.0,23.0,23.0,Black,120.0,AIO,False,RAIJINTEK
Cougar AQUA,,600.0,1800.0,35.0,35.0,Black,120.0,AIO,False,Cougar
ARCTIC Alpine 17 CO,259.8,250.0,2700.0,,,Black,,Air,True,ARCTIC
Rosewill PB240-RGB,,1500.0,1500.0,26.8,26.8,Black,240.0,AIO,False,Rosewill
RAIJINTEK EOS 360 RBW,,800.0,1800.0,28.0,28.0,Black,360.0,AIO,False,RAIJINTEK
Cooler Master Hyper 212 EVO V2,1399.6,650.0,1800.0,8.0,27.0,Black / Silver,,Air,True,Cooler Master
ARCTIC Freezer Xtreme Rev.2,,800.0,1500.0,24.4,24.4,,,Air,False,ARCTIC
Corsair iCUE H100i ELITE CAPELLIX,,2400.0,2400.0,10.0,37.0,Black,240.0,AIO,False,Corsair
Noctua NH-L12 Ghost S1,1499.0,300.0,1600.0,13.1,17.6,Silver / Beige,,Air,True,Noctua
Xilence A250PWM,357.8,1000.0,2800.0,17.8,32.0,Red / Black,,Air,True,Xilence
TRYX PANORAMA ARGB (2024),,500.0,1450.0,27.07,27.07,White,280.0,AIO,False,TRYX
Reeven Ouranos,,300.0,1700.0,5.8,36.4,,,Air,False,Reeven
ID-COOLING FI-VC Twin,,800.0,1800.0,16.2,32.6,,,Air,False,ID-COOLING
Gelid Solutions Liquid 360,1879.8,750.0,1800.0,29.6,29.6,Black,360.0,AIO,True,Gelid
Asus ROG Ryujin III ARGB Extreme,7799.8,1.0,2800.0,36.0,36.0,White,360.0,AIO,True,ASUS
Jonsbo HX4170D,,600.0,3300.0,28.4,28.4,White,,Air,False,Jonsbo
NZXT Kraken Z73,4400.0,500.0,1800.0,21.0,36.0,Black,360.0,AIO,True,NZXT
upHere AC12RGB,,600.0,1700.0,16.1,27.7,Black,,Air,False,upHere
Silverstone TD03-LITE,,1500.0,2500.0,18.0,35.0,,120.0,AIO,False,SilverStone
FSP Group MP7,,800.0,1800.0,32.0,32.0,Black,,Air,False,FSP
Thermaltake TOUGHLIQUID Ultra,3799.8,500.0,2500.0,28.1,28.1,Black,360.0,AIO,True,Thermaltake
Asus TUF GAMING LC 240 ARGB,,800.0,2000.0,29.0,29.0,Black,240.0,AIO,False,ASUS
Gelid Solutions Liquid 120,,750.0,1800.0,29.6,29.6,Black,120.0,AIO,False,Gelid
Silverstone NT09-115X,510.4,550.0,2500.0,18.5,32.0,,,Air,True,SilverStone
NZXT Kraken Elite 240 RGB (2024),3799.8,500.0,2400.0,30.0,30.0,White,240.0,AIO,True,NZXT
ID-COOLING DX240 MAX,1199.8,,,32.5,32.5,Black,240.0,AIO,True,ID-COOLING
Cooler Master MasterLiquid Atmos II,,690.0,2500.0,36.0,38.5,Black,360.0,AIO,False,Cooler Master
ENDORFY Navis F280 ARGB,2694.4,250.0,1800.0,,,Black,280.0,AIO,True,ENDORFY
Vetroo Shadow,,800.0,2500.0,29.6,29.6,Black,,Air,False,Vetroo
EK AIO 280 D-RGB,,500.0,2000.0,36.4,36.4,Black / Translucent White,280.0,AIO,False,EK
YEYIAN VATN 120 ARGB,,800.0,2000.0,25.0,32.0,Black,120.0,AIO,False,Desconocida
Scythe Mugen 5 Black Edition,,300.0,1500.0,4.0,29.75,Black,,Air,False,Scythe
NZXT HAVIK 140,,1200.0,1200.0,25.0,25.0,,,Air,False,NZXT
Valkyrie SYN,,800.0,2150.0,29.0,29.0,Black / Red,360.0,AIO,False,Valkyrie
Cooler Master MasterLiquid Pro 280,,650.0,2200.0,6.0,30.0,,280.0,AIO,False,Cooler Master
Thermaltake A1964,,5500.0,5500.0,,,,,Air,False,Thermaltake
ARCTIC Alpine M1,,750.0,750.0,20.5,20.5,,,Air,False,ARCTIC
ID-COOLING IS-47S,,800.0,3600.0,17.0,35.8,,,Air,False,ID-COOLING
NZXT Kraken X61,,800.0,2000.0,20.0,37.0,,280.0,AIO,False,NZXT
Deepcool LQ360,,600.0,2150.0,32.0,32.0,White,360.0,AIO,False,DeepCool
Gigabyte AORUS WATERFORCE X,,800.0,2500.0,7.9,37.6,Black,240.0,AIO,False,Gigabyte
Scythe Mugen 5,,300.0,1500.0,4.0,29.75,,,Air,False,Scythe
YEYIAN VATN ARGB 240,,800.0,2000.0,25.0,32.0,Black,240.0,AIO,False,Desconocida
ARCTIC Alpine 17,239.8,100.0,2000.0,,,Black / White,,Air,True,ARCTIC
Thermalright Frozen Warframe ARGB,,2000.0,2000.0,22.1,22.1,White,240.0,AIO,False,Thermalright
MSI Core Frozr XL,2732.8,500.0,1800.0,17.2,33.6,Black / Red,,Air,True,MSI
SilentiumPC Fera 5,,300.0,1800.0,,,Black / Silver,,Air,False,SilentiumPC
ZEROtherm ZT-570D,,900.0,2300.0,30.0,30.0,,,Air,False,ZEROtherm
ENDORFY Navis F280,,250.0,1800.0,,,Black,280.0,AIO,False,ENDORFY
Asus ROG STRIX LC III,4219.8,800.0,2200.0,36.0,36.0,Black,360.0,AIO,True,ASUS
Valkyrie DRAGONFANG,,800.0,2150.0,29.0,29.0,White,360.0,AIO,False,Valkyrie
Gigabyte AORUS WATERFORCE X II 360,4399.8,800.0,2400.0,12.0,37.5,Black,360.0,AIO,True,Gigabyte
Rosewill ROCC-13001,,2000.0,2000.0,19.39,31.05,,,Air,False,Rosewill
Noua Polaris LM240,,2200.0,2200.0,38.0,38.0,Black / White,240.0,AIO,False,Noua
MSI MAG CORELIQUID C280,,500.0,1800.0,14.8,33.28,Black,280.0,AIO,False,MSI
Deepcool AK620,,500.0,1850.0,28.0,28.0,White,,Air,False,DeepCool
Cooler Master Hyper N520,,,,19.0,19.0,,,Air,False,Cooler Master
Cooler Master MasterAir MA410M TUF Gaming Edition,,600.0,1800.0,6.0,31.0,Black / Yellow,,Air,False,Cooler Master
Gigabyte AORUS WATERFORCE X,,2300.0,2300.0,8.06,44.4,Black,280.0,AIO,False,Gigabyte
Alpenföhn Glacier Water 360 High Speed,6117.6,500.0,2200.0,36.8,36.8,Black,360.0,AIO,True,Alpenföhn
MSI MAG CORELIQUID C360,,500.0,2000.0,14.3,34.3,Black,360.0,AIO,False,MSI
Thermaltake Water 3.0 Extreme S,,1000.0,2000.0,20.0,20.0,,240.0,AIO,False,Thermaltake
Rosewill ROCC-16002,,800.0,2000.0,23.6,23.6,Blue / Black,,Air,False,Rosewill
Gelid Solutions Rev. 3 Tranquillo,,750.0,1500.0,12.0,26.5,,,Air,False,Gelid
Gelid Solutions SnowStorm,,900.0,2200.0,10.0,24.1,,,Air,False,Gelid
Deepcool GAMERSTORM CAPTAIN 240PRO V2,,500.0,1800.0,30.0,30.0,Black,240.0,AIO,False,DeepCool
Thermalright Venomous X - RT,,1300.0,1300.0,24.1,24.1,,,Air,False,Thermalright
Enermax Liqtech 120X,,600.0,2500.0,15.0,30.0,,120.0,AIO,False,Enermax
Zalman CNPS20X,579.79,800.0,1500.0,29.0,29.0,Black / Silver,,Air,True,Zalman
Corsair NAUTILUS 360 RS ARGB,2599.8,2100.0,2100.0,34.0,34.0,White,360.0,AIO,True,Corsair
Logisys MC3001IE,,900.0,2200.0,17.8,34.6,,,Air,False,Logisys
RAIJINTEK TRITON,,1000.0,2600.0,21.6,36.6,,240.0,AIO,False,RAIJINTEK
Lian Li HydroShift LCD 360R RGB,,300.0,2400.0,30.0,30.0,White,360.0,AIO,False,Lian Li
Gelid Solutions Slimhero,,750.0,1600.0,12.0,25.4,,,Air,False,Gelid
ID-COOLING SE-224-XTS ARGB,,600.0,1500.0,28.9,28.9,White,,Air,False,ID-COOLING
Masscool 8W2002F1M4,,800.0,2800.0,20.0,34.0,,,Air,False,Masscool
Antec KUHLER H2O 620,,1450.0,2000.0,,,,120.0,AIO,False,Antec
Geometric Future Prawn,1411.8,2000.0,2000.0,29.8,29.8,Black / Silver,,Air,True,Geometric Future
Lian Li Galahad II LCD SL-INF,4999.8,,,29.0,29.0,White,360.0,AIO,True,Lian Li
Thermaltake ASTRIA 200 ARGB,899.59,500.0,1800.0,26.8,26.8,White,,Air,True,Thermaltake
Deepcool Neptwin RGB,,500.0,1500.0,27.0,27.0,Black / Silver,,Air,False,DeepCool
Titan TTC-NC85TZ(RB),977.8,210.0,2100.0,28.8,28.8,,,Air,True,Titan
Dynatron R22,,,,,,,,Air,False,Dynatron
Cooler Master Hyper 212 LED Turbo (Black),,600.0,1600.0,9.0,31.0,,,Air,False,Cooler Master
In Win SR36,2600.0,500.0,2500.0,23.0,23.0,Black,360.0,AIO,True,In Win
Xigmatek D982,,1500.0,2500.0,22.0,22.0,,,Air,False,Xigmatek
Noctua NH-U12S TR4-SP3,1999.0,300.0,1500.0,18.6,22.4,,,Air,True,Noctua
EVGA ACX,,2800.0,2800.0,42.5,42.5,,,Air,False,EVGA
Phanteks GLACIER ONE 420D30,3399.8,250.0,1800.0,29.5,29.5,White,420.0,AIO,True,Phanteks
CRYORIG H7 Quad Lumi,,330.0,1600.0,10.0,25.0,,,Air,False,CRYORIG
ARCTIC Alpine 12 LP,,100.0,2000.0,,,Black / White,,Air,False,ARCTIC
Alpenföhn Glacier Water 240,,500.0,1600.0,23.5,23.5,Black,240.0,AIO,False,Alpenföhn
Silverstone Tundra TD02-SLIM,,800.0,2200.0,16.5,27.4,,240.0,AIO,False,SilverStone
Deepcool GAMMAXX L240 A-RGB,,500.0,1800.0,30.0,30.0,White,240.0,AIO,False,DeepCool
Ocypus Iota L36,1999.8,500.0,2000.0,29.0,29.0,White,360.0,AIO,True,Ocypus
Silverstone NovaPeak 360,2367.0,600.0,2200.0,35.1,35.1,Black,360.0,AIO,True,SilverStone
Xilence LQ360,2835.8,700.0,1600.0,18.0,35.2,Red / Black,360.0,AIO,True,Xilence
Deepcool GAMMAXX 400 V2,,500.0,1650.0,,,Black / Red,,Air,False,DeepCool
ID-COOLING FROZN A620 ARGB WHITE,1199.8,500.0,2000.0,29.9,29.9,White,,Air,True,ID-COOLING
ID-COOLING FROZN A410 ARGB,699.8,500.0,2000.0,29.9,29.9,Black,,Air,True,ID-COOLING
Cooler Master MasterLiquid 360L Core ARGB,1499.6,350.0,1750.0,27.2,27.2,Black,360.0,AIO,True,Cooler Master
MSI MAG CORELIQUID P240,,500.0,2000.0,14.3,34.3,Black,240.0,AIO,False,MSI
Cooler Master MASTERLIQUID ML240L RGB V2,1732.4,650.0,1800.0,6.0,27.0,Black,240.0,AIO,True,Cooler Master
Thermaltake TH240 V2 ARGB Sync,1599.6,500.0,2000.0,25.8,25.8,Black,240.0,AIO,True,Thermaltake
MSI MAG CORELIQUID 240R V2,2199.79,500.0,2000.0,14.3,34.3,Black,240.0,AIO,True,MSI
Noua Siberus Pro 240,,800.0,1800.0,32.0,32.0,Black,240.0,AIO,False,Noua
Evercool NI2011E-9525EP,,1000.0,3000.0,28.0,28.0,,,Air,False,Evercool
Antec Mercury 120,,900.0,1800.0,30.0,30.0,Black / White,120.0,AIO,False,Antec
Thermalright TS-140,,900.0,1300.0,17.0,21.0,,,Air,False,Thermalright
Thermalright TA120 EX,,1850.0,1850.0,29.6,29.6,Silver / Gray,,Air,False,Thermalright
Titan DC-155A915Z/RPW,,1000.0,2600.0,24.8,33.4,,,Air,False,Titan
Scythe SCIOR-1000,,300.0,1800.0,4.5,26.7,Black / Silver,,Air,False,Scythe
Thermaltake Contac 16,,2400.0,2400.0,30.0,30.0,,,Air,False,Thermaltake
Thermalright Peerless Assassin 120 SE V2,738.0,1850.0,1850.0,29.5,29.5,Black / Silver,,Air,True,Thermalright
Enermax ETS-T40-VD,,800.0,1800.0,16.0,21.0,,,Air,False,Enermax
Enermax Liqfusion 360,,500.0,2000.0,14.0,28.0,Black,360.0,AIO,False,Enermax
Thermalright AQUA ELITE ARGB V4,909.8,1550.0,1550.0,25.6,25.6,Black,240.0,AIO,True,Thermalright
be quiet! Pure Rock 2 FX,1954.19,,,7.9,24.4,Black,,Air,True,be quiet!
Silverstone HE02,,,,,,,,Air,False,SilverStone
Akasa Vegas Chroma AM,664.2,500.0,1800.0,32.5,32.5,Black,,Air,True,Akasa
EK EK-Nucleus AIO CR360 Lux D-RGB,3000.0,550.0,2300.0,36.0,36.0,White,360.0,AIO,True,EK
Thermaltake Water 3.0 Performer,,1000.0,2000.0,20.0,20.0,,120.0,AIO,False,Thermaltake
Jonsbo CR-1400 EVO Color White,570.0,800.0,2200.0,22.3,33.8,White,,Air,True,Jonsbo
ID-COOLING FROZN A400 BLACK,499.79,500.0,2200.0,25.8,25.8,Black,,Air,True,ID-COOLING
EVGA CLC 360,,500.0,2400.0,16.0,39.9,Black,360.0,AIO,False,EVGA
Enermax ETS-N31-02,,800.0,2000.0,24.5,24.5,Black / Silver,,Air,False,Enermax
Thermalright Burst Assassin 120 SE,433.8,1550.0,1550.0,25.6,25.6,Black / Silver,,Air,True,Thermalright
iBuypower AW4,1999.8,700.0,2000.0,38.0,38.0,Black,360.0,AIO,True,Desconocida
Corsair H55,,1700.0,1700.0,30.32,30.32,,120.0,AIO,False,Corsair
be quiet! Pure Rock 2,859.8,1500.0,1500.0,19.1,26.8,Silver / Black,,Air,True,be quiet!
Scythe Mugen 5 Black Edition Rev.C,,300.0,1500.0,4.0,28.6,Black,,Air,False,Scythe
Rosewill PB120-RGB,,800.0,1800.0,27.8,27.8,Black,120.0,AIO,False,Rosewill
Cooler Master MasterLiquid 240 Core II,1338.4,600.0,1750.0,30.0,30.0,White,240.0,AIO,True,Cooler Master
Noctua NH-D15S chromax.black,2598.8,300.0,1500.0,19.2,24.6,Black,,Air,True,Noctua
Thermalright Silver Arrow 130,3587.8,600.0,1500.0,19.0,23.0,Silver,,Air,True,Thermalright
Thermalright Frost Spirit 140,,1500.0,1500.0,25.6,25.6,Gray,,Air,False,Thermalright
Valkyrie DRAGONFANG,,800.0,2150.0,29.0,29.0,White,240.0,AIO,False,Valkyrie
iTek Hydro Cube,,2000.0,2000.0,31.6,31.6,Black,240.0,AIO,False,Desconocida
Geometric Future Eskimo Junior 24,1998.0,2000.0,2000.0,29.0,29.0,Black,240.0,AIO,True,Geometric Future
Cooler Master MasterLiquid 360 ATMOS Stealth,,1.0,2400.0,30.0,30.0,Black,360.0,AIO,False,Cooler Master
ARCTIC Freezer 33 TR (Black/White),,200.0,1800.0,24.4,24.4,,,Air,False,ARCTIC
Cooler Master Vortex 211P,,2200.0,2200.0,,,,,Air,False,Cooler Master
Zalman CNPS8900 Quiet,,1000.0,1500.0,19.0,25.0,,,Air,False,Zalman
GAMDIAS AURA GL360,1199.8,800.0,2000.0,11.0,29.0,Black,360.0,AIO,True,GAMDIAS
Alpenföhn BLACK RIDGE,1392.2,800.0,2800.0,14.0,37.6,Black,,Air,True,Alpenföhn
KOLINK Umbra Void,3056.39,2200.0,2200.0,30.0,30.0,Black,360.0,AIO,True,KOLINK
Dynatron R15,979.0,,,,,,,Air,True,Dynatron
Deepcool ICE BLADE 100,,2200.0,2200.0,31.6,31.6,,,Air,False,DeepCool
NZXT T120 RGB,659.8,500.0,1800.0,17.2,27.5,Black,,Air,True,NZXT
Asus TUF Gaming LC II ARGB,2399.79,800.0,2000.0,29.0,29.0,Black,240.0,AIO,True,ASUS
HYTE THICC Q60,4980.0,,,10.0,47.3,White / Black,240.0,AIO,True,HYTE
PC Cooler RZ820,,500.0,2200.0,32.0,32.0,Black,,Air,False,PC Cooler
be quiet! Dark Rock Pro 5,1998.0,1300.0,2000.0,8.9,23.3,Black,,Air,True,be quiet!
Alpenföhn Brocken 2 PCGH,,700.0,700.0,18.5,18.5,,,Air,False,Alpenföhn
Asus ROG RYUJIN 360,,450.0,2000.0,29.7,29.7,Black,360.0,AIO,False,ASUS
Scythe SCNJ-4000,,300.0,1500.0,4.0,29.5,,,Air,False,Scythe
Deepcool CAPTAIN 240,,600.0,2200.0,17.6,39.29,,240.0,AIO,False,DeepCool
be quiet! Dark Rock TF,,1400.0,1400.0,11.9,26.7,,,Air,False,be quiet!
Thermalright Aqua Elite V3,898.0,1500.0,1500.0,25.6,25.6,Black,240.0,AIO,True,Thermalright
Jonsbo PISA A4,,800.0,1850.0,36.8,36.8,Gray,,Air,False,Jonsbo
Xilence LQ240 ARGB,,500.0,1500.0,18.0,30.2,Black,240.0,AIO,False,Xilence
Jonsbo HX5230,,700.0,1800.0,25.2,37.6,Black,,Air,False,Jonsbo
Cooler Master Wraith Ripper,5400.0,,,0.0,38.0,Black,,Air,True,Cooler Master
NZXT Kraken X42,,500.0,1800.0,21.0,38.0,,140.0,AIO,False,NZXT
Valkyrie SYN,,800.0,2150.0,29.0,29.0,White / Blue,240.0,AIO,False,Valkyrie
Deepcool LS320 WH,,500.0,2250.0,32.9,32.9,White,120.0,AIO,False,DeepCool
Corsair iCUE H115i ELITE CAPELLIX XT,,500.0,1700.0,5.0,33.8,Black,280.0,AIO,False,Corsair
Asus ROG STRIX LC II 280 ARGB,2399.79,700.0,2100.0,35.7,35.7,Black,280.0,AIO,True,ASUS
Deepcool GAMMAXX 200T,,900.0,1600.0,17.8,26.1,,,Air,False,DeepCool
Thermaltake CLP0574,,800.0,1300.0,16.0,16.0,,,Air,False,Thermaltake
Antec KUHLER H2O 950,1182.6,,,,,,120.0,AIO,True,Antec
upHere ACC92RGB,,600.0,1700.0,16.1,27.7,Black,,Air,False,upHere
Thermalright SilverArrow T8,,600.0,1800.0,19.0,25.0,Silver / Red,,Air,False,Thermalright
Intel BXXTS100H,,800.0,1800.0,20.0,35.0,,,Air,False,Intel
Thermaltake Floe DX RGB 280 TT Premium Edition,1956.8,500.0,1400.0,19.8,26.2,Black / Gray,280.0,AIO,True,Thermaltake
Enermax LIQMAX III 360 ARGB,3300.0,500.0,1600.0,14.0,27.0,White / Black,360.0,AIO,True,Enermax
Lian Li Galahad II Lite Performance,1699.8,200.0,2500.0,29.8,29.8,Black,240.0,AIO,True,Lian Li
Thermaltake Water 3.0 Riing RGB 280,2999.8,300.0,1500.0,18.5,26.4,Black / Red,280.0,AIO,True,Thermaltake
Enermax Liqmax III 120 HF,,500.0,2000.0,14.0,32.0,Black,120.0,AIO,False,Enermax
Thermaltake Riing Silent 12 Pro Red,,300.0,1400.0,12.0,19.0,,,Air,False,Thermaltake
Asus TUF Gaming LC 120 ARGB,,800.0,2000.0,,,Black,120.0,AIO,False,ASUS
Enermax LIQTECH TR4 II 360,,500.0,2300.0,14.0,28.0,Black,360.0,AIO,False,Enermax
Thermalright Royal Pretor 130 BLACK,993.8,1750.0,1750.0,28.3,28.3,Black,,Air,True,Thermalright
ID-COOLING SE-205,,1600.0,1800.0,16.2,29.2,,,Air,False,ID-COOLING
Vetroo R360,,,,,,Black,360.0,AIO,False,Vetroo
Deepcool AG620 Digital,,300.0,1950.0,29.4,29.4,White,,Air,False,DeepCool
Cooler Master Nepton 240M,,2400.0,2400.0,6.5,27.0,,240.0,AIO,False,Cooler Master
Thermaltake CLP0604,,1200.0,2100.0,21.0,48.0,,,Air,False,Thermaltake
Silverstone Hydrogon D120 ARGB,2049.4,,,0.0,30.5,Black / Silver,,Air,True,SilverStone
Enermax Liqtech TR4 II 280,,500.0,1500.0,14.0,25.0,Black,280.0,AIO,False,Enermax
Thermalright Assassin X SE,337.8,2200.0,2200.0,23.85,23.85,Black / Silver,,Air,True,Thermalright
Cougar FORZA 85,1399.6,600.0,2000.0,34.5,34.5,Black,,Air,True,Cougar
ID-COOLING SE-902,,600.0,2200.0,14.0,23.8,,,Air,False,ID-COOLING
Thermalright Assassin X 120 R Digital ARGB,498.0,2000.0,2000.0,29.8,29.8,Black,,Air,True,Thermalright
FSP Group MP7 ARGB,1099.8,800.0,1800.0,32.0,32.0,Black / Silver,,Air,True,FSP
Lian Li Galahad II LCD,4199.8,300.0,1550.0,26.7,26.7,White,280.0,AIO,True,Lian Li
RAIJINTEK MYA RBW,,200.0,1400.0,28.43,28.43,Black,,Air,False,RAIJINTEK
GAMDIAS BOREAS E2-41D,,800.0,1800.0,10.0,32.0,White,,Air,False,GAMDIAS
Asus Prime LC 360 ARGB,2099.79,600.0,2200.0,,,Black,360.0,AIO,True,ASUS
Evercool HPJ-12025,,1000.0,1000.0,21.0,21.0,,,Air,False,Evercool
Silverstone VIDA 120 SLIM,2181.8,300.0,1800.0,15.9,33.9,Black,120.0,AIO,True,SilverStone
Deepcool LT720,,500.0,2250.0,32.9,32.9,Black / Gray,360.0,AIO,False,DeepCool
ENDORFY Fera 5,550.0,250.0,1800.0,,,Black / Silver,,Air,True,ENDORFY
Thermaltake TH420 V2 Ultra ARGB Sync,4199.0,500.0,2000.0,34.7,34.7,White,420.0,AIO,True,Thermaltake
Thermaltake TOUGHLIQUID 420 EX Pro ARGB Sync,,500.0,2000.0,31.6,31.6,Black,420.0,AIO,False,Thermaltake
Zalman CNPS10X QUIET,,700.0,1400.0,26.0,26.0,,,Air,False,Zalman
Thermalright U120eXtrem1366RT R-C,,1600.0,1600.0,28.0,28.0,,,Air,False,Thermalright
GAMDIAS CHIONE M4-240,1384.6,800.0,2000.0,11.0,29.0,Black,240.0,AIO,True,GAMDIAS
MSI MAG CORELIQUID A13,2199.79,,,,,Black,360.0,AIO,True,MSI
Gigabyte AORUS WATERFORCE II 360 ICE,2599.8,800.0,2300.0,12.8,36.9,White,360.0,AIO,True,Gigabyte
Thermaltake TH360 V2 ARGB Sync,2419.79,500.0,2000.0,25.8,25.8,White,360.0,AIO,True,Thermaltake
Sapphire NITRO+ S360-A,,405.0,2400.0,17.9,36.2,Black / Silver,360.0,AIO,False,Desconocida
Thermaltake CL-P0101,,600.0,3700.0,15.0,46.5,,,Air,False,Thermaltake
ID-COOLING IS-30,,800.0,3600.0,17.0,35.8,,,Air,False,ID-COOLING
ZEROtherm ZT-1000D 775,,2500.0,2500.0,,,,,Air,False,ZEROtherm
Cooler Master Seidon 120V VER.2,,800.0,2400.0,6.5,27.0,,120.0,AIO,False,Cooler Master
upHere CC120RGB,,600.0,1700.0,16.1,27.7,Black / White,120.0,AIO,False,upHere
ARCTIC Freezer 34 CO,,200.0,1800.0,,,Black / Silver,,Air,False,ARCTIC
ARCTIC Liquid Freezer III Pro A-RGB 360,2009.8,600.0,3000.0,,,White,360.0,AIO,True,ARCTIC
Alphacool Eisbaer Extreme,4332.0,1000.0,1000.0,18.8,18.8,Black,280.0,AIO,True,Alphacool
CRYORIG H5 Universal,,700.0,1300.0,20.0,24.0,,,Air,False,CRYORIG
Thermalright Elite Vision 360 ARGB,,2150.0,2150.0,27.0,27.0,White,360.0,AIO,False,Thermalright
Asus ProArt LC 420,6999.8,800.0,2000.0,31.5,31.5,Black,420.0,AIO,True,ASUS
ARCTIC Liquid Freezer III 280 A-RGB,2779.8,200.0,1900.0,,,Black,280.0,AIO,True,ARCTIC
Prolimatech Megahalems Rev.B,,,,,,,,Air,False,Prolimatech
Fractal Design Lumen S24 RGB V2,2199.79,500.0,2000.0,10.0,33.2,Black,240.0,AIO,True,Fractal Design
Noua Numb Pro,,800.0,1600.0,29.0,29.0,Black,,Air,False,Noua
Deepcool CASTLE 360EX WHITE,,500.0,1800.0,32.1,32.1,White / Black,360.0,AIO,False,DeepCool
Scythe Mugen MAX,,500.0,1300.0,13.0,30.7,,,Air,False,Scythe
Enermax AQUAFUSION ADV 120,,500.0,2000.0,15.0,32.6,Black,120.0,AIO,False,Enermax
ID-COOLING SE-214-XT-WL,,700.0,1800.0,35.2,35.2,White,,Air,False,ID-COOLING
Thermalright SI-100,,2000.0,2000.0,27.7,27.7,Gray,,Air,False,Thermalright
SilentiumPC Fortis 5 ARGB,,300.0,1400.0,,,Black / Silver,,Air,False,SilentiumPC
Cooler Master MasterLiquid 360L Core SF6 Luke,,650.0,1750.0,27.2,27.2,White / Orange,360.0,AIO,False,Cooler Master
be quiet! Dark Rock Pro 4,,1500.0,1500.0,12.8,24.3,Black,,Air,False,be quiet!
Corsair iCUE LINK TITAN 240 RX LCD,3999.8,300.0,2100.0,10.0,36.0,Black,240.0,AIO,True,Corsair
Corsair H110i GT,,2100.0,2100.0,43.0,43.0,,280.0,AIO,False,Corsair
Cooler Master GeminII M5 LED,,500.0,1600.0,31.0,31.0,,,Air,False,Cooler Master
Noctua NH-L12Sx77,1599.0,450.0,1850.0,16.8,23.9,Silver / Beige,,Air,True,Noctua
Thermalright Assassin X 120 Refined SE,357.8,1550.0,1550.0,25.6,25.6,Black / Silver,,Air,True,Thermalright
PC Cooler DS360,2199.79,500.0,2200.0,32.0,32.0,Black,360.0,AIO,True,PC Cooler
ID-COOLING SE-234-ARGB V2,,500.0,1500.0,13.8,30.5,,,Air,False,ID-COOLING
Deepcool GAMMAXX AG400 ARGB,,500.0,2000.0,31.6,31.6,White,,Air,False,DeepCool
GameMax Iceberg 120 ARGB,,1100.0,1100.0,25.0,25.0,Black,120.0,AIO,False,GameMax
Thermaltake TH280 V2 ARGB Sync,2199.79,500.0,1800.0,25.8,25.8,Green,280.0,AIO,True,Thermaltake
Antec Neptune 240 ARGB,,900.0,1600.0,20.0,36.0,Black,240.0,AIO,False,Antec
Dynatron R12,,,,0.0,0.0,,,Air,False,Dynatron
Lian Li Galahad II Trinity,3780.0,2450.0,2450.0,35.4,35.4,Black,240.0,AIO,True,Lian Li
ID-COOLING SE-902-SD,,2000.0,2000.0,23.1,23.1,,,Air,False,ID-COOLING
Thermalright Silver Arrow,,500.0,1300.0,17.0,21.0,,,Air,False,Thermalright
Deepcool CAPTAIN 120EX WHITE,,500.0,1800.0,17.6,31.3,,120.0,AIO,False,DeepCool
Intel E97379-001,399.6,1200.0,2800.0,22.0,22.0,Silver / Black,,Air,True,Intel
Alphacool Eisbaer Aurora 240,2747.0,800.0,2000.0,,,Black,240.0,AIO,True,Alphacool
Jonsbo CR-3000E ARGB,,600.0,1600.0,22.0,34.0,Black,,Air,False,Jonsbo
ID-COOLING SE-913-R,,600.0,2200.0,23.8,23.8,,,Air,False,ID-COOLING
Scythe Big Shuriken 3 Rev.B,,300.0,1800.0,2.58,27.8,Black / Silver,,Air,False,Scythe
NZXT Kraken Z53 RGB,,500.0,1500.0,22.0,33.0,White / Black,240.0,AIO,False,NZXT
Antec A400i,715.8,800.0,1800.0,20.0,36.0,Black / Silver,,Air,True,Antec
Thermalright Frozen Notte ARGB V2,,2000.0,2000.0,27.7,27.7,Black,240.0,AIO,False,Thermalright
Scythe SCMN-2000,,500.0,1700.0,9.6,36.4,,,Air,False,Scythe
Antec Mercury 240 RGB,,900.0,1800.0,36.0,36.0,Black / White,240.0,AIO,False,Antec
Valkyrie Vind 125 SL,1099.8,800.0,2150.0,29.0,29.0,Black,,Air,True,Valkyrie
Fractal Design Lumen S24 V2,,500.0,2000.0,10.0,33.2,Black,240.0,AIO,False,Fractal Design
NZXT Kraken X63,2599.6,500.0,2000.0,21.0,38.0,Black,280.0,AIO,True,NZXT
Thermalright Peerless Assassin MINI,,1500.0,1500.0,25.6,25.6,White,,Air,False,Thermalright
Cooler Master MasterAir MA410P,,650.0,2000.0,6.0,30.0,,,Air,False,Cooler Master
Deepcool Gamerstorm Captain 240 PRO,,500.0,1800.0,30.0,30.0,Black,240.0,AIO,False,DeepCool
GAMDIAS CHIONE E4,1699.8,800.0,1800.0,11.0,33.8,Black,240.0,AIO,True,GAMDIAS
Cooler Master MasterLiquid ML360 Illusion,4075.0,650.0,1800.0,6.0,30.0,Black / Silver,360.0,AIO,True,Cooler Master
Gelid Solutions Polar,,1400.0,2000.0,16.0,28.9,,,Air,False,Gelid
Cooler Master Hyper TX3 EVO,,800.0,2800.0,17.0,35.0,,,Air,False,Cooler Master
Thermalright TA140 EX,,1800.0,1800.0,30.2,30.2,Gray,,Air,False,Thermalright
ID-COOLING FX360 ARGB,,500.0,1800.0,35.2,35.2,White,360.0,AIO,False,ID-COOLING
Thermalright SI-100 WHITE ARGB,618.0,2000.0,2000.0,27.7,27.7,White,,Air,True,Thermalright
SilentiumPC Navis RGB 240,,800.0,2300.0,,,Black,240.0,AIO,False,SilentiumPC
Cougar Poseidon Elite ARGB 240,2886.2,500.0,2200.0,33.5,33.5,White,240.0,AIO,True,Cougar
Vetroo V360,1159.0,800.0,1800.0,30.8,30.8,Black,360.0,AIO,True,Vetroo
Zalman CNPS 7500 Cu LED,,1150.0,2300.0,17.0,32.0,,,Air,False,Zalman
Thermaltake CLP0600,,1000.0,2400.0,19.3,30.0,,,Air,False,Thermaltake
Thermaltake TOUGHAIR 110,699.8,500.0,2000.0,23.6,23.6,Black / Silver,,Air,True,Thermaltake
ID-COOLING DK-09i,,2200.0,2200.0,26.8,26.8,,,Air,False,ID-COOLING
Thermaltake TOUGHLIQUID 360 EX Pro ARGB Sync,,500.0,2000.0,22.6,22.6,Black,360.0,AIO,False,Thermaltake
Iceberg Thermal IceFLOE T65,,1000.0,3000.0,31.5,31.5,Silver / Teal,,Air,False,Iceberg Thermal
Xilence I200,261.2,2200.0,2200.0,25.0,25.0,Black / Silver,,Air,True,Xilence
Deepcool CASTLE 280EX,,400.0,1600.0,39.8,39.8,Black,280.0,AIO,False,DeepCool
ID-COOLING DX240 MAX,,,,32.5,32.5,White,240.0,AIO,False,ID-COOLING
Iceberg Thermal IceFLOE OASIS 360,,200.0,2200.0,28.9,28.9,Black,360.0,AIO,False,Iceberg Thermal
Scythe SCKC-2100,,500.0,1300.0,9.6,24.7,,,Air,False,Scythe
Corsair iCUE LINK H150i RGB,4799.8,480.0,2400.0,,,Black,360.0,AIO,True,Corsair
Phanteks Glacier One 360M25 G2,1999.8,350.0,2000.0,35.13,35.13,Black,360.0,AIO,True,Phanteks
Scythe Kotetsu Mark 3,599.79,300.0,1500.0,4.0,28.6,Black / Silver,,Air,True,Scythe
Thermalright Archon IB-E X2,,900.0,1300.0,17.0,21.0,,,Air,False,Thermalright
Cooler Master Hyper 212 Spectrum V3,339.6,650.0,1750.0,27.2,27.2,Black / Silver,,Air,True,Cooler Master
HYTE THICC Q80 Trio,6999.8,1.0,3000.0,10.0,47.3,Black,360.0,AIO,True,HYTE
Cooler Master RR-T812-24PK-R2,,600.0,2400.0,19.0,40.0,,,Air,False,Cooler Master
Thermaltake Floe Riing RGB 360 TR4 Edition,,1000.0,2000.0,21.8,33.0,Black,360.0,AIO,False,Thermaltake
EK Nucleus AIO CR240 Dark,,550.0,2300.0,36.0,36.0,Black,240.0,AIO,False,EK
ID-COOLING FROSTFLOW X,,700.0,1800.0,18.0,35.2,,120.0,AIO,False,ID-COOLING
Deepcool AK500 DIGITAL WH,,500.0,1850.0,28.0,28.0,White,,Air,False,DeepCool
ID-COOLING SE-903-XT,299.8,500.0,2200.0,25.8,25.8,Black,,Air,True,ID-COOLING
ENDORFY Navis F240,2020.6,250.0,1800.0,,,Black,240.0,AIO,True,ENDORFY
Thermalright Hyper Vision ARGB,3399.8,2150.0,2150.0,27.0,27.0,Black,360.0,AIO,True,Thermalright
Lian Li Hydroshift LCD 360S,3599.8,200.0,2500.0,29.8,29.8,White,360.0,AIO,True,Lian Li
GAMDIAS BOREAS M2-51D,,800.0,1800.0,10.0,32.0,White,,Air,False,GAMDIAS
Fractal Design Celsius S36,,500.0,2000.0,32.2,32.2,,360.0,AIO,False,Fractal Design
Asus ROG STRIX LC II,2199.79,800.0,2500.0,37.6,37.6,Black,240.0,AIO,True,ASUS
NZXT Kraken 360 RGB,4399.8,500.0,1800.0,17.9,30.6,White,360.0,AIO,True,NZXT
MSI MPG CORELIQUID K360 V2,,,,39.9,39.9,Black,360.0,AIO,False,MSI
Cougar AQUA,,600.0,1600.0,34.0,34.0,Black,280.0,AIO,False,Cougar
NZXT Kraken X40,,800.0,2000.0,21.0,37.0,,140.0,AIO,False,NZXT
Montech HyperFlow ARGB 360,1998.0,2200.0,2200.0,29.1,29.1,White,360.0,AIO,True,Montech
Tempest Subzero RGB,,800.0,1650.0,,,Black / Silver,,Air,False,Desconocida
Logisys IC4100AST,,2200.0,2200.0,30.1,30.1,,,Air,False,Logisys
Cooler Master GeminII M5 LED,,500.0,1600.0,31.0,31.0,Black / Silver,,Air,False,Cooler Master
Cooler Master Hyper 622 Halo,,650.0,2050.0,27.0,27.0,Black,,Air,False,Cooler Master
Alphacool Eisbaer 420,,1100.0,1100.0,29.4,29.4,Black / Blue,420.0,AIO,False,Alphacool
Cooler Master Hyper H410R RGB,2780.0,600.0,2000.0,6.0,29.0,,,Air,True,Cooler Master
Noctua NH-D14,,900.0,1200.0,12.6,19.8,,,Air,False,Noctua
Thermalright Assassin X 90 SE,,2400.0,2400.0,27.3,27.3,Black / Silver,,Air,False,Thermalright
Alphacool Core Ocean T38,1350.0,,,0.0,34.3,Black,240.0,AIO,True,Alphacool
Iceberg Thermal IceSLEET X6,639.79,500.0,1850.0,0.0,36.0,Teal / Silver,,Air,True,Iceberg Thermal
Deepcool LT520 WH,,500.0,2250.0,32.9,32.9,White,240.0,AIO,False,DeepCool
RAIJINTEK LETO PRO RGB,,800.0,1800.0,25.0,25.0,Black / Silver,,Air,False,RAIJINTEK
GameMax Iceberg 120,,600.0,1800.0,25.0,32.0,Black,120.0,AIO,False,GameMax
Scythe Mugen 5 S,,350.0,1800.0,4.0,22.9,Black / Silver,,Air,False,Scythe
Corsair iCUE H150i ELITE CAPELLIX XT,,550.0,2100.0,5.0,34.1,Black,360.0,AIO,False,Corsair
Akasa X4,,600.0,2500.0,17.0,29.5,Black / Silver,,Air,False,Akasa
ID-COOLING SE-224-XT RGB,,900.0,2000.0,16.2,31.5,Black / White,,Air,False,ID-COOLING
Silverstone NovaPeak 240,1865.4,600.0,2200.0,35.1,35.1,Black,240.0,AIO,True,SilverStone
Silverstone PF120-ARGB,,600.0,2200.0,7.4,35.6,Black,120.0,AIO,False,SilverStone
RAIJINTEK Orcus 240,,800.0,1800.0,23.0,23.0,Black,240.0,AIO,False,RAIJINTEK
Gelid Solutions CC-GX7-01-A,,600.0,1800.0,10.0,26.8,,,Air,False,Gelid
Iceberg Thermal IceFLOE T95,199.8,1000.0,2200.0,32.3,32.3,Teal / Silver,,Air,True,Iceberg Thermal
Noctua NH-P1,2399.0,,,0.0,0.0,Silver,,Air,True,Noctua
Silverstone PF360-ARGB,,600.0,2200.0,7.4,35.6,Black,360.0,AIO,False,SilverStone
Inter-Tech ALSEYE MAX 120,,600.0,1800.0,16.5,32.5,Black,120.0,AIO,False,Inter-Tech
Fractal Design Kelvin T12,,800.0,1700.0,26.9,26.9,,120.0,AIO,False,Fractal Design
Thermalright Aqua Elite V3,691.8,1500.0,1500.0,25.6,25.6,Black,120.0,AIO,True,Thermalright
Fractal Design Celsius+ S28 Dynamic X2 PWM,,500.0,1700.0,32.7,32.7,Black,280.0,AIO,False,Fractal Design
Cooler Master MASTERLIQUID ML120L RGB V2,,650.0,1800.0,6.0,27.0,Black,120.0,AIO,False,Cooler Master
NZXT Kraken Elite 360 (2024),5399.8,500.0,2000.0,30.0,30.0,Black,360.0,AIO,True,NZXT
Thermalright Frozen Fusion ARGB,,2150.0,2150.0,28.1,28.1,Black,360.0,AIO,False,Thermalright
ARCTIC Alpine 11 - Passive,,,,0.0,0.0,,,Air,False,ARCTIC
Cooler Master MA410P TUF Gaming Edition,,650.0,2000.0,,,Yellow / Black,,Air,False,Cooler Master
SilentiumPC Navis RGB 360,,500.0,1600.0,,,Black / White,360.0,AIO,False,SilentiumPC
In Win Nebula NR36,2980.0,400.0,1800.0,25.0,25.0,Black / White,360.0,AIO,True,In Win
Corsair iCUE LINK TITAN 240 RX RGB,3199.8,300.0,2100.0,,,Black,240.0,AIO,True,Corsair
ARCTIC Freezer 34 eSports DUO,,200.0,2100.0,24.4,24.4,Red / Black,,Air,False,ARCTIC
Thermalright Phantom Spirit,758.0,1500.0,1500.0,25.6,25.6,Black / Silver,,Air,True,Thermalright
Thermalright Peerless Assassin 120 Digital ARGB,,1850.0,1850.0,25.6,25.6,White,,Air,False,Thermalright
GAMDIAS BOREAS M2-51D,,800.0,1800.0,10.0,32.0,Black,,Air,False,GAMDIAS
ID-COOLING IS-40X,499.79,600.0,2500.0,14.0,33.0,Black / White,,Air,True,ID-COOLING
GAMDIAS CHIONE M4-360,2104.6,800.0,2000.0,11.0,29.0,Black,360.0,AIO,True,GAMDIAS
Xion XON-HP9310P,,1000.0,3000.0,16.0,25.3,,,Air,False,Desconocida
ID-COOLING FROZN A720 BLACK,1399.6,500.0,2000.0,33.5,33.5,Black,,Air,True,ID-COOLING
Thermalright Burst Assassin,431.8,1550.0,1550.0,25.6,25.6,Gray / Black,,Air,True,Thermalright
ARCTIC Liquid Freezer III Pro,1589.6,400.0,2500.0,,,Black,280.0,AIO,True,ARCTIC
EK EK-Nucleus AIO CR240 Lux D-RGB,2559.79,550.0,2300.0,36.0,36.0,Black,240.0,AIO,True,EK
Xigmatek Dark Knight SD1483 Frostbourne,,800.0,1200.0,18.0,18.0,,,Air,False,Xigmatek
Thermaltake TH420 ARGB Sync,4277.39,500.0,1800.0,34.7,34.7,Black,420.0,AIO,True,Thermaltake
Thermalright Frozen Prism ARGB,958.0,1850.0,1850.0,27.0,27.0,Black,240.0,AIO,True,Thermalright
iBuypower AW4,1599.8,700.0,2000.0,38.0,38.0,Black,240.0,AIO,True,Desconocida
Akasa SOHO 360 Dusk,5124.0,500.0,2000.0,14.5,31.8,Black,360.0,AIO,True,Akasa
Deepcool LUCIFER,,700.0,1400.0,17.8,31.1,,,Air,False,DeepCool
NZXT Kraken 360,3599.8,500.0,1800.0,17.9,30.6,Black,360.0,AIO,True,NZXT
Corsair NAUTILUS 240 RS ARGB,1999.8,2100.0,2100.0,34.0,34.0,Black,240.0,AIO,True,Corsair
Cooler Master MasterLiquid 240L Core ARGB,1699.8,350.0,1750.0,27.2,27.2,Black,240.0,AIO,True,Cooler Master
Deepcool THETA 20 PWM,329.6,900.0,2400.0,17.8,32.5,Black / Silver,,Air,True,DeepCool
Deepcool GAMMAXX AG400 ARGB,,500.0,2000.0,31.6,31.6,Black,,Air,False,DeepCool
ENDORFY Fera 5 Black ARGB,,250.0,1800.0,,,Black,,Air,False,ENDORFY
Cooler Master MasterAir MA620P TUF Gaming Edition,,600.0,1800.0,6.0,31.0,Black / Yellow,,Air,False,Cooler Master
be quiet! Silent Loop 120,,2000.0,2000.0,16.1,36.9,,120.0,AIO,False,be quiet!
Silverstone IceMyst 360,2999.8,500.0,2200.0,12.1,33.1,Silver / Black,360.0,AIO,True,SilverStone
Asus ROG STRIX LC II ARGB,,800.0,2500.0,37.6,37.6,Black,120.0,AIO,False,ASUS
Thermalright Frozen Edge,898.0,2150.0,2150.0,28.1,28.1,Black,240.0,AIO,True,Thermalright
ARCTIC Freezer 13 Limited Edition,,600.0,2000.0,,,,,Air,False,ARCTIC
Phanteks Glacier One 240MP,,500.0,2200.0,18.0,34.2,Black / White,240.0,AIO,False,Phanteks
Jonsbo CR-1000 EVO ARGB Black,590.0,600.0,1500.0,22.0,32.0,Black,,Air,True,Jonsbo
Montech HyperFlow Silent 240,1498.4,800.0,2200.0,24.8,24.8,Black,240.0,AIO,True,Montech
Thermalright Frozen Magic ARGB,,1500.0,1500.0,25.6,25.6,White,240.0,AIO,False,Thermalright
SAMA SM360 LCD,2199.79,800.0,1800.0,35.5,35.5,White,360.0,AIO,True,SAMA
be quiet! Silent Loop 2 360,,2200.0,2200.0,17.7,39.8,Black,360.0,AIO,False,be quiet!
Mars Gaming ML-ONE,,600.0,1800.0,9.0,26.0,White,360.0,AIO,False,Mars Gaming
ARCTIC Liquid Freezer II 240,,200.0,1800.0,,,Black,240.0,AIO,False,ARCTIC
Deepcool GAMMAXX L120,,500.0,1800.0,17.8,17.8,Black,120.0,AIO,False,DeepCool
ID-COOLING FROSTFLOW X,989.8,700.0,1800.0,18.0,35.2,,240.0,AIO,True,ID-COOLING
Thermalright Phantom Spirit EVO,1199.8,2150.0,2150.0,27.0,27.0,Black,,Air,True,Thermalright
Zalman ZM-CNPS14X,,950.0,1350.0,17.0,21.0,,,Air,False,Zalman
Evercool LGAL1156A-B715,,1000.0,5500.0,56.0,56.0,,,Air,False,Evercool
Gigabyte AORUS WATERFORCE X II 360 ICE,4399.8,800.0,2400.0,12.0,37.5,White,360.0,AIO,True,Gigabyte
Phanteks GLACIER ONE 360D30,,250.0,2000.0,30.2,30.2,Black,360.0,AIO,False,Phanteks
RAIJINTEK THEMIS BLACK,,1000.0,1500.0,24.53,24.53,Black / Silver,,Air,False,RAIJINTEK
GAMDIAS CHIONE M1,,600.0,1200.0,,,Black,280.0,AIO,False,GAMDIAS
Thermaltake TOUGHLIQUID 360 EX Pro ARGB Sync,,500.0,2000.0,31.6,31.6,Black,280.0,AIO,False,Thermaltake
Zalman CNPS 8700 NT,,1150.0,2100.0,17.5,30.0,,,Air,False,Zalman
ID-COOLING IS-67-XT,,500.0,2200.0,35.2,35.2,White,,Air,False,ID-COOLING
GAMDIAS CHIONE E4,,450.0,1800.0,11.0,35.2,Black,420.0,AIO,False,GAMDIAS
ARCTIC Liquid Freezer II 120,,200.0,1800.0,,,Black,120.0,AIO,False,ARCTIC
TRYX PANORAMA ARGB (2024),,500.0,1850.0,27.86,27.86,Black,360.0,AIO,False,TRYX
Vetroo V240,997.6,800.0,1800.0,30.8,30.8,Black,240.0,AIO,True,Vetroo
Prolimatech PRO-SAM17,,,,,,,,Air,False,Prolimatech
Zalman FX70,,,,0.0,0.0,,,Air,False,Zalman
ID-COOLING SE-213,,800.0,1600.0,16.0,20.2,,,Air,False,ID-COOLING
Deepcool CASTLE 120R,,500.0,1800.0,32.0,32.0,Black,120.0,AIO,False,DeepCool
Vetroo V5,599.79,800.0,1700.0,30.8,30.8,Black,,Air,True,Vetroo
Thermaltake ASTRIA 400 ARGB,899.8,500.0,1800.0,26.8,26.8,Black,,Air,True,Thermaltake
Gelid Solutions Slim Silence A-Plus,,1200.0,2600.0,15.0,27.2,,,Air,False,Gelid
Antec A30,,1750.0,1750.0,20.0,20.0,,,Air,False,Antec
Silverstone SST-HE01,,500.0,2000.0,18.0,41.0,,,Air,False,SilverStone
Alphacool Core Ocean T38,1580.0,,,0.0,34.3,Black,360.0,AIO,True,Alphacool
TRYX PANORAMA,,500.0,2250.0,30.97,30.97,Black,240.0,AIO,False,TRYX
Phanteks PH-TC12LS_BK,,500.0,1800.0,25.0,25.0,,,Air,False,Phanteks
APNX AP1-V,599.79,600.0,1800.0,16.1,32.8,Black,,Air,True,APNX
LEPA LPALV12-BK,,2200.0,2200.0,23.0,23.0,,,Air,False,Desconocida
EVGA CLC 240,,500.0,2400.0,16.0,39.9,,240.0,AIO,False,EVGA
Thermaltake ASTRIA 600 ARGB,1299.6,500.0,1800.0,26.8,26.8,Black,,Air,True,Thermaltake
Asus ROG Ryujin 240 RGB AIO,,450.0,2000.0,29.7,29.7,Black,240.0,AIO,False,ASUS
ID-COOLING SE-214i,,800.0,1800.0,16.2,29.2,,,Air,False,ID-COOLING
ID-COOLING SE-234-ARGB,,900.0,2000.0,16.2,31.5,Black,,Air,False,ID-COOLING
Corsair iCUE H100x RGB ELITE,,1500.0,1500.0,7.0,28.0,Black,240.0,AIO,False,Corsair
Dynatron K5,582.6,1000.0,2500.0,14.7,29.8,,,Air,True,Dynatron
ENDORFY Spartan 5 MAX,400.0,250.0,1500.0,,,Black / Silver,,Air,True,ENDORFY
CRYORIG A80,,600.0,1850.0,13.0,38.0,,280.0,AIO,False,CRYORIG
MSI MAG CORELIQUID E240 WHITE,1999.8,,,,,White,240.0,AIO,True,MSI
Zalman LQ-315,,900.0,2000.0,,,,120.0,AIO,False,Zalman
ID-COOLING FROZN A400 ARGB,,600.0,2200.0,25.8,25.8,Black,,Air,False,ID-COOLING
Phanteks Glacier One 240 T30 Gen2,,1200.0,3000.0,11.1,39.7,Black / Gray,240.0,AIO,False,Phanteks
ARCTIC Freezer 33 eSports ONE (Black/Green),,200.0,1800.0,24.4,24.4,,,Air,False,ARCTIC
Alpenföhn Dolomit,,500.0,2200.0,23.8,23.8,Black,,Air,False,Alpenföhn
Cooler Master S2N-PLMHS-07-GP,,,,0.0,0.0,,,Air,False,Cooler Master
Xilence A402,,600.0,2200.0,14.0,23.8,Red / Black,,Air,False,Xilence
GAMDIAS CHIONE M4-420,,800.0,1600.0,11.0,29.0,Black,420.0,AIO,False,GAMDIAS
Thermaltake TH360 V2 ARGB Sync,2599.8,500.0,2000.0,25.8,25.8,Black,360.0,AIO,True,Thermaltake
Asus TUF Gaming LC III ARGB LCD,,650.0,2600.0,37.4,37.4,Black,360.0,AIO,False,ASUS
Cooler Master MasterLiquid Lite 240,,650.0,2000.0,6.0,30.0,,240.0,AIO,False,Cooler Master
Xilence LQ360 ​​ARGB,,500.0,1500.0,18.0,30.2,Black,360.0,AIO,False,Xilence
Alpenföhn Glacier Water 280,4109.39,500.0,2000.0,36.4,36.4,Black,280.0,AIO,True,Alpenföhn
Cooler Master MasterLiquid 360 Core II,1699.8,600.0,1750.0,30.0,30.0,White,360.0,AIO,True,Cooler Master
Enermax ETS-T40F-W,,2200.0,2200.0,27.0,27.0,,,Air,False,Enermax
Deepcool ASSASSIN IV,,500.0,1700.0,22.6,29.3,White,,Air,False,DeepCool
EVGA ACX mITX,725.2,800.0,2800.0,33.4,33.4,,,Air,True,EVGA
Cooler Master MasterLiquid 120 Core II,,600.0,1750.0,30.0,30.0,Black,120.0,AIO,False,Cooler Master
Noctua NH-L12S,1499.0,450.0,1850.0,16.8,23.9,,,Air,True,Noctua
Valkyrie VIND SL125,,800.0,2150.0,29.0,29.0,White / Blue,,Air,False,Valkyrie
Deepcool ICE BLADE 200M,,2200.0,2200.0,17.8,30.1,,,Air,False,DeepCool
Xigmatek LOKI SD963,,1200.0,2800.0,20.0,28.0,,,Air,False,Xigmatek
Deepcool CAPTAIN360EX,,500.0,1800.0,17.6,31.3,,360.0,AIO,False,DeepCool
Corsair iCUE LINK H115i RGB,2399.79,400.0,2000.0,,,Black,280.0,AIO,True,Corsair
Alphacool EISBAER LT120,,550.0,1700.0,29.0,29.0,Black,120.0,AIO,False,Alphacool
Deepcool AK500,,500.0,1850.0,,,Black / Silver,,Air,False,DeepCool
ABKONCORE CT408,,800.0,1650.0,33.0,33.0,Black,,Air,False,Desconocida
Noctua NH-C14S,2673.8,300.0,1500.0,19.2,24.6,,,Air,True,Noctua
Montech HyperFlow ARGB 240,1945.2,2200.0,2200.0,29.1,29.1,Black,240.0,AIO,True,Montech
MSI MAG CORELIQUID A15,2199.79,500.0,2050.0,28.7,28.7,Black,360.0,AIO,True,MSI
Montech HyperFlow ARGB 360,1959.8,2200.0,2200.0,29.1,29.1,Black,360.0,AIO,True,Montech
GAMDIAS CHIONE M2,,1800.0,1800.0,,,Black,240.0,AIO,False,GAMDIAS
Cooler Master Nepton 140XL,,2000.0,2000.0,21.0,39.0,,140.0,AIO,False,Cooler Master
EVGA CLC 280,,600.0,2200.0,16.0,39.5,,280.0,AIO,False,EVGA
Asus ROG RYUJIN II,,450.0,2000.0,29.7,29.7,Black,360.0,AIO,False,ASUS
Noctua NH-L9i chromax.black,1199.0,600.0,2500.0,14.8,23.6,Black,,Air,True,Noctua
Thermalright Aqua Elite ARGB,,1550.0,1550.0,25.6,25.6,White,240.0,AIO,False,Thermalright
Corsair H60 (2018),,1700.0,1700.0,28.3,28.3,Black,120.0,AIO,False,Corsair
Xilence M705D,1403.19,700.0,1600.0,18.0,32.5,Black,,Air,True,Xilence
ID-COOLING ZOOMFLOW X,,700.0,1500.0,18.0,26.4,Black,240.0,AIO,False,ID-COOLING
SilenX EFZ-120HA3,,800.0,2000.0,,,,,Air,False,SilenX
Titan TTC-NK54TZ,,3500.0,3500.0,30.6,30.6,,,Air,False,Titan
GAMDIAS CHIONE E2,,1800.0,1800.0,,,Black,120.0,AIO,False,GAMDIAS
be quiet! Dark Rock 4,,1400.0,1400.0,,,Black,,Air,False,be quiet!
NZXT Kraken 240 RGB,2299.79,500.0,1800.0,17.9,30.6,White,240.0,AIO,True,NZXT
ARCTIC Alpine 12 Passive,,,,0.0,0.0,Black,,Air,False,ARCTIC
Vetroo R240,,,,,,Black,240.0,AIO,False,Vetroo
ID-COOLING SE-224-XT ARGB V3,,500.0,1500.0,13.8,30.5,,,Air,False,ID-COOLING
Lian Li Galahad II Trinity SL-INF,3379.8,2100.0,2100.0,29.0,29.0,Black,360.0,AIO,True,Lian Li
Thermaltake CLP0532,,2500.0,2500.0,34.0,34.0,,,Air,False,Thermaltake
Thermaltake TH360 V2 Ultra EX ARGB Sync,4499.59,,,,,Black,360.0,AIO,True,Thermaltake
Thermaltake Water 3.0 120 ARGB Sync,,500.0,1500.0,25.8,25.8,Black,120.0,AIO,False,Thermaltake
Corsair iCUE LINK TITAN 420 RX RGB,4399.8,300.0,1700.0,,,Black,420.0,AIO,True,Corsair
ID-COOLING DK-03 RGB PWM,,800.0,1600.0,16.0,20.2,,,Air,False,ID-COOLING
Alpenföhn Panorama 2,,500.0,3000.0,37.6,37.6,Black,,Air,False,Alpenföhn
CRYORIG A40,,600.0,2200.0,13.0,37.0,,240.0,AIO,False,CRYORIG
Cooler Master MasterAir MA612 Stealth ARGB,,650.0,1800.0,8.0,27.0,,,Air,False,Cooler Master
ARCTIC Freezer i11 CO,,500.0,2000.0,,,,,Air,False,ARCTIC
Thermaltake CLP0533,,1000.0,6000.0,21.0,48.0,,,Air,False,Thermaltake
Dynatron Q12,799.0,,,16.0,35.98,,,Air,True,Dynatron
Thermalright Silver Soul 135,2100.0,1850.0,1850.0,29.6,29.6,Black,,Air,True,Thermalright
be quiet! Dark Rock Pro TR4,,1200.0,1500.0,12.8,24.3,Black,,Air,False,be quiet!
Vantec VAF-1225,,1000.0,2200.0,20.0,32.0,,,Air,False,Desconocida
ID-COOLING DASHFLOW XT LITE,,500.0,2000.0,29.85,29.85,Black,360.0,AIO,False,ID-COOLING
upHere CCF150CF,,600.0,1800.0,16.1,27.7,Black,,Air,False,upHere
Cooler Master MasterLiquid Atmos II,,690.0,2500.0,36.0,36.0,Black,240.0,AIO,False,Cooler Master
upHere ACC92RD,,600.0,1700.0,16.1,27.7,Black,,Air,False,upHere
ARCTIC Liquid Freezer II 420 A-RGB,2380.0,200.0,1900.0,22.5,22.5,Black,420.0,AIO,True,ARCTIC
Enermax ETS-T50 AXE ARGB,,500.0,1600.0,14.0,24.0,White,,Air,False,Enermax
EK AIO 120 D-RGB,,450.0,2600.0,36.4,36.4,Black,120.0,AIO,False,EK
Dynatron R24,859.0,1500.0,7000.0,16.0,47.5,,,Air,True,Dynatron
Enermax Liqmax III 240 ARGB,,500.0,1600.0,14.0,27.0,Black,240.0,AIO,False,Enermax
ARCTIC Freezer A11,1360.0,500.0,2000.0,22.5,22.5,,,Air,True,ARCTIC
Akasa K25,,600.0,3000.0,28.71,28.71,,,Air,False,Akasa
CRYORIG M9i,,600.0,2200.0,26.4,26.4,,,Air,False,CRYORIG
ENDORFY Navis F360,,250.0,1800.0,,,Black,360.0,AIO,False,ENDORFY
Enermax ETS-F40-FS,495.79,300.0,1200.0,10.0,23.0,White,,Air,True,Enermax
be quiet! Silent Loop 2 240,,2200.0,2200.0,16.8,38.3,Black,240.0,AIO,False,be quiet!
Thermalright Mjolnir Vision 360 ARGB,2131.8,2150.0,2150.0,27.0,27.0,Black,360.0,AIO,True,Thermalright
Asus ROG STRIX LC 120 RGB,6220.0,800.0,2500.0,37.6,37.6,Black,120.0,AIO,True,ASUS
CRYORIG H7,,330.0,1600.0,25.0,25.0,,,Air,False,CRYORIG
GameMax Sigma 550 Infinity,,800.0,1800.0,32.5,32.5,White,,Air,False,GameMax
Asus ROG RYUO III 240 ARGB WHITE EDITION,2799.8,2200.0,2200.0,36.45,36.45,White,240.0,AIO,True,ASUS
be quiet! Light Loop,3585.6,1500.0,2900.0,17.2,36.8,White,360.0,AIO,True,be quiet!
Thermalright Frozen Infinity 360 ARGB,1051.8,2000.0,2000.0,28.2,28.2,White,360.0,AIO,True,Thermalright
Thermaltake A4022,,1300.0,1300.0,,,,,Air,False,Thermaltake
Corsair iCUE H100i ELITE CAPELLIX XT,,550.0,2100.0,5.0,34.1,White,240.0,AIO,False,Corsair
Thermaltake ASTRIA 400 ARGB,1059.8,500.0,1800.0,26.8,26.8,White,,Air,True,Thermaltake
Thermalright Frozen Warframe ARGB,,1750.0,1750.0,29.8,29.8,Black,420.0,AIO,False,Thermalright
Asus Prime LC 360 ARGB LCD,3199.8,800.0,2500.0,36.5,36.5,Black,360.0,AIO,True,ASUS
Corsair iCUE H100i RGB ELITE,,400.0,1850.0,5.0,28.9,Black,240.0,AIO,False,Corsair
Asus Prime LC 240 ARGB,1699.8,600.0,2200.0,,,Black,240.0,AIO,True,ASUS
NZXT Kraken X52,,500.0,2000.0,21.0,36.0,,240.0,AIO,False,NZXT
Gelid Solutions Liquid 240,,750.0,1800.0,29.6,29.6,Black,240.0,AIO,False,Gelid
Deepcool CASTLE R,,500.0,1800.0,32.0,32.0,Black,240.0,AIO,False,DeepCool
Jonsbo CR-1100,,600.0,1500.0,18.0,31.0,Gray / Black,,Air,False,Jonsbo
Vetroo U6 Pro,,700.0,1500.0,18.1,30.5,Black,,Air,False,Vetroo
In Win SR24,2240.0,500.0,2500.0,23.0,23.0,Black,240.0,AIO,True,In Win
Cooler Master GeminII M4,,500.0,1600.0,8.0,30.0,,,Air,False,Cooler Master
Cougar Poseidon Elite ARGB 360,3118.8,500.0,2200.0,33.5,33.5,White,360.0,AIO,True,Cougar
Fractal Design Lumen S24 RGB,,500.0,2000.0,10.0,33.2,Black,240.0,AIO,False,Fractal Design
ARCTIC Freezer 33 eSports Edition (Black/Green),,200.0,1800.0,24.4,24.4,,,Air,False,ARCTIC
Antec Symphony ARGB,3502.8,800.0,1600.0,20.0,35.0,White,360.0,AIO,True,Antec
Thermaltake TH240 ARGB Sync,,1500.0,1500.0,28.2,28.2,White,240.0,AIO,False,Thermaltake
ID-COOLING ZOOMFLOW XT V2,,500.0,1800.0,13.8,35.2,Black,360.0,AIO,False,ID-COOLING
Sapphire NITRO+ S240-A,,405.0,2400.0,17.9,36.2,Black / Silver,240.0,AIO,False,Desconocida
Gigabyte AORUS WATERFORCE II 240,3059.4,800.0,2300.0,12.8,36.9,Black,240.0,AIO,True,Gigabyte
Alphacool Eisbaer Pro Aurora,4299.0,,,31.5,31.5,Black,420.0,AIO,True,Alphacool
GAMDIAS CHIONE P2,,800.0,1800.0,,,Black,360.0,AIO,False,GAMDIAS
Azza CUBE 240,1599.6,500.0,2000.0,34.0,34.0,Black,240.0,AIO,True,Azza
Thermalright Assassin Spirit 120,,1500.0,1500.0,25.6,25.6,Gray / Silver,,Air,False,Thermalright
be quiet! Silent Loop 3,3160.0,1900.0,1900.0,19.4,34.3,Black,420.0,AIO,True,be quiet!
Thermalright Peerless Assassin 90 SE,467.8,2200.0,2200.0,23.85,23.85,Black,,Air,True,Thermalright
GameMax Sigma 550 Infinity,,800.0,1800.0,32.5,32.5,Black,,Air,False,GameMax
Vetroo V240,997.6,800.0,1800.0,30.8,30.8,White / Gray,240.0,AIO,True,Vetroo
NZXT T120 RGB,699.8,500.0,1800.0,17.2,27.5,White,,Air,True,NZXT
Scythe SCKDT-1000,,800.0,3300.0,8.2,32.5,,,Air,False,Scythe
Cougar Forza 50,,600.0,2000.0,34.5,34.5,Black,,Air,False,Cougar
Silverstone PF240-ARGB,,600.0,2200.0,7.4,35.6,Black,240.0,AIO,False,SilverStone
CRYORIG C7 Cu,2080.0,600.0,2500.0,30.0,30.0,White / Orange,,Air,True,CRYORIG
Azza Blizzard SP 240,,700.0,2200.0,36.0,36.0,Black,240.0,AIO,False,Azza
ID-COOLING SE-213i,,800.0,1600.0,16.0,20.2,,,Air,False,ID-COOLING
Lian Li Galahad II Lite RGB,1698.0,300.0,2500.0,34.8,34.8,Black,240.0,AIO,True,Lian Li
Enermax LIQMAX III RGB,,500.0,1600.0,14.0,27.0,Black,120.0,AIO,False,Enermax
Silverstone TD02,,1500.0,2500.0,16.0,33.5,,240.0,AIO,False,SilverStone
Gigabyte AORUS ATC800,,600.0,2000.0,18.0,31.0,Black,,Air,False,Gigabyte
Noctua NH-U9DX 1366,,1000.0,1600.0,7.9,17.6,,,Air,False,Noctua
Valkyrie SYN,2798.0,800.0,2150.0,29.0,29.0,White / Blue,360.0,AIO,True,Valkyrie
Silverstone HE01-V2,,500.0,2000.0,18.0,41.0,Silver / Black,,Air,False,SilverStone
Enermax Liqtech 240,,2500.0,2500.0,30.0,30.0,,240.0,AIO,False,Enermax
Zalman ALPHA2 A36,,600.0,2000.0,29.7,29.7,Black,360.0,AIO,False,Zalman
Phanteks GLACIER ONE 420D30,,250.0,1800.0,29.5,29.5,Black,420.0,AIO,False,Phanteks
ID-COOLING FROZN A610 BLACK,,500.0,2000.0,29.85,29.85,Black,,Air,False,ID-COOLING
Deepcool CAPTAIN 360EX WHITE RGB,,500.0,1800.0,17.6,31.3,,360.0,AIO,False,DeepCool
Cooler Master MasterLiquid 240 ATMOS Stealth,2199.79,1.0,2400.0,30.0,30.0,Black,240.0,AIO,True,Cooler Master
Thermaltake TH420 V2 Ultra ARGB Sync,4199.8,500.0,2000.0,34.7,34.7,Black,420.0,AIO,True,Thermaltake
Swiftech H240-X,,700.0,1800.0,8.3,28.8,,280.0,AIO,False,Desconocida
Corsair iCUE LINK H100i RGB,2399.79,480.0,2400.0,,,Black,240.0,AIO,True,Corsair
Zalman CNPS8X Optima,,1200.0,2100.0,18.2,30.0,,,Air,False,Zalman
Cooler Master Blizzard T2,,2200.0,2200.0,30.0,30.0,,,Air,False,Cooler Master
ID-COOLING AURAFLOW X 240 EVO,,700.0,1800.0,18.0,35.2,Black,240.0,AIO,False,ID-COOLING
LEPA AquaChanger 120,,500.0,2300.0,14.0,35.0,,120.0,AIO,False,Desconocida
Asus ROG Strix LC 360,4799.8,800.0,2500.0,37.6,37.6,Black,360.0,AIO,True,ASUS
Corsair iCUE H170i ELITE CAPELLIX XT,,500.0,1700.0,5.0,33.8,Black,420.0,AIO,False,Corsair
Cooler Master MasterLiquid 360L Core SF6 Chun-Li,,650.0,1750.0,27.2,27.2,White / Yellow,360.0,AIO,False,Cooler Master
Thermaltake TH120 ARGB Sync,1199.8,1500.0,1500.0,28.2,28.2,White,120.0,AIO,True,Thermaltake
Asus TUF Gaming LC RGB,,800.0,2000.0,29.0,29.0,Black,240.0,AIO,False,ASUS
Razer Hanbo Chroma,1599.6,,,,,Black,360.0,AIO,True,Razer
Scythe SCBYK-1000,,300.0,2300.0,7.2,28.26,Silver / Black,,Air,False,Scythe
Thermaltake Water 3.0 360 ARGB Sync Edition,,500.0,1500.0,25.8,25.8,Black,360.0,AIO,False,Thermaltake
EK AIO 240 D-RGB,,450.0,2600.0,36.4,36.4,Black,240.0,AIO,False,EK
ID-COOLING ZOOMFLOW 240 XT,,500.0,1500.0,13.8,30.5,Black,240.0,AIO,False,ID-COOLING
Alphacool Eisbaer 360,2799.0,550.0,1700.0,29.0,29.0,Black,360.0,AIO,True,Alphacool
be quiet! Pure Loop 120,1249.8,,,18.9,36.1,Black,120.0,AIO,True,be quiet!
ARCTIC Freezer 34 eSports DUO,,200.0,2100.0,24.4,24.4,Yellow / Black,,Air,False,ARCTIC
Xilence LQ120,1496.2,700.0,1600.0,18.0,32.5,Red / Black,120.0,AIO,True,Xilence
TEAMGROUP SIREN GD240E,,600.0,2200.0,14.3,35.6,Black,240.0,AIO,False,Desconocida
Thermalright Royal Knight 120,698.0,2150.0,2150.0,29.4,29.4,Black,,Air,True,Thermalright
Noua Siberus TR120,,800.0,1800.0,18.0,30.0,Black,120.0,AIO,False,Noua
Deepcool ASSASSIN II,,300.0,1400.0,17.8,27.3,,,Air,False,DeepCool
Xilence I402,,600.0,2200.0,14.0,23.8,Red / Black,,Air,False,Xilence
Zalman CNPS10X Performa,,900.0,2000.0,17.0,24.0,Silver / Black,,Air,False,Zalman
Inter-Tech ALSEYE W90,779.8,3000.0,3000.0,36.7,36.7,White / Black,,Air,True,Inter-Tech
ID-COOLING SE-224-XTS MINI,,700.0,1600.0,31.5,31.5,Black,,Air,False,ID-COOLING
Thermaltake A4021,935.6,2200.0,2200.0,18.0,18.0,,,Air,True,Thermaltake
BitFenix Cube ARGB,,2000.0,2000.0,34.0,34.0,White,360.0,AIO,False,BitFenix
Mars Gaming MCPU-XT,1327.2,800.0,1600.0,9.0,26.0,Black,,Air,True,Mars Gaming
be quiet! Pure Loop 2 FX,2369.79,,,8.0,32.3,Black,240.0,AIO,True,be quiet!
Thermaltake NiC L32,,500.0,1800.0,18.0,38.4,,,Air,False,Thermaltake
Deepcool GAMMAXX GTE V2,,500.0,1650.0,27.8,27.8,Black / White,,Air,False,DeepCool
Reeven Brontes,,650.0,2200.0,10.5,31.67,,,Air,False,Reeven
ID-COOLING FROSTFLOW+ 120,,700.0,1800.0,18.0,35.2,Black / White,120.0,AIO,False,ID-COOLING
Alpenföhn Glacier Water 360,,500.0,1600.0,23.5,23.5,Black,360.0,AIO,False,Alpenföhn
Thermaltake TH240 V2 ARGB Sync,1879.8,500.0,2000.0,25.8,25.8,White,240.0,AIO,True,Thermaltake
Reeven Vanxie,,800.0,3300.0,8.2,32.5,,,Air,False,Reeven
Thermalright Silver Arrow IB-E Extreme,,600.0,2500.0,21.0,45.0,,,Air,False,Thermalright
EK AIO 360 D-RGB,,450.0,2600.0,36.4,36.4,Black,360.0,AIO,False,EK
MSI MEG CORELIQUID S360,6000.0,,,22.7,22.7,Black,360.0,AIO,True,MSI
Montech METAL DT24 PREMIUM,2419.6,800.0,1950.0,26.0,26.0,Black / Silver,,Air,True,Montech
ID-COOLING DK-01,,800.0,2500.0,12.0,28.8,,,Air,False,ID-COOLING
Thermaltake TH280 V2 Ultra EX ARGB Sync,,500.0,2000.0,30.7,30.7,Black,280.0,AIO,False,Thermaltake
ADATA XPG LEVANTE 240,,600.0,2000.0,34.0,34.0,Black,240.0,AIO,False,ADATA
Zalman CNPS16X,499.6,800.0,1500.0,27.0,27.0,Black,,Air,True,Zalman
ID-COOLING SE-213 RAINBOW,,500.0,1600.0,16.0,20.2,,,Air,False,ID-COOLING
Thermalright Frozen Magic ARGB,,1500.0,1500.0,25.6,25.6,White,360.0,AIO,False,Thermalright
Jonsbo CR-3000E,,600.0,1600.0,22.0,34.0,Black,,Air,False,Jonsbo
NZXT Kraken Elite 280 RGB (2024),3999.8,500.0,2000.0,34.5,34.5,Black,280.0,AIO,True,NZXT
Iceberg Thermal IceSLEET G4 Silent,399.79,600.0,1200.0,20.5,20.5,Black / Gray,,Air,True,Iceberg Thermal
be quiet! Dark Rock 3,,400.0,1400.0,8.4,21.1,,,Air,False,be quiet!
Enermax LIQMAXFLO SR 120,1905.4,500.0,1800.0,23.46,23.46,Black,120.0,AIO,True,Enermax
EK EK-Nucleus AIO CR360 Lux D-RGB,,550.0,2300.0,36.0,36.0,Black,360.0,AIO,False,EK
Lian Li Galahad II Trinity,2999.8,2450.0,2450.0,35.4,35.4,White,360.0,AIO,True,Lian Li
KOLINK Umbra EX180 Black Edition,1058.19,800.0,1800.0,28.6,28.6,Black,,Air,True,KOLINK
RAIJINTEK Orcus 280 RGW,1399.8,400.0,1800.0,28.0,28.0,Black,280.0,AIO,True,RAIJINTEK
Masscool 5W1081F1M3,,2400.0,2400.0,31.0,31.0,,,Air,False,Masscool
ID-COOLING SE-903-XT-ARGB,,500.0,2200.0,25.8,25.8,White,,Air,False,ID-COOLING
Thermaltake Water 2.0 Performer,,1200.0,2000.0,10.0,27.36,,120.0,AIO,False,Thermaltake
Akasa SOHO 240 Dusk,,500.0,2000.0,14.5,31.8,Black,240.0,AIO,False,Akasa
Cooler Master Hyper T4,,1800.0,1800.0,15.1,31.6,,,Air,False,Cooler Master
Evercool HPL-815EP,500.0,1000.0,4000.0,12.0,40.0,,,Air,True,Evercool
Corsair iCUE H115i RGB Pro XT,,2200.0,2200.0,36.0,36.0,Black,280.0,AIO,False,Corsair
GameMax Ice Chill 240,,800.0,1900.0,28.8,28.8,Black,240.0,AIO,False,GameMax
Zalman CNPS90F,,2300.0,2300.0,29.0,29.0,,,Air,False,Zalman
Deepcool Maelstrom 240T,,600.0,1800.0,17.8,34.1,,240.0,AIO,False,DeepCool
Aerocool P7-L240,,600.0,1800.0,10.5,31.8,Black,240.0,AIO,False,Aerocool
PC Cooler DE360,,600.0,1850.0,16.0,33.8,Black,360.0,AIO,False,PC Cooler
TRYX PANORAMA ARGB (2024),6199.8,500.0,1850.0,27.86,27.86,White,240.0,AIO,True,TRYX
Intel BXTS15A,,1000.0,3850.0,,,,,Air,False,Intel
Thermalright Core Vision ARGB,1898.0,2000.0,2000.0,27.7,27.7,White,360.0,AIO,True,Thermalright
Jonsbo CR-201 HIVES (White),,800.0,1600.0,18.0,26.1,White,,Air,False,Jonsbo
BitFenix Cube ARGB,1198.0,2000.0,2000.0,34.0,34.0,Black,240.0,AIO,True,BitFenix
Alpenföhn Sella,,850.0,2200.0,14.0,29.8,,,Air,False,Alpenföhn
Phanteks PH-TC12LS_RGB,,,,25.0,25.0,Black / White,,Air,False,Phanteks
Cooler Master MasterLiquid PL360 FLUX,2599.8,,,32.0,32.0,Black,360.0,AIO,True,Cooler Master
ARCTIC Freezer 33 CO,980.0,,,22.5,22.5,,,Air,True,ARCTIC
Corsair iCUE H150i RGB ELITE,,400.0,1850.0,19.0,35.8,Black,360.0,AIO,False,Corsair
Corsair A115,,400.0,1600.0,5.0,33.9,Black,,Air,False,Corsair
Phanteks PH-TC14PE_BK,,900.0,1200.0,13.4,19.0,,,Air,False,Phanteks
Fractal Design Lumen S28 RGB V2,2399.79,500.0,1700.0,10.0,35.5,Black,280.0,AIO,True,Fractal Design
Jonsbo HP400S,,900.0,2800.0,20.2,34.0,Blue / Silver,,Air,False,Jonsbo
Zalman LQ-320,,900.0,2000.0,,,,120.0,AIO,False,Zalman
Rosewill RCX-Z2,,500.0,3400.0,17.0,34.2,,,Air,False,Rosewill
ID-COOLING IS-65-XT,,500.0,2200.0,32.3,32.3,Black,,Air,False,ID-COOLING
be quiet! Silent Loop 3,3098.8,2500.0,2500.0,19.8,38.8,Black,360.0,AIO,True,be quiet!
Alphacool Core Ocean T38,1870.0,,,0.0,36.0,Black,420.0,AIO,True,Alphacool
Enermax LIQMAXFLO SR 360,2611.6,500.0,1800.0,23.46,23.46,Black,360.0,AIO,True,Enermax
MSI MAG CORELIQUID 360R V2,,500.0,2000.0,14.3,34.3,White,360.0,AIO,False,MSI
Corsair H90,,1500.0,1500.0,35.0,35.0,,140.0,AIO,False,Corsair
Cooler Master Gemin II S524,,800.0,1800.0,15.1,31.6,,,Air,False,Cooler Master
Deepcool AK500S DIGITAL,,500.0,1850.0,28.0,28.0,Black,,Air,False,DeepCool
Evercool HPH-9525CU,240.0,1800.0,1800.0,20.0,20.0,,,Air,True,Evercool
ARCTIC Freezer 36 CO,787.0,200.0,1800.0,,,Black / Silver,,Air,True,ARCTIC
ENDORFY Fortis 5 Dual Fan,930.0,250.0,1400.0,,,Black / Silver,,Air,True,ENDORFY
ADATA XPG LEVANTE 360,3215.8,600.0,2000.0,34.0,34.0,Black,360.0,AIO,True,ADATA
Cougar Poseidon Elite ARGB 240,,500.0,2200.0,33.5,33.5,Black,240.0,AIO,False,Cougar
Xigmatek Dark Knight SD1483 Night Hawk,,800.0,1200.0,18.0,18.0,,,Air,False,Xigmatek
Cougar Poseidon Elite ARGB 360,,500.0,2200.0,33.5,33.5,Black,360.0,AIO,False,Cougar
ID-COOLING FX240 ARGB,,500.0,1800.0,35.2,35.2,White,240.0,AIO,False,ID-COOLING
Cooler Master Hyper 212 Halo SF6 Ryu,660.0,650.0,2050.0,27.0,27.0,White / Orange,,Air,True,Cooler Master
Enermax LiqTech TR4 240,,500.0,2300.0,14.0,28.0,,240.0,AIO,False,Enermax
SilentiumPC Spartan 4 MAX,,300.0,1600.0,,,Black / Silver,,Air,False,SilentiumPC
Phanteks PH-TC12DX_BK,,600.0,1800.0,21.9,27.6,,,Air,False,Phanteks
NZXT Kraken Elite RGB (2025),6699.8,500.0,2000.0,34.5,34.5,Black,420.0,AIO,True,NZXT
ID-COOLING ICEFLOW ARGB,,900.0,2000.0,16.0,31.5,Black,240.0,AIO,False,ID-COOLING
GAMDIAS CHIONE E2,,1200.0,2400.0,,,Black,120.0,AIO,False,GAMDIAS
Phanteks Glacier One 360 T30 Gen2,7768.4,1200.0,3000.0,11.1,39.7,Black / Gray,360.0,AIO,True,Phanteks
Thermalright AXP-100 Full Copper,,900.0,2500.0,,,Orange,,Air,False,Thermalright
Fractal Design Celsius+ S28 Prisma PWM ARGB,,500.0,1700.0,34.1,34.1,Black,280.0,AIO,False,Fractal Design
Corsair H50,,1700.0,1700.0,30.32,30.32,,120.0,AIO,False,Corsair
TRYX PANORAMA ARGB (2024),,500.0,1450.0,27.07,27.07,Black,280.0,AIO,False,TRYX
TUNIQ Tower 120 Extreme,,1000.0,2000.0,16.0,20.0,,,Air,False,Desconocida
Zalman ALPHA2 A36,,600.0,2000.0,29.7,29.7,White,360.0,AIO,False,Zalman
Thermalright SI-100,538.0,2000.0,2000.0,27.7,27.7,Black,,Air,True,Thermalright
Razer Hanbo Chroma,1199.8,,,,,Black,240.0,AIO,True,Razer
Cooler Master Hyper 212 LED Turbo ARGB,,650.0,1800.0,27.0,27.0,Black,,Air,False,Cooler Master
Corsair A500,2199.79,2400.0,2400.0,36.0,36.0,Black / Silver,,Air,True,Corsair
ENDORFY Fortis 5 Black ARGB,,,,,,Black,,Air,False,ENDORFY
Enermax ETS-T40F-BK,,800.0,1800.0,16.0,26.0,,,Air,False,Enermax
ID-COOLING SL360,2599.8,500.0,2000.0,29.9,29.9,White,360.0,AIO,True,ID-COOLING
MSI MAG CORELIQUID 240R V2,3562.2,500.0,2000.0,14.3,34.3,White,240.0,AIO,True,MSI
MSI MAG CORELIQUID RH,,500.0,2000.0,14.3,34.3,Black,240.0,AIO,False,MSI
Deepcool CAPTAIN 240EX RGB,,500.0,1800.0,17.6,31.3,,240.0,AIO,False,DeepCool
Thermalright Frozen Notte ARGB,978.0,2000.0,2000.0,27.7,27.7,White,240.0,AIO,True,Thermalright
Cooler Master MasterLiquid 120L Core,1199.8,650.0,1750.0,27.2,27.2,Black,120.0,AIO,True,Cooler Master
Inter-Tech ALSEYE H360,,800.0,2000.0,13.5,35.2,Black,360.0,AIO,False,Inter-Tech
Antec KUHLER Flow,,,,,,,,Air,False,Antec
Jonsbo HX6250,1916.6,400.0,1800.0,28.0,38.0,Black,,Air,True,Jonsbo
Logisys IC221PWM,,900.0,2400.0,17.8,26.4,,,Air,False,Logisys
NZXT Kraken Elite 240,7085.8,500.0,1800.0,17.9,30.6,Black,240.0,AIO,True,NZXT
Ocypus Iota A62,,500.0,2000.0,29.0,29.0,White,,Air,False,Ocypus
RAIJINTEK TRITON BLUE,,1000.0,2600.0,21.6,36.6,,240.0,AIO,False,RAIJINTEK
TRYX PANORAMA ARGB (2024),,500.0,1850.0,27.86,27.86,White,360.0,AIO,False,TRYX
Titan TTC-NC55TZ/RB,,1800.0,2200.0,28.8,38.0,,,Air,False,Titan
Thermalright Frozen Magic 360,,1500.0,1500.0,25.6,25.6,Black,360.0,AIO,False,Thermalright
Phanteks Glacier One 280MP,,500.0,2000.0,18.0,39.1,Black / White,280.0,AIO,False,Phanteks
Aerocool Cylon 4,1271.59,800.0,1800.0,14.0,26.0,Black,,Air,True,Aerocool
Corsair iCUE H60x RGB ELITE,,1500.0,1500.0,7.0,28.0,Black,120.0,AIO,False,Corsair
Silverstone Krypton KR02,673.0,800.0,2800.0,13.6,34.8,Black / Silver,,Air,True,SilverStone
Thermalright Core Matrix,,2150.0,2150.0,27.0,27.0,White,360.0,AIO,False,Thermalright
Zalman CNPS12X,,850.0,1200.0,22.0,24.0,,,Air,False,Zalman
In Win Nebula NR24,,400.0,1800.0,25.0,25.0,Black / White,240.0,AIO,False,In Win
Thermaltake TH120 V2 ARGB Sync,1399.6,500.0,2000.0,25.8,25.8,Black,120.0,AIO,True,Thermaltake
KOLINK Umbra Void,2052.6,2200.0,2200.0,30.0,30.0,Black,120.0,AIO,True,KOLINK
ID-COOLING DASHFLOW 360,,900.0,2000.0,16.0,31.5,Black,360.0,AIO,False,ID-COOLING
NZXT Kraken X72,,500.0,2000.0,21.0,36.0,Black,360.0,AIO,False,NZXT
Thermalright Peerless Assassin 120 White ARGB,907.8,1550.0,1550.0,25.6,25.6,White,,Air,True,Thermalright
Deepcool ASSASSIN IV,,500.0,1700.0,22.6,29.3,Black,,Air,False,DeepCool
Cooler Master MasterLiquid 360L Core ARGB,1600.2,350.0,1750.0,27.2,27.2,White,360.0,AIO,True,Cooler Master
PC Cooler RZ400 V2,519.79,500.0,2200.0,32.0,32.0,Black,,Air,True,PC Cooler
Xigmatek Loki II,,1200.0,2800.0,20.0,28.0,,,Air,False,Xigmatek
Zalman CNPS9900NT,,1000.0,2000.0,19.5,38.0,,,Air,False,Zalman
ARCTIC Freezer i30,,400.0,1350.0,22.5,22.5,,,Air,False,ARCTIC
Vetroo V360,999.8,800.0,1800.0,30.8,30.8,White / Gray,360.0,AIO,True,Vetroo
Corsair NAUTILUS 360 RS,2099.79,2100.0,2100.0,34.0,34.0,Black,360.0,AIO,True,Corsair
Geometric Future Eskimo Pro 42,2198.0,2400.0,2400.0,34.2,34.2,Black,420.0,AIO,True,Geometric Future
Mars Gaming MCPU-XU9,,800.0,2000.0,9.0,23.0,Black,,Air,False,Mars Gaming
Cooler Master MasterLiquid ML240P Mirage,,2000.0,2000.0,27.0,27.0,Black,240.0,AIO,False,Cooler Master
Silverstone NT06-E,,,,0.0,0.0,,,Air,False,SilverStone
Intel BXTS13X,2680.4,800.0,2200.0,21.0,35.0,,120.0,AIO,True,Intel
Thermaltake CL-P0503,259.0,2900.0,2900.0,29.58,29.58,,,Air,True,Thermaltake
Evercool HPM-12025,,800.0,2500.0,15.0,35.0,,,Air,False,Evercool
Rosewill RCX-Z300,,,,,,,,Air,False,Rosewill
Thermalright Frozen Edge,1098.0,2150.0,2150.0,28.1,28.1,White,360.0,AIO,True,Thermalright
NZXT Kraken 120,1781.8,500.0,2000.0,21.0,36.0,Black,120.0,AIO,True,NZXT
Antec C400,,800.0,1900.0,20.3,34.5,,,Air,False,Antec
Deepcool Castle 240 RGB V2,,500.0,1800.0,30.0,30.0,Black,240.0,AIO,False,DeepCool
RAIJINTEK Orcus 140 RGW,2178.6,400.0,1800.0,28.0,28.0,Black,140.0,AIO,True,RAIJINTEK
ZEROtherm CF800-MK III,,900.0,2600.0,30.0,30.0,,,Air,False,ZEROtherm
ARCTIC Liquid Freezer III Pro 360,1699.8,600.0,3000.0,,,Black,360.0,AIO,True,ARCTIC
Thermaltake TOUGHAIR 510,1199.8,500.0,1200.0,23.6,23.6,Teal,,Air,True,Thermaltake
MSI MAG CORELIQUID A13,1599.8,,,,,Black,240.0,AIO,True,MSI
Zalman ALPHA2 A24,,600.0,2000.0,29.7,29.7,White,240.0,AIO,False,Zalman
Gigabyte AORUS WATERFORCE 280,3796.39,950.0,2150.0,17.1,36.5,Black,280.0,AIO,True,Gigabyte
Cooler Master Seidon 240M,,600.0,2400.0,19.0,40.0,,240.0,AIO,False,Cooler Master
ID-COOLING SE-224-XT-R,,700.0,1800.0,15.2,32.5,,,Air,False,ID-COOLING
be quiet! Pure Loop 2,2198.0,,,15.4,33.8,Black,280.0,AIO,True,be quiet!
Masscool 8WA743,,800.0,2800.0,20.0,34.0,,,Air,False,Masscool
Xigmatek Balder SD1283,,1000.0,2200.0,28.0,28.0,,,Air,False,Xigmatek
Cougar FORZA 135,1799.8,500.0,1500.0,38.5,38.5,Black / Silver,,Air,True,Cougar
EVGA CLC 120,,500.0,2400.0,16.0,39.9,,120.0,AIO,False,EVGA
Enermax AQUAFUSION ADV 240,,500.0,2000.0,15.0,32.6,Black,240.0,AIO,False,Enermax
PC Cooler RZ620,999.8,500.0,2200.0,28.0,32.0,White,,Air,True,PC Cooler
Syba CL-CNL-EOLE802,254.0,2200.0,2200.0,25.0,25.0,,,Air,True,Desconocida
Swiftech H140-X,,700.0,1800.0,8.3,28.8,,140.0,AIO,False,Desconocida
Corsair H55,,1500.0,1500.0,18.0,26.5,Black,120.0,AIO,False,Corsair
Alpenföhn Glacier Water High Speed 240,3759.8,500.0,2200.0,36.8,36.8,White,240.0,AIO,True,Alpenföhn
Thermalright AXP90-X36,,2700.0,2700.0,22.4,22.4,Black,,Air,False,Thermalright
ID-COOLING FROZN A410 GDL,699.8,500.0,2000.0,29.9,29.9,Black / Gold,,Air,True,ID-COOLING
Akasa Nero 3,2603.8,500.0,1500.0,24.6,24.6,Black / Silver,,Air,True,Akasa
be quiet! Pure Loop 240,,,,19.0,39.5,Black,240.0,AIO,False,be quiet!
Thermalright MACHO Rev.C,,600.0,1500.0,19.0,23.0,Silver / Black,,Air,False,Thermalright
ID-COOLING PINKFLOW 240 Diamond,,900.0,2000.0,16.3,33.5,Pink,240.0,AIO,False,ID-COOLING
NZXT Kraken X31,,800.0,2000.0,18.0,34.0,,120.0,AIO,False,NZXT
Iceberg Thermal IceFLOE OASIS 240,,200.0,2200.0,28.9,28.9,Black,240.0,AIO,False,Iceberg Thermal
ADATA XPG LEVANTE II 360,,800.0,2000.0,19.78,29.33,Black,360.0,AIO,False,ADATA
Geometric Future Eskimo Junior 36,,2000.0,2000.0,29.0,29.0,Black,360.0,AIO,False,Geometric Future
Gelid Solutions Tranquillo Rev. 5,,900.0,2000.0,26.5,26.5,Black,,Air,False,Gelid
SilenX EFZ-100HA1,,1000.0,2000.0,8.0,24.0,,,Air,False,SilenX
ID-COOLING FROZN A410 SE,499.79,300.0,1800.0,24.8,24.8,Black,,Air,True,ID-COOLING
Montech AIR COOLER 210,,600.0,1500.0,27.0,27.0,Black,,Air,False,Montech
Thermaltake Frio Silent 12,,1400.0,1400.0,12.0,19.2,,,Air,False,Thermaltake
ID-COOLING FX240 PRO,1099.8,500.0,1800.0,35.2,35.2,Black,240.0,AIO,True,ID-COOLING
ID-COOLING ICEKIMO 120W,,2500.0,2500.0,18.0,26.4,,120.0,AIO,False,ID-COOLING
Deepcool LQ360,,500.0,2400.0,38.71,38.71,Black,360.0,AIO,False,DeepCool
Akasa Nero LX,,600.0,1900.0,11.5,31.5,,,Air,False,Akasa
MSI MEG CORELIQUID S280,6990.4,,,24.9,24.9,Black,280.0,AIO,True,MSI
BitFenix Cube ARGB,3554.8,2000.0,2000.0,34.0,34.0,Black,360.0,AIO,True,BitFenix
RAIJINTEK JUNO-X,,1200.0,2500.0,26.0,26.0,Green / Black,,Air,False,RAIJINTEK
Silverstone NT07-115X,739.8,1500.0,3600.0,21.9,34.7,Silver / Black,,Air,True,SilverStone
ARCTIC Liquid Freezer III 420 A-RGB,3199.8,200.0,1900.0,,,Black,420.0,AIO,True,ARCTIC
Alpenföhn Matterhorn Pure,,500.0,1500.0,8.0,24.8,,,Air,False,Alpenföhn
NZXT Kraken Elite 240 RGB (2024),3999.8,500.0,2400.0,30.0,30.0,Black,240.0,AIO,True,NZXT
SilentiumPC Navis RGB 120,,800.0,2300.0,,,Black,120.0,AIO,False,SilentiumPC
Alphacool Eisbaer 280,,1100.0,1100.0,29.4,29.4,Black / Blue,280.0,AIO,False,Alphacool
ID-COOLING FROSTFLOW X,1079.8,800.0,1600.0,16.8,32.6,Black / Silver,280.0,AIO,True,ID-COOLING
Thermaltake TH280 V2 ARGB Sync,2199.79,500.0,1800.0,34.7,34.7,White,280.0,AIO,True,Thermaltake
ARCTIC Liquid Freezer II 280,,200.0,1700.0,,,Black,280.0,AIO,False,ARCTIC
Cooler Master RR-H101-22FK-RA,,2200.0,2200.0,22.0,22.0,,,Air,False,Cooler Master
Intel BXRTS2011LC,,2200.0,2200.0,,,,120.0,AIO,False,Intel
GAMDIAS AURA GL360 V2,,800.0,1800.0,33.8,33.8,White,360.0,AIO,False,GAMDIAS
be quiet! Light Loop,2798.0,1500.0,2900.0,15.4,34.9,Black,240.0,AIO,True,be quiet!
Silverstone AR01,,1000.0,2200.0,16.39,33.5,,,Air,False,SilverStone
RAIJINTEK LETO B,,800.0,1800.0,29.0,29.0,Black / Blue,,Air,False,RAIJINTEK
Thermalright Frozen Vision 240,,2150.0,21500.0,27.0,27.0,Black,240.0,AIO,False,Thermalright
Thermalright Macho Rev.C Plus,,300.0,1300.0,15.0,21.0,Silver / Black,,Air,False,Thermalright
Enermax Liqmax III 360 ARGB,,500.0,1600.0,14.0,27.0,Black,360.0,AIO,False,Enermax
ID-COOLING AURAFLOW X,,700.0,1800.0,18.0,35.2,Black,120.0,AIO,False,ID-COOLING
Jonsbo TW3-240,,800.0,1500.0,25.0,25.0,Black,240.0,AIO,False,Jonsbo
upHere CC2401-usa,,600.0,1700.0,16.1,27.7,Black,240.0,AIO,False,upHere
Lian Li Hydroshift II LCD-C TL,,200.0,2600.0,33.0,33.0,White,360.0,AIO,False,Lian Li
ID-COOLING SPACE LCD,,500.0,1800.0,35.2,35.2,Black,360.0,AIO,False,ID-COOLING
ID-COOLING ZOOMFLOW XT V2,,500.0,1800.0,13.8,35.2,Black,240.0,AIO,False,ID-COOLING
Thermalright Frozen Warframe PRO ARGB,,2000.0,2000.0,29.8,29.8,Black,360.0,AIO,False,Thermalright
Corsair iCUE H170i ELITE LCD XT,,500.0,1700.0,5.0,33.8,Black,420.0,AIO,False,Corsair
Zalman CNPS 7500 AlCu LED,,1150.0,2300.0,17.0,32.0,,,Air,False,Zalman
darkFlash Darkair,,800.0,1600.0,,,Black,,Air,False,darkFlash
Deepcool CASTLE 240EX A-RGB,,500.0,1800.0,30.0,30.0,Black,240.0,AIO,False,DeepCool
ID-COOLING SE-207,,700.0,1800.0,18.0,35.2,Black / White,,Air,False,ID-COOLING
Geometric Future Eskimo Junior 24,,2000.0,2000.0,29.0,29.0,White,240.0,AIO,False,Geometric Future
Thermalright Frozen Guardian,,2150.0,2150.0,27.0,27.0,White,360.0,AIO,False,Thermalright
Deepcool GAMMAXX 400 White,,900.0,1500.0,17.8,30.0,White,,Air,False,DeepCool
Zalman Alpha2 DS A24,,600.0,2000.0,29.7,29.7,White,240.0,AIO,False,Zalman
Ocypus Delta L24 ARGB,,500.0,2000.0,29.0,29.0,Black,240.0,AIO,False,Ocypus
Deepcool LUCIFER V2,,300.0,1400.0,12.6,31.1,,,Air,False,DeepCool
ID-COOLING FX360 PRO,1199.8,500.0,1800.0,35.2,35.2,Black,360.0,AIO,True,ID-COOLING
Scythe Fuma 3,1099.8,200.0,1500.0,4.0,28.6,Black / Silver,,Air,True,Scythe
Corsair H100i PRO RGB,,2400.0,2400.0,37.0,37.0,Black,240.0,AIO,False,Corsair
Deepcool CASTLE 240EX WHITE,,500.0,1800.0,32.1,32.1,White / Black,240.0,AIO,False,DeepCool
Thermaltake Water 3.0 Riing Red 140,,400.0,1500.0,18.5,26.4,Black / Red,140.0,AIO,False,Thermaltake
KOLINK Umbra Void,,2200.0,2200.0,30.0,30.0,Black,240.0,AIO,False,KOLINK
be quiet! Pure Loop 280,,,,22.5,38.1,Black,280.0,AIO,False,be quiet!
ARCTIC Freezer 33 eSports ONE (Black/White),,200.0,1800.0,24.4,24.4,Black / White,,Air,False,ARCTIC
Deepcool AG500 ARGB,,300.0,1850.0,29.4,29.4,Black / Silver,,Air,False,DeepCool
be quiet! Dark Rock Elite,2198.0,1500.0,2000.0,11.0,25.8,Black,,Air,True,be quiet!
Masscool 5T568S1H3,,4200.0,4200.0,31.8,31.8,,,Air,False,Masscool
NZXT Kraken Elite 280 RGB,7895.0,500.0,1500.0,34.48,34.48,White,280.0,AIO,True,NZXT
Ocypus Iota A40,699.8,500.0,2000.0,29.0,29.0,Black,,Air,True,Ocypus
Zalman CNPS9500 AT,,1300.0,2650.0,18.0,27.5,,,Air,False,Zalman
Corsair NAUTILUS 360 RS ARGB,2599.8,2100.0,2100.0,34.0,34.0,Black,360.0,AIO,True,Corsair
Gelid Solutions Rev. 2 Tranquillo,899.2,750.0,1500.0,12.0,25.5,,,Air,True,Gelid
Fractal Design Lumen S36 RGB V2,2599.8,500.0,2000.0,10.0,33.2,Black,360.0,AIO,True,Fractal Design
ID-COOLING SE-214-XT HAFF,,800.0,1500.0,30.5,30.5,Black,,Air,False,ID-COOLING
Deepcool AG620,,300.0,1850.0,29.4,29.4,Black / Silver,,Air,False,DeepCool
Lian Li Galahad II Lite RGB,1999.8,300.0,2500.0,34.8,34.8,Black,360.0,AIO,True,Lian Li
Cooler Master MasterLiquid Lite 120,,650.0,2000.0,6.0,30.0,,120.0,AIO,False,Cooler Master
Asus ROG Ryujin III ARGB,3799.8,600.0,2200.0,36.45,36.45,Black,240.0,AIO,True,ASUS
Noctua NH-D15 G2 HBC,3599.0,1500.0,1500.0,24.8,24.8,Brown / Silver,,Air,True,Noctua
ARCTIC Freezer 33 PENTA,,120.0,1350.0,22.5,22.5,,,Air,False,ARCTIC
Ocypus Iota L36,,500.0,2000.0,29.0,29.0,Black,360.0,AIO,False,Ocypus
ID-COOLING PINKFLOW 360,,900.0,2000.0,16.3,33.5,Pink,360.0,AIO,False,ID-COOLING
NZXT Kraken 280,2799.8,500.0,1500.0,19.4,32.1,Black,280.0,AIO,True,NZXT
Ocypus Iota L24,1679.8,500.0,2000.0,29.0,29.0,Black,240.0,AIO,True,Ocypus
ID-COOLING SE-904-XT SLIM,,600.0,2200.0,14.0,25.8,,,Air,False,ID-COOLING
Deepcool CAPTAIN 120 EX,,500.0,1800.0,17.6,31.3,,120.0,AIO,False,DeepCool
Evercool TRANSFORMER S,,2200.0,2200.0,20.0,20.0,,,Air,False,Evercool
Reeven Steropes RC-1206b,,500.0,2000.0,9.32,33.67,,,Air,False,Reeven
Alphacool Core Ocean T38,1120.0,,,0.0,34.3,Black,120.0,AIO,True,Alphacool
ID-COOLING AURAFLOW 240 SNOW,,700.0,1800.0,18.0,35.2,White,240.0,AIO,False,ID-COOLING
ARCTIC Freezer 4U-M,2169.19,400.0,2300.0,40.0,40.0,Black / Silver,,Air,True,ARCTIC
NZXT Kraken 240,1999.8,500.0,1800.0,17.9,30.6,Black,240.0,AIO,True,NZXT
Deepcool NEPTWIN V2.0,,1300.0,1300.0,26.6,26.6,,,Air,False,DeepCool
CRYORIG C7G,,600.0,2500.0,30.0,30.0,Black / Silver,,Air,False,CRYORIG
Cooler Master Hyper 612,,600.0,2000.0,9.0,36.0,,,Air,False,Cooler Master
be quiet! Pure Rock Pro 3,1098.0,2000.0,2000.0,14.0,34.8,Black,,Air,True,be quiet!
Prolimatech PRO-MGH-C,,,,26.0,26.0,,,Air,False,Prolimatech
Alpenföhn Silvretta,709.4,800.0,2800.0,,,,,Air,True,Alpenföhn
Silverstone Hydrogon H90 ARGB,1319.8,500.0,2600.0,11.3,34.6,Black / Silver,,Air,True,SilverStone
Asus ROG STRIX LC II ARGB,3099.8,800.0,2500.0,37.6,37.6,White / Black,360.0,AIO,True,ASUS
Noctua NH-U9B SE2,,1000.0,1600.0,7.9,17.6,,,Air,False,Noctua
ARCTIC Liquid Freezer III 420,3800.0,200.0,1700.0,,,Black,420.0,AIO,True,ARCTIC
ARCTIC Liquid Freezer III Pro,1419.6,600.0,3000.0,,,Black,240.0,AIO,True,ARCTIC
Silverstone Krypton KR01,719.8,800.0,3000.0,33.0,33.0,Black / Silver,,Air,True,SilverStone
Enermax LIQMAXFLO 420,2295.8,500.0,1700.0,25.47,25.47,Black,420.0,AIO,True,Enermax
Silverstone HE02-V2,,,,0.0,0.0,Silver,,Air,False,SilverStone
Lian Li Hydroshift II LCD-C TL,,200.0,2600.0,33.0,33.0,Black,360.0,AIO,False,Lian Li
Cooler Master Hyper 212 Halo,579.79,650.0,2050.0,27.0,27.0,Black,,Air,True,Cooler Master
Fractal Design Celsius S24,,500.0,2000.0,32.2,32.2,,240.0,AIO,False,Fractal Design
GAMDIAS CHIONE P3-240U,,800.0,2000.0,10.0,31.0,Black,240.0,AIO,False,GAMDIAS
RAIJINTEK LETO R,,800.0,1800.0,29.0,29.0,Black / Red,,Air,False,RAIJINTEK
Fractal Design Celsius S36 Blackout,,500.0,2000.0,32.2,32.2,Black,360.0,AIO,False,Fractal Design
ARCTIC Freezer 36 A-RGB,967.4,200.0,2000.0,,,Black,,Air,True,ARCTIC
Thermaltake Floe DX RGB 240 TT Premium Edition,3799.8,500.0,1500.0,19.0,23.9,Black / Gray,240.0,AIO,True,Thermaltake
Logisys IC211HTPC,,2600.0,2600.0,28.0,28.0,,,Air,False,Logisys
Corsair iCUE H150i ELITE CAPELLIX,,2400.0,2400.0,10.0,37.0,White,360.0,AIO,False,Corsair
ID-COOLING SE-206-XT,,700.0,1800.0,35.2,35.2,Black / Silver,,Air,False,ID-COOLING
Iceberg Thermal IceSLEET G6 Stealth,799.8,600.0,1400.0,26.0,26.0,Black / Blue,,Air,True,Iceberg Thermal
Deepcool R-AN600-BKNNMN-G,,500.0,1850.0,20.0,24.4,Black / Silver,,Air,False,DeepCool
SilentiumPC Fortis 5 Dual Fan,,300.0,1400.0,,,Black / Silver,,Air,False,SilentiumPC
MSI MAG CORELIQUID R,,500.0,2000.0,14.3,34.3,Black,120.0,AIO,False,MSI
StarTech FAN1156PWM,479.79,1000.0,3000.0,33.0,33.0,,,Air,True,Desconocida
Thermalright Frozen Magic EX,,1850.0,1850.0,29.6,29.6,Black,120.0,AIO,False,Thermalright
GameMax Iceberg 240,,600.0,1800.0,25.0,32.0,Black,240.0,AIO,False,GameMax
Xigmatek Praeton LD963,,1200.0,2800.0,22.0,22.0,,,Air,False,Xigmatek
Scythe Mugen 5 TUF Gaming Alliance,,300.0,1200.0,4.0,24.9,Brown / Black,,Air,False,Scythe
AMD Wraith Prism,1247.0,2800.0,2800.0,42.0,42.0,,,Air,True,AMD
Noctua NH-U12S,1699.0,300.0,1500.0,18.6,22.4,,,Air,True,Noctua
Raidmax Cobra 240,,500.0,1800.0,21.2,21.2,,240.0,AIO,False,Desconocida
Xilence M504D,2000.0,600.0,2200.0,14.0,21.8,Red / Black,,Air,True,Xilence
Mars Gaming ML-ULTRA360,,600.0,1800.0,9.0,26.0,Black,360.0,AIO,False,Mars Gaming
Phanteks GLACIER ONE 240D30,,250.0,2000.0,30.2,30.2,White,240.0,AIO,False,Phanteks
ID-COOLING FX360 ARGB,,500.0,1800.0,35.2,35.2,Black,360.0,AIO,False,ID-COOLING
Cooler Master MasterLiquid 240L Core,4740.0,650.0,1750.0,27.2,27.2,Black,240.0,AIO,True,Cooler Master
Silverstone IceMyst 280,2282.0,400.0,1750.0,13.3,30.8,Silver / Black,280.0,AIO,True,SilverStone
Thermaltake UX200 SE ARGB,639.79,800.0,1800.0,25.0,25.0,White,,Air,True,Thermaltake
Mars Gaming MCPU-XTW,,800.0,1600.0,9.0,26.0,White,,Air,False,Mars Gaming
EVGA CLCx 280,4538.39,,,35.0,35.0,Black,280.0,AIO,True,EVGA
ARCTIC Freezer 8i,1010.6,200.0,2300.0,,,Black / Silver,,Air,True,ARCTIC
Silverstone IceMyst 420,3751.2,400.0,1750.0,13.3,30.8,Silver / Black,420.0,AIO,True,SilverStone
Noua Siberus TR360,,800.0,1800.0,25.0,32.0,Black,360.0,AIO,False,Noua
Noctua NH-D9L,1699.0,400.0,2000.0,16.3,22.8,,,Air,True,Noctua
ARCTIC Alpine 64 PLUS,,600.0,2000.0,,,,,Air,False,ARCTIC
Fractal Design Celsius+ S36 Dynamic X2 PWM,,500.0,2000.0,32.2,32.2,Black,360.0,AIO,False,Fractal Design
Lian Li GALAHAD AIO 240 RGB,,800.0,1900.0,,,Black / Silver,240.0,AIO,False,Lian Li
ARCTIC Freezer 33 eSports ONE (Black/Red),,200.0,1800.0,24.4,24.4,Black / Red,,Air,False,ARCTIC
Geometric Future Eskimo Pro 36,1598.0,2000.0,2000.0,34.2,34.2,Black,360.0,AIO,True,Geometric Future
Gigabyte AORUS LIQUID COOLER,,2500.0,2500.0,18.0,39.5,Black,360.0,AIO,False,Gigabyte
Cooler Master I30,259.8,2600.0,2600.0,28.0,28.0,Black / Silver,,Air,True,Cooler Master
Deepcool GAMMAXX L360 A-RGB,,500.0,1800.0,30.0,30.0,Black,360.0,AIO,False,DeepCool
ENDORFY Spartan 5,330.0,250.0,1500.0,,,Black / Silver,,Air,True,ENDORFY
Cooler Master Hyper 212 LED,1399.6,600.0,1600.0,9.0,31.0,,,Air,True,Cooler Master
ARCTIC Liquid Freezer II 360,,800.0,2000.0,,,Black,360.0,AIO,False,ARCTIC
NZXT Kraken Elite 360 RGB,,500.0,1800.0,17.9,30.6,White,360.0,AIO,False,NZXT
ARCTIC Liquid Freezer III 240,,200.0,1800.0,,,Black,240.0,AIO,False,ARCTIC
ID-COOLING FROZN A610,,500.0,2000.0,29.9,29.9,Black,,Air,False,ID-COOLING
EVGA CLCx 360,3899.8,,,35.0,35.0,Black,360.0,AIO,True,EVGA
Phanteks PH-TC12ST5_DBK01,,400.0,2000.0,35.7,35.7,,,Air,False,Phanteks
Enermax LIQMAXFLO SR 240,2326.19,500.0,1800.0,23.46,23.46,Black,240.0,AIO,True,Enermax
Phanteks PH-TC14S_BK,,500.0,1600.0,25.3,25.3,,,Air,False,Phanteks
Thermalright Assassin King SE,379.6,1550.0,1550.0,25.6,25.6,Silver / Gray,,Air,True,Thermalright
Noua Arcade,,700.0,1800.0,37.1,37.1,Black,,Air,False,Noua
Antec VORTEX 240,4539.8,600.0,2000.0,31.24,31.24,Black,240.0,AIO,True,Antec
Silverstone VIDA 240 SLIM,2917.4,300.0,1800.0,15.9,33.9,Black,240.0,AIO,True,SilverStone
Enermax ETS-T50 AXE (Black),,800.0,1800.0,18.9,25.0,,,Air,False,Enermax
Thermalright Frozen Prism,1137.8,1850.0,1850.0,27.0,27.0,Black,360.0,AIO,True,Thermalright
Thermaltake Water 3.0 240 ARGB Sync,,500.0,1500.0,25.8,25.8,Black,240.0,AIO,False,Thermaltake
ENDORFY Navis F360 ARGB,3010.8,250.0,1800.0,,,Black,360.0,AIO,True,ENDORFY
Cooler Master MasterLiquid ML240L ARGB V2,,650.0,1800.0,8.0,27.0,White,240.0,AIO,False,Cooler Master
Scythe SCKZT-1000,,800.0,3300.0,8.2,32.5,,,Air,False,Scythe
Thermalright Frozen Warframe PRO ARGB,2198.0,2000.0,2000.0,29.8,29.8,White / Blue,360.0,AIO,True,Thermalright
Cooler Master Hyper T2,,2800.0,2800.0,17.0,35.0,,,Air,False,Cooler Master
ID-COOLING FROSTFLOW+ 240 SNOW,,700.0,1500.0,18.0,26.4,White,240.0,AIO,False,ID-COOLING
Nexus FLC-3000 R2,,900.0,2500.0,15.0,24.0,,,Air,False,Desconocida
ARCTIC Liquid Freezer III 240 A-RGB,2398.19,200.0,2000.0,,,Black,240.0,AIO,True,ARCTIC
MSI CORE FROZR L,,500.0,1800.0,17.2,33.6,,,Air,False,MSI
RAIJINTEK LETO RGB,575.0,800.0,1800.0,25.0,25.0,Black / Silver,,Air,True,RAIJINTEK
SilentiumPC Fortis 5,,300.0,1400.0,,,Black / Silver,,Air,False,SilentiumPC
ARCTIC Liquid Freezer II 420,,200.0,1700.0,,,Black,420.0,AIO,False,ARCTIC
Xigmatek Gaia II,,800.0,1500.0,16.0,24.0,,,Air,False,Xigmatek
ID-COOLING SE-914-XT BASIC V2,,600.0,2200.0,,,,,Air,False,ID-COOLING
Mars Gaming ML-ONE,,600.0,1800.0,9.0,26.0,White,240.0,AIO,False,Mars Gaming
MSI MAG CORELIQUID I360,2998.8,,,,,White,360.0,AIO,True,MSI
be quiet! Pure Rock 2 Black,998.0,1500.0,1500.0,19.1,26.8,Black,,Air,True,be quiet!
Dynatron K129,899.0,,,0.0,0.0,Orange,,Air,True,Dynatron
Mars Gaming ML-ONE,,600.0,1800.0,9.0,26.0,Black,120.0,AIO,False,Mars Gaming
Inter-Tech ALSEYE H120,,800.0,2000.0,13.5,35.2,Black,120.0,AIO,False,Inter-Tech
Thermalright Assassin King 120 Plus,,1500.0,1500.0,25.6,25.6,Black / Silver,,Air,False,Thermalright
